EmbeddingFactory: EMBEDDING_ENABLED=false - embeddings disabled (fail-closed)
No sentence-transformers model found with name sentence-transformers/bge-m3-v1. Creating a new one with mean pooling.
L2_CACHE: SentenceTransformerEmbeddingFunction unavailable (We couldn't connect to 'https://huggingface.co' to load the files, and couldn't find them in the cached files.
Check your internet connection or see how to run the library in offline mode at 'https://huggingface.co/docs/transformers/installation#offline-mode'.) — using ChromaDB default EF

L1 warmup: 0row [00:00, ?row/s]
L1 warmup: 0row [00:00, ?row/s]

Loading weights:   0%|          | 0/391 [00:00<?, ?it/s]
Loading weights:   0%|          | 1/391 [00:00<?, ?it/s, Materializing param=embeddings.LayerNorm.bias]
Loading weights:   0%|          | 1/391 [00:00<?, ?it/s, Materializing param=embeddings.LayerNorm.bias]
Loading weights:   1%|          | 2/391 [00:00<?, ?it/s, Materializing param=embeddings.LayerNorm.weight]
Loading weights:   1%|          | 2/391 [00:00<?, ?it/s, Materializing param=embeddings.LayerNorm.weight]
Loading weights:   1%|          | 3/391 [00:00<?, ?it/s, Materializing param=embeddings.position_embeddings.weight]
Loading weights:   1%|          | 3/391 [00:00<?, ?it/s, Materializing param=embeddings.position_embeddings.weight]
Loading weights:   1%|          | 4/391 [00:00<00:00, 4000.29it/s, Materializing param=embeddings.token_type_embeddings.weight]
Loading weights:   1%|          | 4/391 [00:00<00:00, 4000.29it/s, Materializing param=embeddings.token_type_embeddings.weight]
Loading weights:   1%|▏         | 5/391 [00:00<00:00, 5000.36it/s, Materializing param=embeddings.word_embeddings.weight]      
Loading weights:   1%|▏         | 5/391 [00:00<00:00, 5000.36it/s, Materializing param=embeddings.word_embeddings.weight]
Loading weights:   2%|▏         | 6/391 [00:00<00:00, 6000.43it/s, Materializing param=encoder.layer.0.attention.output.LayerNorm.bias]
Loading weights:   2%|▏         | 6/391 [00:00<00:00, 6000.43it/s, Materializing param=encoder.layer.0.attention.output.LayerNorm.bias]
Loading weights:   2%|▏         | 7/391 [00:00<00:00, 7000.51it/s, Materializing param=encoder.layer.0.attention.output.LayerNorm.weight]
Loading weights:   2%|▏         | 7/391 [00:00<00:00, 7000.51it/s, Materializing param=encoder.layer.0.attention.output.LayerNorm.weight]
Loading weights:   2%|▏         | 8/391 [00:00<00:00, 8000.58it/s, Materializing param=encoder.layer.0.attention.output.dense.bias]      
Loading weights:   2%|▏         | 8/391 [00:00<00:00, 8000.58it/s, Materializing param=encoder.layer.0.attention.output.dense.bias]
Loading weights:   2%|▏         | 9/391 [00:00<00:00, 9000.65it/s, Materializing param=encoder.layer.0.attention.output.dense.weight]
Loading weights:   2%|▏         | 9/391 [00:00<00:00, 9000.65it/s, Materializing param=encoder.layer.0.attention.output.dense.weight]
Loading weights:   3%|▎         | 10/391 [00:00<00:00, 10000.72it/s, Materializing param=encoder.layer.0.attention.self.key.bias]    
Loading weights:   3%|▎         | 10/391 [00:00<00:00, 10000.72it/s, Materializing param=encoder.layer.0.attention.self.key.bias]
Loading weights:   3%|▎         | 11/391 [00:00<00:00, 11000.80it/s, Materializing param=encoder.layer.0.attention.self.key.weight]
Loading weights:   3%|▎         | 11/391 [00:00<00:00, 5501.05it/s, Materializing param=encoder.layer.0.attention.self.key.weight] 
Loading weights:   3%|▎         | 12/391 [00:00<00:00, 6001.15it/s, Materializing param=encoder.layer.0.attention.self.query.bias]
Loading weights:   3%|▎         | 12/391 [00:00<00:00, 6001.15it/s, Materializing param=encoder.layer.0.attention.self.query.bias]
Loading weights:   3%|▎         | 13/391 [00:00<00:00, 6501.25it/s, Materializing param=encoder.layer.0.attention.self.query.weight]
Loading weights:   3%|▎         | 13/391 [00:00<00:00, 6501.25it/s, Materializing param=encoder.layer.0.attention.self.query.weight]
Loading weights:   4%|▎         | 14/391 [00:00<00:00, 7001.34it/s, Materializing param=encoder.layer.0.attention.self.value.bias]  
Loading weights:   4%|▎         | 14/391 [00:00<00:00, 7001.34it/s, Materializing param=encoder.layer.0.attention.self.value.bias]
Loading weights:   4%|▍         | 15/391 [00:00<00:00, 7501.44it/s, Materializing param=encoder.layer.0.attention.self.value.weight]
Loading weights:   4%|▍         | 15/391 [00:00<00:00, 7501.44it/s, Materializing param=encoder.layer.0.attention.self.value.weight]
Loading weights:   4%|▍         | 16/391 [00:00<00:00, 8001.53it/s, Materializing param=encoder.layer.0.intermediate.dense.bias]    
Loading weights:   4%|▍         | 16/391 [00:00<00:00, 8001.53it/s, Materializing param=encoder.layer.0.intermediate.dense.bias]
Loading weights:   4%|▍         | 17/391 [00:00<00:00, 8501.63it/s, Materializing param=encoder.layer.0.intermediate.dense.weight]
Loading weights:   4%|▍         | 17/391 [00:00<00:00, 8501.63it/s, Materializing param=encoder.layer.0.intermediate.dense.weight]
Loading weights:   5%|▍         | 18/391 [00:00<00:00, 9001.73it/s, Materializing param=encoder.layer.0.output.LayerNorm.bias]    
Loading weights:   5%|▍         | 18/391 [00:00<00:00, 9001.73it/s, Materializing param=encoder.layer.0.output.LayerNorm.bias]
Loading weights:   5%|▍         | 19/391 [00:00<00:00, 9501.82it/s, Materializing param=encoder.layer.0.output.LayerNorm.weight]
Loading weights:   5%|▍         | 19/391 [00:00<00:00, 9501.82it/s, Materializing param=encoder.layer.0.output.LayerNorm.weight]
Loading weights:   5%|▌         | 20/391 [00:00<00:00, 10001.92it/s, Materializing param=encoder.layer.0.output.dense.bias]     
Loading weights:   5%|▌         | 20/391 [00:00<00:00, 10001.92it/s, Materializing param=encoder.layer.0.output.dense.bias]
Loading weights:   5%|▌         | 21/391 [00:00<00:00, 10502.01it/s, Materializing param=encoder.layer.0.output.dense.weight]
Loading weights:   5%|▌         | 21/391 [00:00<00:00, 10502.01it/s, Materializing param=encoder.layer.0.output.dense.weight]
Loading weights:   6%|▌         | 22/391 [00:00<00:00, 11002.11it/s, Materializing param=encoder.layer.1.attention.output.LayerNorm.bias]
Loading weights:   6%|▌         | 22/391 [00:00<00:00, 11002.11it/s, Materializing param=encoder.layer.1.attention.output.LayerNorm.bias]
Loading weights:   6%|▌         | 23/391 [00:00<00:00, 11502.20it/s, Materializing param=encoder.layer.1.attention.output.LayerNorm.weight]
Loading weights:   6%|▌         | 23/391 [00:00<00:00, 11502.20it/s, Materializing param=encoder.layer.1.attention.output.LayerNorm.weight]
Loading weights:   6%|▌         | 24/391 [00:00<00:00, 12002.30it/s, Materializing param=encoder.layer.1.attention.output.dense.bias]      
Loading weights:   6%|▌         | 24/391 [00:00<00:00, 12002.30it/s, Materializing param=encoder.layer.1.attention.output.dense.bias]
Loading weights:   6%|▋         | 25/391 [00:00<00:00, 12502.40it/s, Materializing param=encoder.layer.1.attention.output.dense.weight]
Loading weights:   6%|▋         | 25/391 [00:00<00:00, 12502.40it/s, Materializing param=encoder.layer.1.attention.output.dense.weight]
Loading weights:   7%|▋         | 26/391 [00:00<00:00, 13002.49it/s, Materializing param=encoder.layer.1.attention.self.key.bias]      
Loading weights:   7%|▋         | 26/391 [00:00<00:00, 13002.49it/s, Materializing param=encoder.layer.1.attention.self.key.bias]
Loading weights:   7%|▋         | 27/391 [00:00<00:00, 13502.59it/s, Materializing param=encoder.layer.1.attention.self.key.weight]
Loading weights:   7%|▋         | 27/391 [00:00<00:00, 13502.59it/s, Materializing param=encoder.layer.1.attention.self.key.weight]
Loading weights:   7%|▋         | 28/391 [00:00<00:00, 14002.68it/s, Materializing param=encoder.layer.1.attention.self.query.bias]
Loading weights:   7%|▋         | 28/391 [00:00<00:00, 14002.68it/s, Materializing param=encoder.layer.1.attention.self.query.bias]
Loading weights:   7%|▋         | 29/391 [00:00<00:00, 14502.78it/s, Materializing param=encoder.layer.1.attention.self.query.weight]
Loading weights:   7%|▋         | 29/391 [00:00<00:00, 9668.14it/s, Materializing param=encoder.layer.1.attention.self.query.weight] 
Loading weights:   8%|▊         | 30/391 [00:00<00:00, 10001.52it/s, Materializing param=encoder.layer.1.attention.self.value.bias] 
Loading weights:   8%|▊         | 30/391 [00:00<00:00, 10001.52it/s, Materializing param=encoder.layer.1.attention.self.value.bias]
Loading weights:   8%|▊         | 31/391 [00:00<00:00, 10334.90it/s, Materializing param=encoder.layer.1.attention.self.value.weight]
Loading weights:   8%|▊         | 31/391 [00:00<00:00, 10334.90it/s, Materializing param=encoder.layer.1.attention.self.value.weight]
Loading weights:   8%|▊         | 32/391 [00:00<00:00, 10668.29it/s, Materializing param=encoder.layer.1.intermediate.dense.bias]    
Loading weights:   8%|▊         | 32/391 [00:00<00:00, 10668.29it/s, Materializing param=encoder.layer.1.intermediate.dense.bias]
Loading weights:   8%|▊         | 33/391 [00:00<00:00, 11001.67it/s, Materializing param=encoder.layer.1.intermediate.dense.weight]
Loading weights:   8%|▊         | 33/391 [00:00<00:00, 11001.67it/s, Materializing param=encoder.layer.1.intermediate.dense.weight]
Loading weights:   9%|▊         | 34/391 [00:00<00:00, 11335.06it/s, Materializing param=encoder.layer.1.output.LayerNorm.bias]    
Loading weights:   9%|▊         | 34/391 [00:00<00:00, 11335.06it/s, Materializing param=encoder.layer.1.output.LayerNorm.bias]
Loading weights:   9%|▉         | 35/391 [00:00<00:00, 11668.44it/s, Materializing param=encoder.layer.1.output.LayerNorm.weight]
Loading weights:   9%|▉         | 35/391 [00:00<00:00, 6998.17it/s, Materializing param=encoder.layer.1.output.LayerNorm.weight] 
Loading weights:   9%|▉         | 36/391 [00:00<00:00, 7198.12it/s, Materializing param=encoder.layer.1.output.dense.bias]      
Loading weights:   9%|▉         | 36/391 [00:00<00:00, 7198.12it/s, Materializing param=encoder.layer.1.output.dense.bias]
Loading weights:   9%|▉         | 37/391 [00:00<00:00, 7398.07it/s, Materializing param=encoder.layer.1.output.dense.weight]
Loading weights:   9%|▉         | 37/391 [00:00<00:00, 7398.07it/s, Materializing param=encoder.layer.1.output.dense.weight]
Loading weights:  10%|▉         | 38/391 [00:00<00:00, 7598.01it/s, Materializing param=encoder.layer.2.attention.output.LayerNorm.bias]
Loading weights:  10%|▉         | 38/391 [00:00<00:00, 7598.01it/s, Materializing param=encoder.layer.2.attention.output.LayerNorm.bias]
Loading weights:  10%|▉         | 39/391 [00:00<00:00, 7797.96it/s, Materializing param=encoder.layer.2.attention.output.LayerNorm.weight]
Loading weights:  10%|▉         | 39/391 [00:00<00:00, 7797.96it/s, Materializing param=encoder.layer.2.attention.output.LayerNorm.weight]
Loading weights:  10%|█         | 40/391 [00:00<00:00, 7997.91it/s, Materializing param=encoder.layer.2.attention.output.dense.bias]      
Loading weights:  10%|█         | 40/391 [00:00<00:00, 7997.91it/s, Materializing param=encoder.layer.2.attention.output.dense.bias]
Loading weights:  10%|█         | 41/391 [00:00<00:00, 8197.86it/s, Materializing param=encoder.layer.2.attention.output.dense.weight]
Loading weights:  10%|█         | 41/391 [00:00<00:00, 8197.86it/s, Materializing param=encoder.layer.2.attention.output.dense.weight]
Loading weights:  11%|█         | 42/391 [00:00<00:00, 8397.81it/s, Materializing param=encoder.layer.2.attention.self.key.bias]      
Loading weights:  11%|█         | 42/391 [00:00<00:00, 8397.81it/s, Materializing param=encoder.layer.2.attention.self.key.bias]
Loading weights:  11%|█         | 43/391 [00:00<00:00, 8597.75it/s, Materializing param=encoder.layer.2.attention.self.key.weight]
Loading weights:  11%|█         | 43/391 [00:00<00:00, 8597.75it/s, Materializing param=encoder.layer.2.attention.self.key.weight]
Loading weights:  11%|█▏        | 44/391 [00:00<00:00, 8797.70it/s, Materializing param=encoder.layer.2.attention.self.query.bias]
Loading weights:  11%|█▏        | 44/391 [00:00<00:00, 8797.70it/s, Materializing param=encoder.layer.2.attention.self.query.bias]
Loading weights:  12%|█▏        | 45/391 [00:00<00:00, 8997.65it/s, Materializing param=encoder.layer.2.attention.self.query.weight]
Loading weights:  12%|█▏        | 45/391 [00:00<00:00, 8997.65it/s, Materializing param=encoder.layer.2.attention.self.query.weight]
Loading weights:  12%|█▏        | 46/391 [00:00<00:00, 9197.60it/s, Materializing param=encoder.layer.2.attention.self.value.bias]  
Loading weights:  12%|█▏        | 46/391 [00:00<00:00, 7256.85it/s, Materializing param=encoder.layer.2.attention.self.value.bias]
Loading weights:  12%|█▏        | 47/391 [00:00<00:00, 7414.61it/s, Materializing param=encoder.layer.2.attention.self.value.weight]
Loading weights:  12%|█▏        | 47/391 [00:00<00:00, 7414.61it/s, Materializing param=encoder.layer.2.attention.self.value.weight]
Loading weights:  12%|█▏        | 48/391 [00:00<00:00, 7572.37it/s, Materializing param=encoder.layer.2.intermediate.dense.bias]    
Loading weights:  12%|█▏        | 48/391 [00:00<00:00, 7572.37it/s, Materializing param=encoder.layer.2.intermediate.dense.bias]
Loading weights:  13%|█▎        | 49/391 [00:00<00:00, 7730.13it/s, Materializing param=encoder.layer.2.intermediate.dense.weight]
Loading weights:  13%|█▎        | 49/391 [00:00<00:00, 7730.13it/s, Materializing param=encoder.layer.2.intermediate.dense.weight]
Loading weights:  13%|█▎        | 50/391 [00:00<00:00, 7887.89it/s, Materializing param=encoder.layer.2.output.LayerNorm.bias]    
Loading weights:  13%|█▎        | 50/391 [00:00<00:00, 7887.89it/s, Materializing param=encoder.layer.2.output.LayerNorm.bias]
Loading weights:  13%|█▎        | 51/391 [00:00<00:00, 8045.64it/s, Materializing param=encoder.layer.2.output.LayerNorm.weight]
Loading weights:  13%|█▎        | 51/391 [00:00<00:00, 8045.64it/s, Materializing param=encoder.layer.2.output.LayerNorm.weight]
Loading weights:  13%|█▎        | 52/391 [00:00<00:00, 8203.40it/s, Materializing param=encoder.layer.2.output.dense.bias]      
Loading weights:  13%|█▎        | 52/391 [00:00<00:00, 8203.40it/s, Materializing param=encoder.layer.2.output.dense.bias]
Loading weights:  14%|█▎        | 53/391 [00:00<00:00, 8361.16it/s, Materializing param=encoder.layer.2.output.dense.weight]
Loading weights:  14%|█▎        | 53/391 [00:00<00:00, 8361.16it/s, Materializing param=encoder.layer.2.output.dense.weight]
Loading weights:  14%|█▍        | 54/391 [00:00<00:00, 8518.92it/s, Materializing param=encoder.layer.3.attention.output.LayerNorm.bias]
Loading weights:  14%|█▍        | 54/391 [00:00<00:00, 8518.92it/s, Materializing param=encoder.layer.3.attention.output.LayerNorm.bias]
Loading weights:  14%|█▍        | 55/391 [00:00<00:00, 8676.67it/s, Materializing param=encoder.layer.3.attention.output.LayerNorm.weight]
Loading weights:  14%|█▍        | 55/391 [00:00<00:00, 8676.67it/s, Materializing param=encoder.layer.3.attention.output.LayerNorm.weight]
Loading weights:  14%|█▍        | 56/391 [00:00<00:00, 8834.43it/s, Materializing param=encoder.layer.3.attention.output.dense.bias]      
Loading weights:  14%|█▍        | 56/391 [00:00<00:00, 8834.43it/s, Materializing param=encoder.layer.3.attention.output.dense.bias]
Loading weights:  15%|█▍        | 57/391 [00:00<00:00, 8992.19it/s, Materializing param=encoder.layer.3.attention.output.dense.weight]
Loading weights:  15%|█▍        | 57/391 [00:00<00:00, 8992.19it/s, Materializing param=encoder.layer.3.attention.output.dense.weight]
Loading weights:  15%|█▍        | 58/391 [00:00<00:00, 9149.95it/s, Materializing param=encoder.layer.3.attention.self.key.bias]      
Loading weights:  15%|█▍        | 58/391 [00:00<00:00, 9149.95it/s, Materializing param=encoder.layer.3.attention.self.key.bias]
Loading weights:  15%|█▌        | 59/391 [00:00<00:00, 9307.70it/s, Materializing param=encoder.layer.3.attention.self.key.weight]
Loading weights:  15%|█▌        | 59/391 [00:00<00:00, 9307.70it/s, Materializing param=encoder.layer.3.attention.self.key.weight]
Loading weights:  15%|█▌        | 60/391 [00:00<00:00, 9465.46it/s, Materializing param=encoder.layer.3.attention.self.query.bias]
Loading weights:  15%|█▌        | 60/391 [00:00<00:00, 9465.46it/s, Materializing param=encoder.layer.3.attention.self.query.bias]
Loading weights:  16%|█▌        | 61/391 [00:00<00:00, 9623.22it/s, Materializing param=encoder.layer.3.attention.self.query.weight]
Loading weights:  16%|█▌        | 61/391 [00:00<00:00, 9623.22it/s, Materializing param=encoder.layer.3.attention.self.query.weight]
Loading weights:  16%|█▌        | 62/391 [00:00<00:00, 9780.98it/s, Materializing param=encoder.layer.3.attention.self.value.bias]  
Loading weights:  16%|█▌        | 62/391 [00:00<00:00, 9780.98it/s, Materializing param=encoder.layer.3.attention.self.value.bias]
Loading weights:  16%|█▌        | 63/391 [00:00<00:00, 9938.74it/s, Materializing param=encoder.layer.3.attention.self.value.weight]
Loading weights:  16%|█▌        | 63/391 [00:00<00:00, 9938.74it/s, Materializing param=encoder.layer.3.attention.self.value.weight]
Loading weights:  16%|█▋        | 64/391 [00:00<00:00, 10096.49it/s, Materializing param=encoder.layer.3.intermediate.dense.bias]   
Loading weights:  16%|█▋        | 64/391 [00:00<00:00, 10096.49it/s, Materializing param=encoder.layer.3.intermediate.dense.bias]
Loading weights:  17%|█▋        | 65/391 [00:00<00:00, 10254.25it/s, Materializing param=encoder.layer.3.intermediate.dense.weight]
Loading weights:  17%|█▋        | 65/391 [00:00<00:00, 10254.25it/s, Materializing param=encoder.layer.3.intermediate.dense.weight]
Loading weights:  17%|█▋        | 66/391 [00:00<00:00, 10412.01it/s, Materializing param=encoder.layer.3.output.LayerNorm.bias]    
Loading weights:  17%|█▋        | 66/391 [00:00<00:00, 10412.01it/s, Materializing param=encoder.layer.3.output.LayerNorm.bias]
Loading weights:  17%|█▋        | 67/391 [00:00<00:00, 10569.77it/s, Materializing param=encoder.layer.3.output.LayerNorm.weight]
Loading weights:  17%|█▋        | 67/391 [00:00<00:00, 9131.38it/s, Materializing param=encoder.layer.3.output.LayerNorm.weight] 
Loading weights:  17%|█▋        | 68/391 [00:00<00:00, 9267.67it/s, Materializing param=encoder.layer.3.output.dense.bias]      
Loading weights:  17%|█▋        | 68/391 [00:00<00:00, 9267.67it/s, Materializing param=encoder.layer.3.output.dense.bias]
Loading weights:  18%|█▊        | 69/391 [00:00<00:00, 9403.96it/s, Materializing param=encoder.layer.3.output.dense.weight]
Loading weights:  18%|█▊        | 69/391 [00:00<00:00, 9403.96it/s, Materializing param=encoder.layer.3.output.dense.weight]
Loading weights:  18%|█▊        | 70/391 [00:00<00:00, 9540.25it/s, Materializing param=encoder.layer.4.attention.output.LayerNorm.bias]
Loading weights:  18%|█▊        | 70/391 [00:00<00:00, 9540.25it/s, Materializing param=encoder.layer.4.attention.output.LayerNorm.bias]
Loading weights:  18%|█▊        | 71/391 [00:00<00:00, 9676.54it/s, Materializing param=encoder.layer.4.attention.output.LayerNorm.weight]
Loading weights:  18%|█▊        | 71/391 [00:00<00:00, 9676.54it/s, Materializing param=encoder.layer.4.attention.output.LayerNorm.weight]
Loading weights:  18%|█▊        | 72/391 [00:00<00:00, 9812.83it/s, Materializing param=encoder.layer.4.attention.output.dense.bias]      
Loading weights:  18%|█▊        | 72/391 [00:00<00:00, 9812.83it/s, Materializing param=encoder.layer.4.attention.output.dense.bias]
Loading weights:  19%|█▊        | 73/391 [00:00<00:00, 9949.12it/s, Materializing param=encoder.layer.4.attention.output.dense.weight]
Loading weights:  19%|█▊        | 73/391 [00:00<00:00, 9949.12it/s, Materializing param=encoder.layer.4.attention.output.dense.weight]
Loading weights:  19%|█▉        | 74/391 [00:00<00:00, 10085.41it/s, Materializing param=encoder.layer.4.attention.self.key.bias]     
Loading weights:  19%|█▉        | 74/391 [00:00<00:00, 10085.41it/s, Materializing param=encoder.layer.4.attention.self.key.bias]
Loading weights:  19%|█▉        | 75/391 [00:00<00:00, 10221.70it/s, Materializing param=encoder.layer.4.attention.self.key.weight]
Loading weights:  19%|█▉        | 75/391 [00:00<00:00, 10221.70it/s, Materializing param=encoder.layer.4.attention.self.key.weight]
Loading weights:  19%|█▉        | 76/391 [00:00<00:00, 10357.99it/s, Materializing param=encoder.layer.4.attention.self.query.bias]
Loading weights:  19%|█▉        | 76/391 [00:00<00:00, 10357.99it/s, Materializing param=encoder.layer.4.attention.self.query.bias]
Loading weights:  20%|█▉        | 77/391 [00:00<00:00, 10494.28it/s, Materializing param=encoder.layer.4.attention.self.query.weight]
Loading weights:  20%|█▉        | 77/391 [00:00<00:00, 10494.28it/s, Materializing param=encoder.layer.4.attention.self.query.weight]
Loading weights:  20%|█▉        | 78/391 [00:00<00:00, 9949.39it/s, Materializing param=encoder.layer.4.attention.self.value.bias]   
Loading weights:  20%|█▉        | 78/391 [00:00<00:00, 9949.39it/s, Materializing param=encoder.layer.4.attention.self.value.bias]
Loading weights:  20%|██        | 79/391 [00:00<00:00, 10076.94it/s, Materializing param=encoder.layer.4.attention.self.value.weight]
Loading weights:  20%|██        | 79/391 [00:00<00:00, 10076.94it/s, Materializing param=encoder.layer.4.attention.self.value.weight]
Loading weights:  20%|██        | 80/391 [00:00<00:00, 10204.50it/s, Materializing param=encoder.layer.4.intermediate.dense.bias]    
Loading weights:  20%|██        | 80/391 [00:00<00:00, 10204.50it/s, Materializing param=encoder.layer.4.intermediate.dense.bias]
Loading weights:  21%|██        | 81/391 [00:00<00:00, 10332.05it/s, Materializing param=encoder.layer.4.intermediate.dense.weight]
Loading weights:  21%|██        | 81/391 [00:00<00:00, 10332.05it/s, Materializing param=encoder.layer.4.intermediate.dense.weight]
Loading weights:  21%|██        | 82/391 [00:00<00:00, 10459.61it/s, Materializing param=encoder.layer.4.output.LayerNorm.bias]    
Loading weights:  21%|██        | 82/391 [00:00<00:00, 10459.61it/s, Materializing param=encoder.layer.4.output.LayerNorm.bias]
Loading weights:  21%|██        | 83/391 [00:00<00:00, 10587.17it/s, Materializing param=encoder.layer.4.output.LayerNorm.weight]
Loading weights:  21%|██        | 83/391 [00:00<00:00, 10587.17it/s, Materializing param=encoder.layer.4.output.LayerNorm.weight]
Loading weights:  21%|██▏       | 84/391 [00:00<00:00, 10714.72it/s, Materializing param=encoder.layer.4.output.dense.bias]      
Loading weights:  21%|██▏       | 84/391 [00:00<00:00, 10714.72it/s, Materializing param=encoder.layer.4.output.dense.bias]
Loading weights:  22%|██▏       | 85/391 [00:00<00:00, 10842.28it/s, Materializing param=encoder.layer.4.output.dense.weight]
Loading weights:  22%|██▏       | 85/391 [00:00<00:00, 10842.28it/s, Materializing param=encoder.layer.4.output.dense.weight]
Loading weights:  22%|██▏       | 86/391 [00:00<00:00, 10969.84it/s, Materializing param=encoder.layer.5.attention.output.LayerNorm.bias]
Loading weights:  22%|██▏       | 86/391 [00:00<00:00, 10969.84it/s, Materializing param=encoder.layer.5.attention.output.LayerNorm.bias]
Loading weights:  22%|██▏       | 87/391 [00:00<00:00, 11097.39it/s, Materializing param=encoder.layer.5.attention.output.LayerNorm.weight]
Loading weights:  22%|██▏       | 87/391 [00:00<00:00, 11097.39it/s, Materializing param=encoder.layer.5.attention.output.LayerNorm.weight]
Loading weights:  23%|██▎       | 88/391 [00:00<00:00, 11224.95it/s, Materializing param=encoder.layer.5.attention.output.dense.bias]      
Loading weights:  23%|██▎       | 88/391 [00:00<00:00, 11224.95it/s, Materializing param=encoder.layer.5.attention.output.dense.bias]
Loading weights:  23%|██▎       | 89/391 [00:00<00:00, 11352.50it/s, Materializing param=encoder.layer.5.attention.output.dense.weight]
Loading weights:  23%|██▎       | 89/391 [00:00<00:00, 11352.50it/s, Materializing param=encoder.layer.5.attention.output.dense.weight]
Loading weights:  23%|██▎       | 90/391 [00:00<00:00, 11480.06it/s, Materializing param=encoder.layer.5.attention.self.key.bias]      
Loading weights:  23%|██▎       | 90/391 [00:00<00:00, 11480.06it/s, Materializing param=encoder.layer.5.attention.self.key.bias]
Loading weights:  23%|██▎       | 91/391 [00:00<00:00, 11607.62it/s, Materializing param=encoder.layer.5.attention.self.key.weight]
Loading weights:  23%|██▎       | 91/391 [00:00<00:00, 11607.62it/s, Materializing param=encoder.layer.5.attention.self.key.weight]
Loading weights:  24%|██▎       | 92/391 [00:00<00:00, 11735.17it/s, Materializing param=encoder.layer.5.attention.self.query.bias]
Loading weights:  24%|██▎       | 92/391 [00:00<00:00, 11735.17it/s, Materializing param=encoder.layer.5.attention.self.query.bias]
Loading weights:  24%|██▍       | 93/391 [00:00<00:00, 11862.73it/s, Materializing param=encoder.layer.5.attention.self.query.weight]
Loading weights:  24%|██▍       | 93/391 [00:00<00:00, 11862.73it/s, Materializing param=encoder.layer.5.attention.self.query.weight]
Loading weights:  24%|██▍       | 94/391 [00:00<00:00, 11990.29it/s, Materializing param=encoder.layer.5.attention.self.value.bias]  
Loading weights:  24%|██▍       | 94/391 [00:00<00:00, 11990.29it/s, Materializing param=encoder.layer.5.attention.self.value.bias]
Loading weights:  24%|██▍       | 95/391 [00:00<00:00, 12117.84it/s, Materializing param=encoder.layer.5.attention.self.value.weight]
Loading weights:  24%|██▍       | 95/391 [00:00<00:00, 12117.84it/s, Materializing param=encoder.layer.5.attention.self.value.weight]
Loading weights:  25%|██▍       | 96/391 [00:00<00:00, 12245.40it/s, Materializing param=encoder.layer.5.intermediate.dense.bias]    
Loading weights:  25%|██▍       | 96/391 [00:00<00:00, 12245.40it/s, Materializing param=encoder.layer.5.intermediate.dense.bias]
Loading weights:  25%|██▍       | 97/391 [00:00<00:00, 12372.95it/s, Materializing param=encoder.layer.5.intermediate.dense.weight]
Loading weights:  25%|██▍       | 97/391 [00:00<00:00, 12372.95it/s, Materializing param=encoder.layer.5.intermediate.dense.weight]
Loading weights:  25%|██▌       | 98/391 [00:00<00:00, 12500.51it/s, Materializing param=encoder.layer.5.output.LayerNorm.bias]    
Loading weights:  25%|██▌       | 98/391 [00:00<00:00, 11082.88it/s, Materializing param=encoder.layer.5.output.LayerNorm.bias]
Loading weights:  25%|██▌       | 99/391 [00:00<00:00, 11195.97it/s, Materializing param=encoder.layer.5.output.LayerNorm.weight]
Loading weights:  25%|██▌       | 99/391 [00:00<00:00, 11195.97it/s, Materializing param=encoder.layer.5.output.LayerNorm.weight]
Loading weights:  26%|██▌       | 100/391 [00:00<00:00, 11309.06it/s, Materializing param=encoder.layer.5.output.dense.bias]     
Loading weights:  26%|██▌       | 100/391 [00:00<00:00, 11309.06it/s, Materializing param=encoder.layer.5.output.dense.bias]
Loading weights:  26%|██▌       | 101/391 [00:00<00:00, 11422.15it/s, Materializing param=encoder.layer.5.output.dense.weight]
Loading weights:  26%|██▌       | 101/391 [00:00<00:00, 11422.15it/s, Materializing param=encoder.layer.5.output.dense.weight]
Loading weights:  26%|██▌       | 102/391 [00:00<00:00, 11535.24it/s, Materializing param=encoder.layer.6.attention.output.LayerNorm.bias]
Loading weights:  26%|██▌       | 102/391 [00:00<00:00, 11535.24it/s, Materializing param=encoder.layer.6.attention.output.LayerNorm.bias]
Loading weights:  26%|██▋       | 103/391 [00:00<00:00, 11648.33it/s, Materializing param=encoder.layer.6.attention.output.LayerNorm.weight]
Loading weights:  26%|██▋       | 103/391 [00:00<00:00, 11648.33it/s, Materializing param=encoder.layer.6.attention.output.LayerNorm.weight]
Loading weights:  27%|██▋       | 104/391 [00:00<00:00, 11761.42it/s, Materializing param=encoder.layer.6.attention.output.dense.bias]      
Loading weights:  27%|██▋       | 104/391 [00:00<00:00, 11761.42it/s, Materializing param=encoder.layer.6.attention.output.dense.bias]
Loading weights:  27%|██▋       | 105/391 [00:00<00:00, 11874.51it/s, Materializing param=encoder.layer.6.attention.output.dense.weight]
Loading weights:  27%|██▋       | 105/391 [00:00<00:00, 11874.51it/s, Materializing param=encoder.layer.6.attention.output.dense.weight]
Loading weights:  27%|██▋       | 106/391 [00:00<00:00, 11987.60it/s, Materializing param=encoder.layer.6.attention.self.key.bias]      
Loading weights:  27%|██▋       | 106/391 [00:00<00:00, 11987.60it/s, Materializing param=encoder.layer.6.attention.self.key.bias]
Loading weights:  27%|██▋       | 107/391 [00:00<00:00, 12100.69it/s, Materializing param=encoder.layer.6.attention.self.key.weight]
Loading weights:  27%|██▋       | 107/391 [00:00<00:00, 12100.69it/s, Materializing param=encoder.layer.6.attention.self.key.weight]
Loading weights:  28%|██▊       | 108/391 [00:00<00:00, 12213.78it/s, Materializing param=encoder.layer.6.attention.self.query.bias]
Loading weights:  28%|██▊       | 108/391 [00:00<00:00, 12213.78it/s, Materializing param=encoder.layer.6.attention.self.query.bias]
Loading weights:  28%|██▊       | 109/391 [00:00<00:00, 12326.87it/s, Materializing param=encoder.layer.6.attention.self.query.weight]
Loading weights:  28%|██▊       | 109/391 [00:00<00:00, 12326.87it/s, Materializing param=encoder.layer.6.attention.self.query.weight]
Loading weights:  28%|██▊       | 110/391 [00:00<00:00, 12439.97it/s, Materializing param=encoder.layer.6.attention.self.value.bias]  
Loading weights:  28%|██▊       | 110/391 [00:00<00:00, 12439.97it/s, Materializing param=encoder.layer.6.attention.self.value.bias]
Loading weights:  28%|██▊       | 111/391 [00:00<00:00, 12553.06it/s, Materializing param=encoder.layer.6.attention.self.value.weight]
Loading weights:  28%|██▊       | 111/391 [00:00<00:00, 12553.06it/s, Materializing param=encoder.layer.6.attention.self.value.weight]
Loading weights:  29%|██▊       | 112/391 [00:00<00:00, 12666.15it/s, Materializing param=encoder.layer.6.intermediate.dense.bias]    
Loading weights:  29%|██▊       | 112/391 [00:00<00:00, 12666.15it/s, Materializing param=encoder.layer.6.intermediate.dense.bias]
Loading weights:  29%|██▉       | 113/391 [00:00<00:00, 12779.24it/s, Materializing param=encoder.layer.6.intermediate.dense.weight]
Loading weights:  29%|██▉       | 113/391 [00:00<00:00, 12779.24it/s, Materializing param=encoder.layer.6.intermediate.dense.weight]
Loading weights:  29%|██▉       | 114/391 [00:00<00:00, 12892.33it/s, Materializing param=encoder.layer.6.output.LayerNorm.bias]    
Loading weights:  29%|██▉       | 114/391 [00:00<00:00, 12892.33it/s, Materializing param=encoder.layer.6.output.LayerNorm.bias]
Loading weights:  29%|██▉       | 115/391 [00:00<00:00, 13005.42it/s, Materializing param=encoder.layer.6.output.LayerNorm.weight]
Loading weights:  29%|██▉       | 115/391 [00:00<00:00, 13005.42it/s, Materializing param=encoder.layer.6.output.LayerNorm.weight]
Loading weights:  30%|██▉       | 116/391 [00:00<00:00, 13118.51it/s, Materializing param=encoder.layer.6.output.dense.bias]      
Loading weights:  30%|██▉       | 116/391 [00:00<00:00, 13118.51it/s, Materializing param=encoder.layer.6.output.dense.bias]
Loading weights:  30%|██▉       | 117/391 [00:00<00:00, 13231.60it/s, Materializing param=encoder.layer.6.output.dense.weight]
Loading weights:  30%|██▉       | 117/391 [00:00<00:00, 13231.60it/s, Materializing param=encoder.layer.6.output.dense.weight]
Loading weights:  30%|███       | 118/391 [00:00<00:00, 13344.69it/s, Materializing param=encoder.layer.7.attention.output.LayerNorm.bias]
Loading weights:  30%|███       | 118/391 [00:00<00:00, 13344.69it/s, Materializing param=encoder.layer.7.attention.output.LayerNorm.bias]
Loading weights:  30%|███       | 119/391 [00:00<00:00, 12090.55it/s, Materializing param=encoder.layer.7.attention.output.LayerNorm.weight]
Loading weights:  30%|███       | 119/391 [00:00<00:00, 12090.55it/s, Materializing param=encoder.layer.7.attention.output.LayerNorm.weight]
Loading weights:  31%|███       | 120/391 [00:00<00:00, 12192.15it/s, Materializing param=encoder.layer.7.attention.output.dense.bias]      
Loading weights:  31%|███       | 120/391 [00:00<00:00, 12192.15it/s, Materializing param=encoder.layer.7.attention.output.dense.bias]
Loading weights:  31%|███       | 121/391 [00:00<00:00, 12293.75it/s, Materializing param=encoder.layer.7.attention.output.dense.weight]
Loading weights:  31%|███       | 121/391 [00:00<00:00, 12293.75it/s, Materializing param=encoder.layer.7.attention.output.dense.weight]
Loading weights:  31%|███       | 122/391 [00:00<00:00, 12395.36it/s, Materializing param=encoder.layer.7.attention.self.key.bias]      
Loading weights:  31%|███       | 122/391 [00:00<00:00, 12395.36it/s, Materializing param=encoder.layer.7.attention.self.key.bias]
Loading weights:  31%|███▏      | 123/391 [00:00<00:00, 12496.96it/s, Materializing param=encoder.layer.7.attention.self.key.weight]
Loading weights:  31%|███▏      | 123/391 [00:00<00:00, 12496.96it/s, Materializing param=encoder.layer.7.attention.self.key.weight]
Loading weights:  32%|███▏      | 124/391 [00:00<00:00, 12598.56it/s, Materializing param=encoder.layer.7.attention.self.query.bias]
Loading weights:  32%|███▏      | 124/391 [00:00<00:00, 12598.56it/s, Materializing param=encoder.layer.7.attention.self.query.bias]
Loading weights:  32%|███▏      | 125/391 [00:00<00:00, 12700.16it/s, Materializing param=encoder.layer.7.attention.self.query.weight]
Loading weights:  32%|███▏      | 125/391 [00:00<00:00, 12700.16it/s, Materializing param=encoder.layer.7.attention.self.query.weight]
Loading weights:  32%|███▏      | 126/391 [00:00<00:00, 12801.76it/s, Materializing param=encoder.layer.7.attention.self.value.bias]  
Loading weights:  32%|███▏      | 126/391 [00:00<00:00, 12801.76it/s, Materializing param=encoder.layer.7.attention.self.value.bias]
Loading weights:  32%|███▏      | 127/391 [00:00<00:00, 12903.36it/s, Materializing param=encoder.layer.7.attention.self.value.weight]
Loading weights:  32%|███▏      | 127/391 [00:00<00:00, 12903.36it/s, Materializing param=encoder.layer.7.attention.self.value.weight]
Loading weights:  33%|███▎      | 128/391 [00:00<00:00, 13004.96it/s, Materializing param=encoder.layer.7.intermediate.dense.bias]    
Loading weights:  33%|███▎      | 128/391 [00:00<00:00, 13004.96it/s, Materializing param=encoder.layer.7.intermediate.dense.bias]
Loading weights:  33%|███▎      | 129/391 [00:00<00:00, 13106.56it/s, Materializing param=encoder.layer.7.intermediate.dense.weight]
Loading weights:  33%|███▎      | 129/391 [00:00<00:00, 13106.56it/s, Materializing param=encoder.layer.7.intermediate.dense.weight]
Loading weights:  33%|███▎      | 130/391 [00:00<00:00, 13208.17it/s, Materializing param=encoder.layer.7.output.LayerNorm.bias]    
Loading weights:  33%|███▎      | 130/391 [00:00<00:00, 13208.17it/s, Materializing param=encoder.layer.7.output.LayerNorm.bias]
Loading weights:  34%|███▎      | 131/391 [00:00<00:00, 13309.77it/s, Materializing param=encoder.layer.7.output.LayerNorm.weight]
Loading weights:  34%|███▎      | 131/391 [00:00<00:00, 13309.77it/s, Materializing param=encoder.layer.7.output.LayerNorm.weight]
Loading weights:  34%|███▍      | 132/391 [00:00<00:00, 13411.37it/s, Materializing param=encoder.layer.7.output.dense.bias]      
Loading weights:  34%|███▍      | 132/391 [00:00<00:00, 13411.37it/s, Materializing param=encoder.layer.7.output.dense.bias]
Loading weights:  34%|███▍      | 133/391 [00:00<00:00, 13512.97it/s, Materializing param=encoder.layer.7.output.dense.weight]
Loading weights:  34%|███▍      | 133/391 [00:00<00:00, 13512.97it/s, Materializing param=encoder.layer.7.output.dense.weight]
Loading weights:  34%|███▍      | 134/391 [00:00<00:00, 13614.57it/s, Materializing param=encoder.layer.8.attention.output.LayerNorm.bias]
Loading weights:  34%|███▍      | 134/391 [00:00<00:00, 13614.57it/s, Materializing param=encoder.layer.8.attention.output.LayerNorm.bias]
Loading weights:  35%|███▍      | 135/391 [00:00<00:00, 13716.17it/s, Materializing param=encoder.layer.8.attention.output.LayerNorm.weight]
Loading weights:  35%|███▍      | 135/391 [00:00<00:00, 13716.17it/s, Materializing param=encoder.layer.8.attention.output.LayerNorm.weight]
Loading weights:  35%|███▍      | 136/391 [00:00<00:00, 13817.77it/s, Materializing param=encoder.layer.8.attention.output.dense.bias]      
Loading weights:  35%|███▍      | 136/391 [00:00<00:00, 13817.77it/s, Materializing param=encoder.layer.8.attention.output.dense.bias]
Loading weights:  35%|███▌      | 137/391 [00:00<00:00, 13919.38it/s, Materializing param=encoder.layer.8.attention.output.dense.weight]
Loading weights:  35%|███▌      | 137/391 [00:00<00:00, 13919.38it/s, Materializing param=encoder.layer.8.attention.output.dense.weight]
Loading weights:  35%|███▌      | 138/391 [00:00<00:00, 14020.98it/s, Materializing param=encoder.layer.8.attention.self.key.bias]      
Loading weights:  35%|███▌      | 138/391 [00:00<00:00, 14020.98it/s, Materializing param=encoder.layer.8.attention.self.key.bias]
Loading weights:  36%|███▌      | 139/391 [00:00<00:00, 12819.85it/s, Materializing param=encoder.layer.8.attention.self.key.weight]
Loading weights:  36%|███▌      | 139/391 [00:00<00:00, 12819.85it/s, Materializing param=encoder.layer.8.attention.self.key.weight]
Loading weights:  36%|███▌      | 140/391 [00:00<00:00, 12912.08it/s, Materializing param=encoder.layer.8.attention.self.query.bias]
Loading weights:  36%|███▌      | 140/391 [00:00<00:00, 12912.08it/s, Materializing param=encoder.layer.8.attention.self.query.bias]
Loading weights:  36%|███▌      | 141/391 [00:00<00:00, 13004.31it/s, Materializing param=encoder.layer.8.attention.self.query.weight]
Loading weights:  36%|███▌      | 141/391 [00:00<00:00, 13004.31it/s, Materializing param=encoder.layer.8.attention.self.query.weight]
Loading weights:  36%|███▋      | 142/391 [00:00<00:00, 13096.54it/s, Materializing param=encoder.layer.8.attention.self.value.bias]  
Loading weights:  36%|███▋      | 142/391 [00:00<00:00, 13096.54it/s, Materializing param=encoder.layer.8.attention.self.value.bias]
Loading weights:  37%|███▋      | 143/391 [00:00<00:00, 13188.77it/s, Materializing param=encoder.layer.8.attention.self.value.weight]
Loading weights:  37%|███▋      | 143/391 [00:00<00:00, 13188.77it/s, Materializing param=encoder.layer.8.attention.self.value.weight]
Loading weights:  37%|███▋      | 144/391 [00:00<00:00, 13280.99it/s, Materializing param=encoder.layer.8.intermediate.dense.bias]    
Loading weights:  37%|███▋      | 144/391 [00:00<00:00, 13280.99it/s, Materializing param=encoder.layer.8.intermediate.dense.bias]
Loading weights:  37%|███▋      | 145/391 [00:00<00:00, 13373.22it/s, Materializing param=encoder.layer.8.intermediate.dense.weight]
Loading weights:  37%|███▋      | 145/391 [00:00<00:00, 13373.22it/s, Materializing param=encoder.layer.8.intermediate.dense.weight]
Loading weights:  37%|███▋      | 146/391 [00:00<00:00, 13465.45it/s, Materializing param=encoder.layer.8.output.LayerNorm.bias]    
Loading weights:  37%|███▋      | 146/391 [00:00<00:00, 13465.45it/s, Materializing param=encoder.layer.8.output.LayerNorm.bias]
Loading weights:  38%|███▊      | 147/391 [00:00<00:00, 13557.68it/s, Materializing param=encoder.layer.8.output.LayerNorm.weight]
Loading weights:  38%|███▊      | 147/391 [00:00<00:00, 13557.68it/s, Materializing param=encoder.layer.8.output.LayerNorm.weight]
Loading weights:  38%|███▊      | 148/391 [00:00<00:00, 13649.91it/s, Materializing param=encoder.layer.8.output.dense.bias]      
Loading weights:  38%|███▊      | 148/391 [00:00<00:00, 13649.91it/s, Materializing param=encoder.layer.8.output.dense.bias]
Loading weights:  38%|███▊      | 149/391 [00:00<00:00, 13742.14it/s, Materializing param=encoder.layer.8.output.dense.weight]
Loading weights:  38%|███▊      | 149/391 [00:00<00:00, 13742.14it/s, Materializing param=encoder.layer.8.output.dense.weight]
Loading weights:  38%|███▊      | 150/391 [00:00<00:00, 13834.37it/s, Materializing param=encoder.layer.9.attention.output.LayerNorm.bias]
Loading weights:  38%|███▊      | 150/391 [00:00<00:00, 13834.37it/s, Materializing param=encoder.layer.9.attention.output.LayerNorm.bias]
Loading weights:  39%|███▊      | 151/391 [00:00<00:00, 13926.60it/s, Materializing param=encoder.layer.9.attention.output.LayerNorm.weight]
Loading weights:  39%|███▊      | 151/391 [00:00<00:00, 13926.60it/s, Materializing param=encoder.layer.9.attention.output.LayerNorm.weight]
Loading weights:  39%|███▉      | 152/391 [00:00<00:00, 14018.83it/s, Materializing param=encoder.layer.9.attention.output.dense.bias]      
Loading weights:  39%|███▉      | 152/391 [00:00<00:00, 14018.83it/s, Materializing param=encoder.layer.9.attention.output.dense.bias]
Loading weights:  39%|███▉      | 153/391 [00:00<00:00, 14111.06it/s, Materializing param=encoder.layer.9.attention.output.dense.weight]
Loading weights:  39%|███▉      | 153/391 [00:00<00:00, 14111.06it/s, Materializing param=encoder.layer.9.attention.output.dense.weight]
Loading weights:  39%|███▉      | 154/391 [00:00<00:00, 14203.29it/s, Materializing param=encoder.layer.9.attention.self.key.bias]      
Loading weights:  39%|███▉      | 154/391 [00:00<00:00, 14203.29it/s, Materializing param=encoder.layer.9.attention.self.key.bias]
Loading weights:  40%|███▉      | 155/391 [00:00<00:00, 14295.51it/s, Materializing param=encoder.layer.9.attention.self.key.weight]
Loading weights:  40%|███▉      | 155/391 [00:00<00:00, 14295.51it/s, Materializing param=encoder.layer.9.attention.self.key.weight]
Loading weights:  40%|███▉      | 156/391 [00:00<00:00, 14387.74it/s, Materializing param=encoder.layer.9.attention.self.query.bias]
Loading weights:  40%|███▉      | 156/391 [00:00<00:00, 14387.74it/s, Materializing param=encoder.layer.9.attention.self.query.bias]
Loading weights:  40%|████      | 157/391 [00:00<00:00, 14479.97it/s, Materializing param=encoder.layer.9.attention.self.query.weight]
Loading weights:  40%|████      | 157/391 [00:00<00:00, 14479.97it/s, Materializing param=encoder.layer.9.attention.self.query.weight]
Loading weights:  40%|████      | 158/391 [00:00<00:00, 14572.20it/s, Materializing param=encoder.layer.9.attention.self.value.bias]  
Loading weights:  40%|████      | 158/391 [00:00<00:00, 14572.20it/s, Materializing param=encoder.layer.9.attention.self.value.bias]
Loading weights:  41%|████      | 159/391 [00:00<00:00, 14664.43it/s, Materializing param=encoder.layer.9.attention.self.value.weight]
Loading weights:  41%|████      | 159/391 [00:00<00:00, 13426.50it/s, Materializing param=encoder.layer.9.attention.self.value.weight]
Loading weights:  41%|████      | 160/391 [00:00<00:00, 13510.95it/s, Materializing param=encoder.layer.9.intermediate.dense.bias]    
Loading weights:  41%|████      | 160/391 [00:00<00:00, 13510.95it/s, Materializing param=encoder.layer.9.intermediate.dense.bias]
Loading weights:  41%|████      | 161/391 [00:00<00:00, 13595.39it/s, Materializing param=encoder.layer.9.intermediate.dense.weight]
Loading weights:  41%|████      | 161/391 [00:00<00:00, 13595.39it/s, Materializing param=encoder.layer.9.intermediate.dense.weight]
Loading weights:  41%|████▏     | 162/391 [00:00<00:00, 13679.83it/s, Materializing param=encoder.layer.9.output.LayerNorm.bias]    
Loading weights:  41%|████▏     | 162/391 [00:00<00:00, 13679.83it/s, Materializing param=encoder.layer.9.output.LayerNorm.bias]
Loading weights:  42%|████▏     | 163/391 [00:00<00:00, 13764.28it/s, Materializing param=encoder.layer.9.output.LayerNorm.weight]
Loading weights:  42%|████▏     | 163/391 [00:00<00:00, 13764.28it/s, Materializing param=encoder.layer.9.output.LayerNorm.weight]
Loading weights:  42%|████▏     | 164/391 [00:00<00:00, 13848.72it/s, Materializing param=encoder.layer.9.output.dense.bias]      
Loading weights:  42%|████▏     | 164/391 [00:00<00:00, 13848.72it/s, Materializing param=encoder.layer.9.output.dense.bias]
Loading weights:  42%|████▏     | 165/391 [00:00<00:00, 13933.16it/s, Materializing param=encoder.layer.9.output.dense.weight]
Loading weights:  42%|████▏     | 165/391 [00:00<00:00, 13933.16it/s, Materializing param=encoder.layer.9.output.dense.weight]
Loading weights:  42%|████▏     | 166/391 [00:00<00:00, 14017.61it/s, Materializing param=encoder.layer.10.attention.output.LayerNorm.bias]
Loading weights:  42%|████▏     | 166/391 [00:00<00:00, 14017.61it/s, Materializing param=encoder.layer.10.attention.output.LayerNorm.bias]
Loading weights:  43%|████▎     | 167/391 [00:00<00:00, 14102.05it/s, Materializing param=encoder.layer.10.attention.output.LayerNorm.weight]
Loading weights:  43%|████▎     | 167/391 [00:00<00:00, 14102.05it/s, Materializing param=encoder.layer.10.attention.output.LayerNorm.weight]
Loading weights:  43%|████▎     | 168/391 [00:00<00:00, 14186.49it/s, Materializing param=encoder.layer.10.attention.output.dense.bias]      
Loading weights:  43%|████▎     | 168/391 [00:00<00:00, 14186.49it/s, Materializing param=encoder.layer.10.attention.output.dense.bias]
Loading weights:  43%|████▎     | 169/391 [00:00<00:00, 14270.94it/s, Materializing param=encoder.layer.10.attention.output.dense.weight]
Loading weights:  43%|████▎     | 169/391 [00:00<00:00, 14270.94it/s, Materializing param=encoder.layer.10.attention.output.dense.weight]
Loading weights:  43%|████▎     | 170/391 [00:00<00:00, 14355.38it/s, Materializing param=encoder.layer.10.attention.self.key.bias]      
Loading weights:  43%|████▎     | 170/391 [00:00<00:00, 14355.38it/s, Materializing param=encoder.layer.10.attention.self.key.bias]
Loading weights:  44%|████▎     | 171/391 [00:00<00:00, 14439.82it/s, Materializing param=encoder.layer.10.attention.self.key.weight]
Loading weights:  44%|████▎     | 171/391 [00:00<00:00, 14439.82it/s, Materializing param=encoder.layer.10.attention.self.key.weight]
Loading weights:  44%|████▍     | 172/391 [00:00<00:00, 14524.27it/s, Materializing param=encoder.layer.10.attention.self.query.bias]
Loading weights:  44%|████▍     | 172/391 [00:00<00:00, 14524.27it/s, Materializing param=encoder.layer.10.attention.self.query.bias]
Loading weights:  44%|████▍     | 173/391 [00:00<00:00, 14608.71it/s, Materializing param=encoder.layer.10.attention.self.query.weight]
Loading weights:  44%|████▍     | 173/391 [00:00<00:00, 14608.71it/s, Materializing param=encoder.layer.10.attention.self.query.weight]
Loading weights:  45%|████▍     | 174/391 [00:00<00:00, 14693.15it/s, Materializing param=encoder.layer.10.attention.self.value.bias]  
Loading weights:  45%|████▍     | 174/391 [00:00<00:00, 14693.15it/s, Materializing param=encoder.layer.10.attention.self.value.bias]
Loading weights:  45%|████▍     | 175/391 [00:00<00:00, 14777.60it/s, Materializing param=encoder.layer.10.attention.self.value.weight]
Loading weights:  45%|████▍     | 175/391 [00:00<00:00, 14777.60it/s, Materializing param=encoder.layer.10.attention.self.value.weight]
Loading weights:  45%|████▌     | 176/391 [00:00<00:00, 14862.04it/s, Materializing param=encoder.layer.10.intermediate.dense.bias]    
Loading weights:  45%|████▌     | 176/391 [00:00<00:00, 14862.04it/s, Materializing param=encoder.layer.10.intermediate.dense.bias]
Loading weights:  45%|████▌     | 177/391 [00:00<00:00, 14946.48it/s, Materializing param=encoder.layer.10.intermediate.dense.weight]
Loading weights:  45%|████▌     | 177/391 [00:00<00:00, 14946.48it/s, Materializing param=encoder.layer.10.intermediate.dense.weight]
Loading weights:  46%|████▌     | 178/391 [00:00<00:00, 15030.93it/s, Materializing param=encoder.layer.10.output.LayerNorm.bias]    
Loading weights:  46%|████▌     | 178/391 [00:00<00:00, 15030.93it/s, Materializing param=encoder.layer.10.output.LayerNorm.bias]
Loading weights:  46%|████▌     | 179/391 [00:00<00:00, 15115.37it/s, Materializing param=encoder.layer.10.output.LayerNorm.weight]
Loading weights:  46%|████▌     | 179/391 [00:00<00:00, 13938.45it/s, Materializing param=encoder.layer.10.output.LayerNorm.weight]
Loading weights:  46%|████▌     | 180/391 [00:00<00:00, 14016.31it/s, Materializing param=encoder.layer.10.output.dense.bias]      
Loading weights:  46%|████▌     | 180/391 [00:00<00:00, 14016.31it/s, Materializing param=encoder.layer.10.output.dense.bias]
Loading weights:  46%|████▋     | 181/391 [00:00<00:00, 14094.18it/s, Materializing param=encoder.layer.10.output.dense.weight]
Loading weights:  46%|████▋     | 181/391 [00:00<00:00, 14094.18it/s, Materializing param=encoder.layer.10.output.dense.weight]
Loading weights:  47%|████▋     | 182/391 [00:00<00:00, 14172.05it/s, Materializing param=encoder.layer.11.attention.output.LayerNorm.bias]
Loading weights:  47%|████▋     | 182/391 [00:00<00:00, 14172.05it/s, Materializing param=encoder.layer.11.attention.output.LayerNorm.bias]
Loading weights:  47%|████▋     | 183/391 [00:00<00:00, 14249.92it/s, Materializing param=encoder.layer.11.attention.output.LayerNorm.weight]
Loading weights:  47%|████▋     | 183/391 [00:00<00:00, 14249.92it/s, Materializing param=encoder.layer.11.attention.output.LayerNorm.weight]
Loading weights:  47%|████▋     | 184/391 [00:00<00:00, 14327.79it/s, Materializing param=encoder.layer.11.attention.output.dense.bias]      
Loading weights:  47%|████▋     | 184/391 [00:00<00:00, 14327.79it/s, Materializing param=encoder.layer.11.attention.output.dense.bias]
Loading weights:  47%|████▋     | 185/391 [00:00<00:00, 14405.66it/s, Materializing param=encoder.layer.11.attention.output.dense.weight]
Loading weights:  47%|████▋     | 185/391 [00:00<00:00, 14405.66it/s, Materializing param=encoder.layer.11.attention.output.dense.weight]
Loading weights:  48%|████▊     | 186/391 [00:00<00:00, 14483.52it/s, Materializing param=encoder.layer.11.attention.self.key.bias]      
Loading weights:  48%|████▊     | 186/391 [00:00<00:00, 14483.52it/s, Materializing param=encoder.layer.11.attention.self.key.bias]
Loading weights:  48%|████▊     | 187/391 [00:00<00:00, 14561.39it/s, Materializing param=encoder.layer.11.attention.self.key.weight]
Loading weights:  48%|████▊     | 187/391 [00:00<00:00, 14561.39it/s, Materializing param=encoder.layer.11.attention.self.key.weight]
Loading weights:  48%|████▊     | 188/391 [00:00<00:00, 14639.26it/s, Materializing param=encoder.layer.11.attention.self.query.bias]
Loading weights:  48%|████▊     | 188/391 [00:00<00:00, 14639.26it/s, Materializing param=encoder.layer.11.attention.self.query.bias]
Loading weights:  48%|████▊     | 189/391 [00:00<00:00, 13651.88it/s, Materializing param=encoder.layer.11.attention.self.query.weight]
Loading weights:  48%|████▊     | 189/391 [00:00<00:00, 13651.88it/s, Materializing param=encoder.layer.11.attention.self.query.weight]
Loading weights:  49%|████▊     | 190/391 [00:00<00:00, 13724.11it/s, Materializing param=encoder.layer.11.attention.self.value.bias]  
Loading weights:  49%|████▊     | 190/391 [00:00<00:00, 13724.11it/s, Materializing param=encoder.layer.11.attention.self.value.bias]
Loading weights:  49%|████▉     | 191/391 [00:00<00:00, 13796.34it/s, Materializing param=encoder.layer.11.attention.self.value.weight]
Loading weights:  49%|████▉     | 191/391 [00:00<00:00, 13796.34it/s, Materializing param=encoder.layer.11.attention.self.value.weight]
Loading weights:  49%|████▉     | 192/391 [00:00<00:00, 13868.57it/s, Materializing param=encoder.layer.11.intermediate.dense.bias]    
Loading weights:  49%|████▉     | 192/391 [00:00<00:00, 13868.57it/s, Materializing param=encoder.layer.11.intermediate.dense.bias]
Loading weights:  49%|████▉     | 193/391 [00:00<00:00, 13940.80it/s, Materializing param=encoder.layer.11.intermediate.dense.weight]
Loading weights:  49%|████▉     | 193/391 [00:00<00:00, 13940.80it/s, Materializing param=encoder.layer.11.intermediate.dense.weight]
Loading weights:  50%|████▉     | 194/391 [00:00<00:00, 13600.34it/s, Materializing param=encoder.layer.11.output.LayerNorm.bias]    
Loading weights:  50%|████▉     | 194/391 [00:00<00:00, 13600.34it/s, Materializing param=encoder.layer.11.output.LayerNorm.bias]
Loading weights:  50%|████▉     | 195/391 [00:00<00:00, 13670.45it/s, Materializing param=encoder.layer.11.output.LayerNorm.weight]
Loading weights:  50%|████▉     | 195/391 [00:00<00:00, 13670.45it/s, Materializing param=encoder.layer.11.output.LayerNorm.weight]
Loading weights:  50%|█████     | 196/391 [00:00<00:00, 13740.55it/s, Materializing param=encoder.layer.11.output.dense.bias]      
Loading weights:  50%|█████     | 196/391 [00:00<00:00, 13740.55it/s, Materializing param=encoder.layer.11.output.dense.bias]
Loading weights:  50%|█████     | 197/391 [00:00<00:00, 13810.66it/s, Materializing param=encoder.layer.11.output.dense.weight]
Loading weights:  50%|█████     | 197/391 [00:00<00:00, 13810.66it/s, Materializing param=encoder.layer.11.output.dense.weight]
Loading weights:  51%|█████     | 198/391 [00:00<00:00, 13880.76it/s, Materializing param=encoder.layer.12.attention.output.LayerNorm.bias]
Loading weights:  51%|█████     | 198/391 [00:00<00:00, 13880.76it/s, Materializing param=encoder.layer.12.attention.output.LayerNorm.bias]
Loading weights:  51%|█████     | 199/391 [00:00<00:00, 13950.87it/s, Materializing param=encoder.layer.12.attention.output.LayerNorm.weight]
Loading weights:  51%|█████     | 199/391 [00:00<00:00, 13950.87it/s, Materializing param=encoder.layer.12.attention.output.LayerNorm.weight]
Loading weights:  51%|█████     | 200/391 [00:00<00:00, 14020.97it/s, Materializing param=encoder.layer.12.attention.output.dense.bias]      
Loading weights:  51%|█████     | 200/391 [00:00<00:00, 14020.97it/s, Materializing param=encoder.layer.12.attention.output.dense.bias]
Loading weights:  51%|█████▏    | 201/391 [00:00<00:00, 14091.08it/s, Materializing param=encoder.layer.12.attention.output.dense.weight]
Loading weights:  51%|█████▏    | 201/391 [00:00<00:00, 14091.08it/s, Materializing param=encoder.layer.12.attention.output.dense.weight]
Loading weights:  52%|█████▏    | 202/391 [00:00<00:00, 14161.18it/s, Materializing param=encoder.layer.12.attention.self.key.bias]      
Loading weights:  52%|█████▏    | 202/391 [00:00<00:00, 14161.18it/s, Materializing param=encoder.layer.12.attention.self.key.bias]
Loading weights:  52%|█████▏    | 203/391 [00:00<00:00, 14231.29it/s, Materializing param=encoder.layer.12.attention.self.key.weight]
Loading weights:  52%|█████▏    | 203/391 [00:00<00:00, 14231.29it/s, Materializing param=encoder.layer.12.attention.self.key.weight]
Loading weights:  52%|█████▏    | 204/391 [00:00<00:00, 14301.39it/s, Materializing param=encoder.layer.12.attention.self.query.bias]
Loading weights:  52%|█████▏    | 204/391 [00:00<00:00, 14301.39it/s, Materializing param=encoder.layer.12.attention.self.query.bias]
Loading weights:  52%|█████▏    | 205/391 [00:00<00:00, 14371.50it/s, Materializing param=encoder.layer.12.attention.self.query.weight]
Loading weights:  52%|█████▏    | 205/391 [00:00<00:00, 14371.50it/s, Materializing param=encoder.layer.12.attention.self.query.weight]
Loading weights:  53%|█████▎    | 206/391 [00:00<00:00, 14441.60it/s, Materializing param=encoder.layer.12.attention.self.value.bias]  
Loading weights:  53%|█████▎    | 206/391 [00:00<00:00, 14441.60it/s, Materializing param=encoder.layer.12.attention.self.value.bias]
Loading weights:  53%|█████▎    | 207/391 [00:00<00:00, 14511.71it/s, Materializing param=encoder.layer.12.attention.self.value.weight]
Loading weights:  53%|█████▎    | 207/391 [00:00<00:00, 14511.71it/s, Materializing param=encoder.layer.12.attention.self.value.weight]
Loading weights:  53%|█████▎    | 208/391 [00:00<00:00, 14581.81it/s, Materializing param=encoder.layer.12.intermediate.dense.bias]    
Loading weights:  53%|█████▎    | 208/391 [00:00<00:00, 14581.81it/s, Materializing param=encoder.layer.12.intermediate.dense.bias]
Loading weights:  53%|█████▎    | 209/391 [00:00<00:00, 14651.92it/s, Materializing param=encoder.layer.12.intermediate.dense.weight]
Loading weights:  53%|█████▎    | 209/391 [00:00<00:00, 14651.92it/s, Materializing param=encoder.layer.12.intermediate.dense.weight]
Loading weights:  54%|█████▎    | 210/391 [00:00<00:00, 14722.02it/s, Materializing param=encoder.layer.12.output.LayerNorm.bias]    
Loading weights:  54%|█████▎    | 210/391 [00:00<00:00, 14722.02it/s, Materializing param=encoder.layer.12.output.LayerNorm.bias]
Loading weights:  54%|█████▍    | 211/391 [00:00<00:00, 14792.13it/s, Materializing param=encoder.layer.12.output.LayerNorm.weight]
Loading weights:  54%|█████▍    | 211/391 [00:00<00:00, 14792.13it/s, Materializing param=encoder.layer.12.output.LayerNorm.weight]
Loading weights:  54%|█████▍    | 212/391 [00:00<00:00, 14862.23it/s, Materializing param=encoder.layer.12.output.dense.bias]      
Loading weights:  54%|█████▍    | 212/391 [00:00<00:00, 14862.23it/s, Materializing param=encoder.layer.12.output.dense.bias]
Loading weights:  54%|█████▍    | 213/391 [00:00<00:00, 14932.34it/s, Materializing param=encoder.layer.12.output.dense.weight]
Loading weights:  54%|█████▍    | 213/391 [00:00<00:00, 14932.34it/s, Materializing param=encoder.layer.12.output.dense.weight]
Loading weights:  55%|█████▍    | 214/391 [00:00<00:00, 15002.44it/s, Materializing param=encoder.layer.13.attention.output.LayerNorm.bias]
Loading weights:  55%|█████▍    | 214/391 [00:00<00:00, 15002.44it/s, Materializing param=encoder.layer.13.attention.output.LayerNorm.bias]
Loading weights:  55%|█████▍    | 215/391 [00:00<00:00, 15072.55it/s, Materializing param=encoder.layer.13.attention.output.LayerNorm.weight]
Loading weights:  55%|█████▍    | 215/391 [00:00<00:00, 15072.55it/s, Materializing param=encoder.layer.13.attention.output.LayerNorm.weight]
Loading weights:  55%|█████▌    | 216/391 [00:00<00:00, 15142.65it/s, Materializing param=encoder.layer.13.attention.output.dense.bias]      
Loading weights:  55%|█████▌    | 216/391 [00:00<00:00, 15142.65it/s, Materializing param=encoder.layer.13.attention.output.dense.bias]
Loading weights:  55%|█████▌    | 217/391 [00:00<00:00, 15212.76it/s, Materializing param=encoder.layer.13.attention.output.dense.weight]
Loading weights:  55%|█████▌    | 217/391 [00:00<00:00, 15212.76it/s, Materializing param=encoder.layer.13.attention.output.dense.weight]
Loading weights:  56%|█████▌    | 218/391 [00:00<00:00, 15282.86it/s, Materializing param=encoder.layer.13.attention.self.key.bias]      
Loading weights:  56%|█████▌    | 218/391 [00:00<00:00, 15282.86it/s, Materializing param=encoder.layer.13.attention.self.key.bias]
Loading weights:  56%|█████▌    | 219/391 [00:00<00:00, 14083.48it/s, Materializing param=encoder.layer.13.attention.self.key.weight]
Loading weights:  56%|█████▌    | 219/391 [00:00<00:00, 14083.48it/s, Materializing param=encoder.layer.13.attention.self.key.weight]
Loading weights:  56%|█████▋    | 220/391 [00:00<00:00, 14147.79it/s, Materializing param=encoder.layer.13.attention.self.query.bias]
Loading weights:  56%|█████▋    | 220/391 [00:00<00:00, 14147.79it/s, Materializing param=encoder.layer.13.attention.self.query.bias]
Loading weights:  57%|█████▋    | 221/391 [00:00<00:00, 14212.09it/s, Materializing param=encoder.layer.13.attention.self.query.weight]
Loading weights:  57%|█████▋    | 221/391 [00:00<00:00, 14212.09it/s, Materializing param=encoder.layer.13.attention.self.query.weight]
Loading weights:  57%|█████▋    | 222/391 [00:00<00:00, 14276.40it/s, Materializing param=encoder.layer.13.attention.self.value.bias]  
Loading weights:  57%|█████▋    | 222/391 [00:00<00:00, 14276.40it/s, Materializing param=encoder.layer.13.attention.self.value.bias]
Loading weights:  57%|█████▋    | 223/391 [00:00<00:00, 14340.71it/s, Materializing param=encoder.layer.13.attention.self.value.weight]
Loading weights:  57%|█████▋    | 223/391 [00:00<00:00, 14340.71it/s, Materializing param=encoder.layer.13.attention.self.value.weight]
Loading weights:  57%|█████▋    | 224/391 [00:00<00:00, 14405.02it/s, Materializing param=encoder.layer.13.intermediate.dense.bias]    
Loading weights:  57%|█████▋    | 224/391 [00:00<00:00, 14405.02it/s, Materializing param=encoder.layer.13.intermediate.dense.bias]
Loading weights:  58%|█████▊    | 225/391 [00:00<00:00, 14469.33it/s, Materializing param=encoder.layer.13.intermediate.dense.weight]
Loading weights:  58%|█████▊    | 225/391 [00:00<00:00, 14469.33it/s, Materializing param=encoder.layer.13.intermediate.dense.weight]
Loading weights:  58%|█████▊    | 226/391 [00:00<00:00, 14533.63it/s, Materializing param=encoder.layer.13.output.LayerNorm.bias]    
Loading weights:  58%|█████▊    | 226/391 [00:00<00:00, 14533.63it/s, Materializing param=encoder.layer.13.output.LayerNorm.bias]
Loading weights:  58%|█████▊    | 227/391 [00:00<00:00, 14597.94it/s, Materializing param=encoder.layer.13.output.LayerNorm.weight]
Loading weights:  58%|█████▊    | 227/391 [00:00<00:00, 14597.94it/s, Materializing param=encoder.layer.13.output.LayerNorm.weight]
Loading weights:  58%|█████▊    | 228/391 [00:00<00:00, 14662.25it/s, Materializing param=encoder.layer.13.output.dense.bias]      
Loading weights:  58%|█████▊    | 228/391 [00:00<00:00, 14662.25it/s, Materializing param=encoder.layer.13.output.dense.bias]
Loading weights:  59%|█████▊    | 229/391 [00:00<00:00, 14726.56it/s, Materializing param=encoder.layer.13.output.dense.weight]
Loading weights:  59%|█████▊    | 229/391 [00:00<00:00, 14726.56it/s, Materializing param=encoder.layer.13.output.dense.weight]
Loading weights:  59%|█████▉    | 230/391 [00:00<00:00, 14790.87it/s, Materializing param=encoder.layer.14.attention.output.LayerNorm.bias]
Loading weights:  59%|█████▉    | 230/391 [00:00<00:00, 14790.87it/s, Materializing param=encoder.layer.14.attention.output.LayerNorm.bias]
Loading weights:  59%|█████▉    | 231/391 [00:00<00:00, 14855.18it/s, Materializing param=encoder.layer.14.attention.output.LayerNorm.weight]
Loading weights:  59%|█████▉    | 231/391 [00:00<00:00, 14855.18it/s, Materializing param=encoder.layer.14.attention.output.LayerNorm.weight]
Loading weights:  59%|█████▉    | 232/391 [00:00<00:00, 14919.48it/s, Materializing param=encoder.layer.14.attention.output.dense.bias]      
Loading weights:  59%|█████▉    | 232/391 [00:00<00:00, 14919.48it/s, Materializing param=encoder.layer.14.attention.output.dense.bias]
Loading weights:  60%|█████▉    | 233/391 [00:00<00:00, 14983.79it/s, Materializing param=encoder.layer.14.attention.output.dense.weight]
Loading weights:  60%|█████▉    | 233/391 [00:00<00:00, 14983.79it/s, Materializing param=encoder.layer.14.attention.output.dense.weight]
Loading weights:  60%|█████▉    | 234/391 [00:00<00:00, 15048.10it/s, Materializing param=encoder.layer.14.attention.self.key.bias]      
Loading weights:  60%|█████▉    | 234/391 [00:00<00:00, 15048.10it/s, Materializing param=encoder.layer.14.attention.self.key.bias]
Loading weights:  60%|██████    | 235/391 [00:00<00:00, 15112.41it/s, Materializing param=encoder.layer.14.attention.self.key.weight]
Loading weights:  60%|██████    | 235/391 [00:00<00:00, 15112.41it/s, Materializing param=encoder.layer.14.attention.self.key.weight]
Loading weights:  60%|██████    | 236/391 [00:00<00:00, 15176.72it/s, Materializing param=encoder.layer.14.attention.self.query.bias]
Loading weights:  60%|██████    | 236/391 [00:00<00:00, 15176.72it/s, Materializing param=encoder.layer.14.attention.self.query.bias]
Loading weights:  61%|██████    | 237/391 [00:00<00:00, 15241.02it/s, Materializing param=encoder.layer.14.attention.self.query.weight]
Loading weights:  61%|██████    | 237/391 [00:00<00:00, 15241.02it/s, Materializing param=encoder.layer.14.attention.self.query.weight]
Loading weights:  61%|██████    | 238/391 [00:00<00:00, 15305.33it/s, Materializing param=encoder.layer.14.attention.self.value.bias]  
Loading weights:  61%|██████    | 238/391 [00:00<00:00, 15305.33it/s, Materializing param=encoder.layer.14.attention.self.value.bias]
Loading weights:  61%|██████    | 239/391 [00:00<00:00, 15369.64it/s, Materializing param=encoder.layer.14.attention.self.value.weight]
Loading weights:  61%|██████    | 239/391 [00:00<00:00, 15369.64it/s, Materializing param=encoder.layer.14.attention.self.value.weight]
Loading weights:  61%|██████▏   | 240/391 [00:00<00:00, 15433.95it/s, Materializing param=encoder.layer.14.intermediate.dense.bias]    
Loading weights:  61%|██████▏   | 240/391 [00:00<00:00, 15433.95it/s, Materializing param=encoder.layer.14.intermediate.dense.bias]
Loading weights:  62%|██████▏   | 241/391 [00:00<00:00, 15498.26it/s, Materializing param=encoder.layer.14.intermediate.dense.weight]
Loading weights:  62%|██████▏   | 241/391 [00:00<00:00, 15498.26it/s, Materializing param=encoder.layer.14.intermediate.dense.weight]
Loading weights:  62%|██████▏   | 242/391 [00:00<00:00, 15562.56it/s, Materializing param=encoder.layer.14.output.LayerNorm.bias]    
Loading weights:  62%|██████▏   | 242/391 [00:00<00:00, 15562.56it/s, Materializing param=encoder.layer.14.output.LayerNorm.bias]
Loading weights:  62%|██████▏   | 243/391 [00:00<00:00, 15626.87it/s, Materializing param=encoder.layer.14.output.LayerNorm.weight]
Loading weights:  62%|██████▏   | 243/391 [00:00<00:00, 15626.87it/s, Materializing param=encoder.layer.14.output.LayerNorm.weight]
Loading weights:  62%|██████▏   | 244/391 [00:00<00:00, 15691.18it/s, Materializing param=encoder.layer.14.output.dense.bias]      
Loading weights:  62%|██████▏   | 244/391 [00:00<00:00, 15691.18it/s, Materializing param=encoder.layer.14.output.dense.bias]
Loading weights:  63%|██████▎   | 245/391 [00:00<00:00, 15755.49it/s, Materializing param=encoder.layer.14.output.dense.weight]
Loading weights:  63%|██████▎   | 245/391 [00:00<00:00, 15755.49it/s, Materializing param=encoder.layer.14.output.dense.weight]
Loading weights:  63%|██████▎   | 246/391 [00:00<00:00, 15819.80it/s, Materializing param=encoder.layer.15.attention.output.LayerNorm.bias]
Loading weights:  63%|██████▎   | 246/391 [00:00<00:00, 15819.80it/s, Materializing param=encoder.layer.15.attention.output.LayerNorm.bias]
Loading weights:  63%|██████▎   | 247/391 [00:00<00:00, 15884.10it/s, Materializing param=encoder.layer.15.attention.output.LayerNorm.weight]
Loading weights:  63%|██████▎   | 247/391 [00:00<00:00, 15884.10it/s, Materializing param=encoder.layer.15.attention.output.LayerNorm.weight]
Loading weights:  63%|██████▎   | 248/391 [00:00<00:00, 15948.41it/s, Materializing param=encoder.layer.15.attention.output.dense.bias]      
Loading weights:  63%|██████▎   | 248/391 [00:00<00:00, 15948.41it/s, Materializing param=encoder.layer.15.attention.output.dense.bias]
Loading weights:  64%|██████▎   | 249/391 [00:00<00:00, 16012.72it/s, Materializing param=encoder.layer.15.attention.output.dense.weight]
Loading weights:  64%|██████▎   | 249/391 [00:00<00:00, 16012.72it/s, Materializing param=encoder.layer.15.attention.output.dense.weight]
Loading weights:  64%|██████▍   | 250/391 [00:00<00:00, 16077.03it/s, Materializing param=encoder.layer.15.attention.self.key.bias]      
Loading weights:  64%|██████▍   | 250/391 [00:00<00:00, 16077.03it/s, Materializing param=encoder.layer.15.attention.self.key.bias]
Loading weights:  64%|██████▍   | 251/391 [00:00<00:00, 16141.34it/s, Materializing param=encoder.layer.15.attention.self.key.weight]
Loading weights:  64%|██████▍   | 251/391 [00:00<00:00, 16141.34it/s, Materializing param=encoder.layer.15.attention.self.key.weight]
Loading weights:  64%|██████▍   | 252/391 [00:00<00:00, 16205.65it/s, Materializing param=encoder.layer.15.attention.self.query.bias]
Loading weights:  64%|██████▍   | 252/391 [00:00<00:00, 16205.65it/s, Materializing param=encoder.layer.15.attention.self.query.bias]
Loading weights:  65%|██████▍   | 253/391 [00:00<00:00, 16269.95it/s, Materializing param=encoder.layer.15.attention.self.query.weight]
Loading weights:  65%|██████▍   | 253/391 [00:00<00:00, 16269.95it/s, Materializing param=encoder.layer.15.attention.self.query.weight]
Loading weights:  65%|██████▍   | 254/391 [00:00<00:00, 16334.26it/s, Materializing param=encoder.layer.15.attention.self.value.bias]  
Loading weights:  65%|██████▍   | 254/391 [00:00<00:00, 16334.26it/s, Materializing param=encoder.layer.15.attention.self.value.bias]
Loading weights:  65%|██████▌   | 255/391 [00:00<00:00, 16398.57it/s, Materializing param=encoder.layer.15.attention.self.value.weight]
Loading weights:  65%|██████▌   | 255/391 [00:00<00:00, 16398.57it/s, Materializing param=encoder.layer.15.attention.self.value.weight]
Loading weights:  65%|██████▌   | 256/391 [00:00<00:00, 16462.88it/s, Materializing param=encoder.layer.15.intermediate.dense.bias]    
Loading weights:  65%|██████▌   | 256/391 [00:00<00:00, 14553.69it/s, Materializing param=encoder.layer.15.intermediate.dense.bias]
Loading weights:  66%|██████▌   | 257/391 [00:00<00:00, 14610.54it/s, Materializing param=encoder.layer.15.intermediate.dense.weight]
Loading weights:  66%|██████▌   | 257/391 [00:00<00:00, 14610.54it/s, Materializing param=encoder.layer.15.intermediate.dense.weight]
Loading weights:  66%|██████▌   | 258/391 [00:00<00:00, 14667.39it/s, Materializing param=encoder.layer.15.output.LayerNorm.bias]    
Loading weights:  66%|██████▌   | 258/391 [00:00<00:00, 14667.39it/s, Materializing param=encoder.layer.15.output.LayerNorm.bias]
Loading weights:  66%|██████▌   | 259/391 [00:00<00:00, 14724.24it/s, Materializing param=encoder.layer.15.output.LayerNorm.weight]
Loading weights:  66%|██████▌   | 259/391 [00:00<00:00, 14724.24it/s, Materializing param=encoder.layer.15.output.LayerNorm.weight]
Loading weights:  66%|██████▋   | 260/391 [00:00<00:00, 14781.09it/s, Materializing param=encoder.layer.15.output.dense.bias]      
Loading weights:  66%|██████▋   | 260/391 [00:00<00:00, 14781.09it/s, Materializing param=encoder.layer.15.output.dense.bias]
Loading weights:  67%|██████▋   | 261/391 [00:00<00:00, 14837.94it/s, Materializing param=encoder.layer.15.output.dense.weight]
Loading weights:  67%|██████▋   | 261/391 [00:00<00:00, 14837.94it/s, Materializing param=encoder.layer.15.output.dense.weight]
Loading weights:  67%|██████▋   | 262/391 [00:00<00:00, 14894.79it/s, Materializing param=encoder.layer.16.attention.output.LayerNorm.bias]
Loading weights:  67%|██████▋   | 262/391 [00:00<00:00, 14894.79it/s, Materializing param=encoder.layer.16.attention.output.LayerNorm.bias]
Loading weights:  67%|██████▋   | 263/391 [00:00<00:00, 14951.64it/s, Materializing param=encoder.layer.16.attention.output.LayerNorm.weight]
Loading weights:  67%|██████▋   | 263/391 [00:00<00:00, 14951.64it/s, Materializing param=encoder.layer.16.attention.output.LayerNorm.weight]
Loading weights:  68%|██████▊   | 264/391 [00:00<00:00, 15008.49it/s, Materializing param=encoder.layer.16.attention.output.dense.bias]      
Loading weights:  68%|██████▊   | 264/391 [00:00<00:00, 15008.49it/s, Materializing param=encoder.layer.16.attention.output.dense.bias]
Loading weights:  68%|██████▊   | 265/391 [00:00<00:00, 15065.34it/s, Materializing param=encoder.layer.16.attention.output.dense.weight]
Loading weights:  68%|██████▊   | 265/391 [00:00<00:00, 15065.34it/s, Materializing param=encoder.layer.16.attention.output.dense.weight]
Loading weights:  68%|██████▊   | 266/391 [00:00<00:00, 15122.19it/s, Materializing param=encoder.layer.16.attention.self.key.bias]      
Loading weights:  68%|██████▊   | 266/391 [00:00<00:00, 15122.19it/s, Materializing param=encoder.layer.16.attention.self.key.bias]
Loading weights:  68%|██████▊   | 267/391 [00:00<00:00, 15179.04it/s, Materializing param=encoder.layer.16.attention.self.key.weight]
Loading weights:  68%|██████▊   | 267/391 [00:00<00:00, 15179.04it/s, Materializing param=encoder.layer.16.attention.self.key.weight]
Loading weights:  69%|██████▊   | 268/391 [00:00<00:00, 15235.89it/s, Materializing param=encoder.layer.16.attention.self.query.bias]
Loading weights:  69%|██████▊   | 268/391 [00:00<00:00, 15235.89it/s, Materializing param=encoder.layer.16.attention.self.query.bias]
Loading weights:  69%|██████▉   | 269/391 [00:00<00:00, 15292.74it/s, Materializing param=encoder.layer.16.attention.self.query.weight]
Loading weights:  69%|██████▉   | 269/391 [00:00<00:00, 15292.74it/s, Materializing param=encoder.layer.16.attention.self.query.weight]
Loading weights:  69%|██████▉   | 270/391 [00:00<00:00, 15349.59it/s, Materializing param=encoder.layer.16.attention.self.value.bias]  
Loading weights:  69%|██████▉   | 270/391 [00:00<00:00, 15349.59it/s, Materializing param=encoder.layer.16.attention.self.value.bias]
Loading weights:  69%|██████▉   | 271/391 [00:00<00:00, 15406.44it/s, Materializing param=encoder.layer.16.attention.self.value.weight]
Loading weights:  69%|██████▉   | 271/391 [00:00<00:00, 15406.44it/s, Materializing param=encoder.layer.16.attention.self.value.weight]
Loading weights:  70%|██████▉   | 272/391 [00:00<00:00, 15463.29it/s, Materializing param=encoder.layer.16.intermediate.dense.bias]    
Loading weights:  70%|██████▉   | 272/391 [00:00<00:00, 15463.29it/s, Materializing param=encoder.layer.16.intermediate.dense.bias]
Loading weights:  70%|██████▉   | 273/391 [00:00<00:00, 15520.14it/s, Materializing param=encoder.layer.16.intermediate.dense.weight]
Loading weights:  70%|██████▉   | 273/391 [00:00<00:00, 15520.14it/s, Materializing param=encoder.layer.16.intermediate.dense.weight]
Loading weights:  70%|███████   | 274/391 [00:00<00:00, 15576.99it/s, Materializing param=encoder.layer.16.output.LayerNorm.bias]    
Loading weights:  70%|███████   | 274/391 [00:00<00:00, 15576.99it/s, Materializing param=encoder.layer.16.output.LayerNorm.bias]
Loading weights:  70%|███████   | 275/391 [00:00<00:00, 15633.84it/s, Materializing param=encoder.layer.16.output.LayerNorm.weight]
Loading weights:  70%|███████   | 275/391 [00:00<00:00, 15633.84it/s, Materializing param=encoder.layer.16.output.LayerNorm.weight]
Loading weights:  71%|███████   | 276/391 [00:00<00:00, 15690.69it/s, Materializing param=encoder.layer.16.output.dense.bias]      
Loading weights:  71%|███████   | 276/391 [00:00<00:00, 15690.69it/s, Materializing param=encoder.layer.16.output.dense.bias]
Loading weights:  71%|███████   | 277/391 [00:00<00:00, 15747.54it/s, Materializing param=encoder.layer.16.output.dense.weight]
Loading weights:  71%|███████   | 277/391 [00:00<00:00, 15747.54it/s, Materializing param=encoder.layer.16.output.dense.weight]
Loading weights:  71%|███████   | 278/391 [00:00<00:00, 15804.39it/s, Materializing param=encoder.layer.17.attention.output.LayerNorm.bias]
Loading weights:  71%|███████   | 278/391 [00:00<00:00, 15804.39it/s, Materializing param=encoder.layer.17.attention.output.LayerNorm.bias]
Loading weights:  71%|███████▏  | 279/391 [00:00<00:00, 15861.24it/s, Materializing param=encoder.layer.17.attention.output.LayerNorm.weight]
Loading weights:  71%|███████▏  | 279/391 [00:00<00:00, 15861.24it/s, Materializing param=encoder.layer.17.attention.output.LayerNorm.weight]
Loading weights:  72%|███████▏  | 280/391 [00:00<00:00, 15918.09it/s, Materializing param=encoder.layer.17.attention.output.dense.bias]      
Loading weights:  72%|███████▏  | 280/391 [00:00<00:00, 15918.09it/s, Materializing param=encoder.layer.17.attention.output.dense.bias]
Loading weights:  72%|███████▏  | 281/391 [00:00<00:00, 15974.94it/s, Materializing param=encoder.layer.17.attention.output.dense.weight]
Loading weights:  72%|███████▏  | 281/391 [00:00<00:00, 15974.94it/s, Materializing param=encoder.layer.17.attention.output.dense.weight]
Loading weights:  72%|███████▏  | 282/391 [00:00<00:00, 16031.79it/s, Materializing param=encoder.layer.17.attention.self.key.bias]      
Loading weights:  72%|███████▏  | 282/391 [00:00<00:00, 16031.79it/s, Materializing param=encoder.layer.17.attention.self.key.bias]
Loading weights:  72%|███████▏  | 283/391 [00:00<00:00, 16088.64it/s, Materializing param=encoder.layer.17.attention.self.key.weight]
Loading weights:  72%|███████▏  | 283/391 [00:00<00:00, 16088.64it/s, Materializing param=encoder.layer.17.attention.self.key.weight]
Loading weights:  73%|███████▎  | 284/391 [00:00<00:00, 16145.50it/s, Materializing param=encoder.layer.17.attention.self.query.bias]
Loading weights:  73%|███████▎  | 284/391 [00:00<00:00, 16145.50it/s, Materializing param=encoder.layer.17.attention.self.query.bias]
Loading weights:  73%|███████▎  | 285/391 [00:00<00:00, 16202.35it/s, Materializing param=encoder.layer.17.attention.self.query.weight]
Loading weights:  73%|███████▎  | 285/391 [00:00<00:00, 16202.35it/s, Materializing param=encoder.layer.17.attention.self.query.weight]
Loading weights:  73%|███████▎  | 286/391 [00:00<00:00, 16259.20it/s, Materializing param=encoder.layer.17.attention.self.value.bias]  
Loading weights:  73%|███████▎  | 286/391 [00:00<00:00, 16259.20it/s, Materializing param=encoder.layer.17.attention.self.value.bias]
Loading weights:  73%|███████▎  | 287/391 [00:00<00:00, 16316.05it/s, Materializing param=encoder.layer.17.attention.self.value.weight]
Loading weights:  73%|███████▎  | 287/391 [00:00<00:00, 16316.05it/s, Materializing param=encoder.layer.17.attention.self.value.weight]
Loading weights:  74%|███████▎  | 288/391 [00:00<00:00, 16372.90it/s, Materializing param=encoder.layer.17.intermediate.dense.bias]    
Loading weights:  74%|███████▎  | 288/391 [00:00<00:00, 16372.90it/s, Materializing param=encoder.layer.17.intermediate.dense.bias]
Loading weights:  74%|███████▍  | 289/391 [00:00<00:00, 16429.75it/s, Materializing param=encoder.layer.17.intermediate.dense.weight]
Loading weights:  74%|███████▍  | 289/391 [00:00<00:00, 16429.75it/s, Materializing param=encoder.layer.17.intermediate.dense.weight]
Loading weights:  74%|███████▍  | 290/391 [00:00<00:00, 16486.60it/s, Materializing param=encoder.layer.17.output.LayerNorm.bias]    
Loading weights:  74%|███████▍  | 290/391 [00:00<00:00, 16486.60it/s, Materializing param=encoder.layer.17.output.LayerNorm.bias]
Loading weights:  74%|███████▍  | 291/391 [00:00<00:00, 16543.45it/s, Materializing param=encoder.layer.17.output.LayerNorm.weight]
Loading weights:  74%|███████▍  | 291/391 [00:00<00:00, 16543.45it/s, Materializing param=encoder.layer.17.output.LayerNorm.weight]
Loading weights:  75%|███████▍  | 292/391 [00:00<00:00, 16600.30it/s, Materializing param=encoder.layer.17.output.dense.bias]      
Loading weights:  75%|███████▍  | 292/391 [00:00<00:00, 16600.30it/s, Materializing param=encoder.layer.17.output.dense.bias]
Loading weights:  75%|███████▍  | 293/391 [00:00<00:00, 16657.15it/s, Materializing param=encoder.layer.17.output.dense.weight]
Loading weights:  75%|███████▍  | 293/391 [00:00<00:00, 16657.15it/s, Materializing param=encoder.layer.17.output.dense.weight]
Loading weights:  75%|███████▌  | 294/391 [00:00<00:00, 16714.00it/s, Materializing param=encoder.layer.18.attention.output.LayerNorm.bias]
Loading weights:  75%|███████▌  | 294/391 [00:00<00:00, 16714.00it/s, Materializing param=encoder.layer.18.attention.output.LayerNorm.bias]
Loading weights:  75%|███████▌  | 295/391 [00:00<00:00, 16770.85it/s, Materializing param=encoder.layer.18.attention.output.LayerNorm.weight]
Loading weights:  75%|███████▌  | 295/391 [00:00<00:00, 16770.85it/s, Materializing param=encoder.layer.18.attention.output.LayerNorm.weight]
Loading weights:  76%|███████▌  | 296/391 [00:00<00:00, 16827.70it/s, Materializing param=encoder.layer.18.attention.output.dense.bias]      
Loading weights:  76%|███████▌  | 296/391 [00:00<00:00, 16827.70it/s, Materializing param=encoder.layer.18.attention.output.dense.bias]
Loading weights:  76%|███████▌  | 297/391 [00:00<00:00, 16884.55it/s, Materializing param=encoder.layer.18.attention.output.dense.weight]
Loading weights:  76%|███████▌  | 297/391 [00:00<00:00, 16884.55it/s, Materializing param=encoder.layer.18.attention.output.dense.weight]
Loading weights:  76%|███████▌  | 298/391 [00:00<00:00, 16941.40it/s, Materializing param=encoder.layer.18.attention.self.key.bias]      
Loading weights:  76%|███████▌  | 298/391 [00:00<00:00, 16941.40it/s, Materializing param=encoder.layer.18.attention.self.key.bias]
Loading weights:  76%|███████▋  | 299/391 [00:00<00:00, 16998.25it/s, Materializing param=encoder.layer.18.attention.self.key.weight]
Loading weights:  76%|███████▋  | 299/391 [00:00<00:00, 16998.25it/s, Materializing param=encoder.layer.18.attention.self.key.weight]
Loading weights:  77%|███████▋  | 300/391 [00:00<00:00, 17055.10it/s, Materializing param=encoder.layer.18.attention.self.query.bias]
Loading weights:  77%|███████▋  | 300/391 [00:00<00:00, 17055.10it/s, Materializing param=encoder.layer.18.attention.self.query.bias]
Loading weights:  77%|███████▋  | 301/391 [00:00<00:00, 17111.95it/s, Materializing param=encoder.layer.18.attention.self.query.weight]
Loading weights:  77%|███████▋  | 301/391 [00:00<00:00, 17111.95it/s, Materializing param=encoder.layer.18.attention.self.query.weight]
Loading weights:  77%|███████▋  | 302/391 [00:00<00:00, 17168.80it/s, Materializing param=encoder.layer.18.attention.self.value.bias]  
Loading weights:  77%|███████▋  | 302/391 [00:00<00:00, 17168.80it/s, Materializing param=encoder.layer.18.attention.self.value.bias]
Loading weights:  77%|███████▋  | 303/391 [00:00<00:00, 17225.65it/s, Materializing param=encoder.layer.18.attention.self.value.weight]
Loading weights:  77%|███████▋  | 303/391 [00:00<00:00, 17225.65it/s, Materializing param=encoder.layer.18.attention.self.value.weight]
Loading weights:  78%|███████▊  | 304/391 [00:00<00:00, 17282.50it/s, Materializing param=encoder.layer.18.intermediate.dense.bias]    
Loading weights:  78%|███████▊  | 304/391 [00:00<00:00, 17282.50it/s, Materializing param=encoder.layer.18.intermediate.dense.bias]
Loading weights:  78%|███████▊  | 305/391 [00:00<00:00, 17339.35it/s, Materializing param=encoder.layer.18.intermediate.dense.weight]
Loading weights:  78%|███████▊  | 305/391 [00:00<00:00, 17339.35it/s, Materializing param=encoder.layer.18.intermediate.dense.weight]
Loading weights:  78%|███████▊  | 306/391 [00:00<00:00, 17396.20it/s, Materializing param=encoder.layer.18.output.LayerNorm.bias]    
Loading weights:  78%|███████▊  | 306/391 [00:00<00:00, 17396.20it/s, Materializing param=encoder.layer.18.output.LayerNorm.bias]
Loading weights:  79%|███████▊  | 307/391 [00:00<00:00, 17453.05it/s, Materializing param=encoder.layer.18.output.LayerNorm.weight]
Loading weights:  79%|███████▊  | 307/391 [00:00<00:00, 17453.05it/s, Materializing param=encoder.layer.18.output.LayerNorm.weight]
Loading weights:  79%|███████▉  | 308/391 [00:00<00:00, 17509.90it/s, Materializing param=encoder.layer.18.output.dense.bias]      
Loading weights:  79%|███████▉  | 308/391 [00:00<00:00, 17509.90it/s, Materializing param=encoder.layer.18.output.dense.bias]
Loading weights:  79%|███████▉  | 309/391 [00:00<00:00, 17566.75it/s, Materializing param=encoder.layer.18.output.dense.weight]
Loading weights:  79%|███████▉  | 309/391 [00:00<00:00, 17566.75it/s, Materializing param=encoder.layer.18.output.dense.weight]
Loading weights:  79%|███████▉  | 310/391 [00:00<00:00, 17623.60it/s, Materializing param=encoder.layer.19.attention.output.LayerNorm.bias]
Loading weights:  79%|███████▉  | 310/391 [00:00<00:00, 17623.60it/s, Materializing param=encoder.layer.19.attention.output.LayerNorm.bias]
Loading weights:  80%|███████▉  | 311/391 [00:00<00:00, 17680.45it/s, Materializing param=encoder.layer.19.attention.output.LayerNorm.weight]
Loading weights:  80%|███████▉  | 311/391 [00:00<00:00, 17680.45it/s, Materializing param=encoder.layer.19.attention.output.LayerNorm.weight]
Loading weights:  80%|███████▉  | 312/391 [00:00<00:00, 17737.30it/s, Materializing param=encoder.layer.19.attention.output.dense.bias]      
Loading weights:  80%|███████▉  | 312/391 [00:00<00:00, 17737.30it/s, Materializing param=encoder.layer.19.attention.output.dense.bias]
Loading weights:  80%|████████  | 313/391 [00:00<00:00, 17794.15it/s, Materializing param=encoder.layer.19.attention.output.dense.weight]
Loading weights:  80%|████████  | 313/391 [00:00<00:00, 17794.15it/s, Materializing param=encoder.layer.19.attention.output.dense.weight]
Loading weights:  80%|████████  | 314/391 [00:00<00:00, 17851.01it/s, Materializing param=encoder.layer.19.attention.self.key.bias]      
Loading weights:  80%|████████  | 314/391 [00:00<00:00, 17851.01it/s, Materializing param=encoder.layer.19.attention.self.key.bias]
Loading weights:  81%|████████  | 315/391 [00:00<00:00, 17907.86it/s, Materializing param=encoder.layer.19.attention.self.key.weight]
Loading weights:  81%|████████  | 315/391 [00:00<00:00, 17907.86it/s, Materializing param=encoder.layer.19.attention.self.key.weight]
Loading weights:  81%|████████  | 316/391 [00:00<00:00, 17964.71it/s, Materializing param=encoder.layer.19.attention.self.query.bias]
Loading weights:  81%|████████  | 316/391 [00:00<00:00, 17964.71it/s, Materializing param=encoder.layer.19.attention.self.query.bias]
Loading weights:  81%|████████  | 317/391 [00:00<00:00, 18021.56it/s, Materializing param=encoder.layer.19.attention.self.query.weight]
Loading weights:  81%|████████  | 317/391 [00:00<00:00, 18021.56it/s, Materializing param=encoder.layer.19.attention.self.query.weight]
Loading weights:  81%|████████▏ | 318/391 [00:00<00:00, 18078.41it/s, Materializing param=encoder.layer.19.attention.self.value.bias]  
Loading weights:  81%|████████▏ | 318/391 [00:00<00:00, 18078.41it/s, Materializing param=encoder.layer.19.attention.self.value.bias]
Loading weights:  82%|████████▏ | 319/391 [00:00<00:00, 18135.26it/s, Materializing param=encoder.layer.19.attention.self.value.weight]
Loading weights:  82%|████████▏ | 319/391 [00:00<00:00, 18135.26it/s, Materializing param=encoder.layer.19.attention.self.value.weight]
Loading weights:  82%|████████▏ | 320/391 [00:00<00:00, 18192.11it/s, Materializing param=encoder.layer.19.intermediate.dense.bias]    
Loading weights:  82%|████████▏ | 320/391 [00:00<00:00, 18192.11it/s, Materializing param=encoder.layer.19.intermediate.dense.bias]
Loading weights:  82%|████████▏ | 321/391 [00:00<00:00, 18248.96it/s, Materializing param=encoder.layer.19.intermediate.dense.weight]
Loading weights:  82%|████████▏ | 321/391 [00:00<00:00, 18248.96it/s, Materializing param=encoder.layer.19.intermediate.dense.weight]
Loading weights:  82%|████████▏ | 322/391 [00:00<00:00, 18305.81it/s, Materializing param=encoder.layer.19.output.LayerNorm.bias]    
Loading weights:  82%|████████▏ | 322/391 [00:00<00:00, 18305.81it/s, Materializing param=encoder.layer.19.output.LayerNorm.bias]
Loading weights:  83%|████████▎ | 323/391 [00:00<00:00, 18362.66it/s, Materializing param=encoder.layer.19.output.LayerNorm.weight]
Loading weights:  83%|████████▎ | 323/391 [00:00<00:00, 18362.66it/s, Materializing param=encoder.layer.19.output.LayerNorm.weight]
Loading weights:  83%|████████▎ | 324/391 [00:00<00:00, 18419.51it/s, Materializing param=encoder.layer.19.output.dense.bias]      
Loading weights:  83%|████████▎ | 324/391 [00:00<00:00, 18419.51it/s, Materializing param=encoder.layer.19.output.dense.bias]
Loading weights:  83%|████████▎ | 325/391 [00:00<00:00, 18476.36it/s, Materializing param=encoder.layer.19.output.dense.weight]
Loading weights:  83%|████████▎ | 325/391 [00:00<00:00, 18476.36it/s, Materializing param=encoder.layer.19.output.dense.weight]
Loading weights:  83%|████████▎ | 326/391 [00:00<00:00, 18533.21it/s, Materializing param=encoder.layer.20.attention.output.LayerNorm.bias]
Loading weights:  83%|████████▎ | 326/391 [00:00<00:00, 18533.21it/s, Materializing param=encoder.layer.20.attention.output.LayerNorm.bias]
Loading weights:  84%|████████▎ | 327/391 [00:00<00:00, 18590.06it/s, Materializing param=encoder.layer.20.attention.output.LayerNorm.weight]
Loading weights:  84%|████████▎ | 327/391 [00:00<00:00, 18590.06it/s, Materializing param=encoder.layer.20.attention.output.LayerNorm.weight]
Loading weights:  84%|████████▍ | 328/391 [00:00<00:00, 18646.91it/s, Materializing param=encoder.layer.20.attention.output.dense.bias]      
Loading weights:  84%|████████▍ | 328/391 [00:00<00:00, 18646.91it/s, Materializing param=encoder.layer.20.attention.output.dense.bias]
Loading weights:  84%|████████▍ | 329/391 [00:00<00:00, 18703.76it/s, Materializing param=encoder.layer.20.attention.output.dense.weight]
Loading weights:  84%|████████▍ | 329/391 [00:00<00:00, 18703.76it/s, Materializing param=encoder.layer.20.attention.output.dense.weight]
Loading weights:  84%|████████▍ | 330/391 [00:00<00:00, 18760.61it/s, Materializing param=encoder.layer.20.attention.self.key.bias]      
Loading weights:  84%|████████▍ | 330/391 [00:00<00:00, 18760.61it/s, Materializing param=encoder.layer.20.attention.self.key.bias]
Loading weights:  85%|████████▍ | 331/391 [00:00<00:00, 18817.46it/s, Materializing param=encoder.layer.20.attention.self.key.weight]
Loading weights:  85%|████████▍ | 331/391 [00:00<00:00, 18817.46it/s, Materializing param=encoder.layer.20.attention.self.key.weight]
Loading weights:  85%|████████▍ | 332/391 [00:00<00:00, 18874.31it/s, Materializing param=encoder.layer.20.attention.self.query.bias]
Loading weights:  85%|████████▍ | 332/391 [00:00<00:00, 18874.31it/s, Materializing param=encoder.layer.20.attention.self.query.bias]
Loading weights:  85%|████████▌ | 333/391 [00:00<00:00, 18931.16it/s, Materializing param=encoder.layer.20.attention.self.query.weight]
Loading weights:  85%|████████▌ | 333/391 [00:00<00:00, 18931.16it/s, Materializing param=encoder.layer.20.attention.self.query.weight]
Loading weights:  85%|████████▌ | 334/391 [00:00<00:00, 18988.01it/s, Materializing param=encoder.layer.20.attention.self.value.bias]  
Loading weights:  85%|████████▌ | 334/391 [00:00<00:00, 18988.01it/s, Materializing param=encoder.layer.20.attention.self.value.bias]
Loading weights:  86%|████████▌ | 335/391 [00:00<00:00, 19044.86it/s, Materializing param=encoder.layer.20.attention.self.value.weight]
Loading weights:  86%|████████▌ | 335/391 [00:00<00:00, 19044.86it/s, Materializing param=encoder.layer.20.attention.self.value.weight]
Loading weights:  86%|████████▌ | 336/391 [00:00<00:00, 19101.71it/s, Materializing param=encoder.layer.20.intermediate.dense.bias]    
Loading weights:  86%|████████▌ | 336/391 [00:00<00:00, 19101.71it/s, Materializing param=encoder.layer.20.intermediate.dense.bias]
Loading weights:  86%|████████▌ | 337/391 [00:00<00:00, 19158.56it/s, Materializing param=encoder.layer.20.intermediate.dense.weight]
Loading weights:  86%|████████▌ | 337/391 [00:00<00:00, 19158.56it/s, Materializing param=encoder.layer.20.intermediate.dense.weight]
Loading weights:  86%|████████▋ | 338/391 [00:00<00:00, 19215.41it/s, Materializing param=encoder.layer.20.output.LayerNorm.bias]    
Loading weights:  86%|████████▋ | 338/391 [00:00<00:00, 19215.41it/s, Materializing param=encoder.layer.20.output.LayerNorm.bias]
Loading weights:  87%|████████▋ | 339/391 [00:00<00:00, 19272.26it/s, Materializing param=encoder.layer.20.output.LayerNorm.weight]
Loading weights:  87%|████████▋ | 339/391 [00:00<00:00, 19272.26it/s, Materializing param=encoder.layer.20.output.LayerNorm.weight]
Loading weights:  87%|████████▋ | 340/391 [00:00<00:00, 19329.11it/s, Materializing param=encoder.layer.20.output.dense.bias]      
Loading weights:  87%|████████▋ | 340/391 [00:00<00:00, 19329.11it/s, Materializing param=encoder.layer.20.output.dense.bias]
Loading weights:  87%|████████▋ | 341/391 [00:00<00:00, 19385.96it/s, Materializing param=encoder.layer.20.output.dense.weight]
Loading weights:  87%|████████▋ | 341/391 [00:00<00:00, 19385.96it/s, Materializing param=encoder.layer.20.output.dense.weight]
Loading weights:  87%|████████▋ | 342/391 [00:00<00:00, 19442.81it/s, Materializing param=encoder.layer.21.attention.output.LayerNorm.bias]
Loading weights:  87%|████████▋ | 342/391 [00:00<00:00, 19442.81it/s, Materializing param=encoder.layer.21.attention.output.LayerNorm.bias]
Loading weights:  88%|████████▊ | 343/391 [00:00<00:00, 19499.66it/s, Materializing param=encoder.layer.21.attention.output.LayerNorm.weight]
Loading weights:  88%|████████▊ | 343/391 [00:00<00:00, 19499.66it/s, Materializing param=encoder.layer.21.attention.output.LayerNorm.weight]
Loading weights:  88%|████████▊ | 344/391 [00:00<00:00, 19556.52it/s, Materializing param=encoder.layer.21.attention.output.dense.bias]      
Loading weights:  88%|████████▊ | 344/391 [00:00<00:00, 19556.52it/s, Materializing param=encoder.layer.21.attention.output.dense.bias]
Loading weights:  88%|████████▊ | 345/391 [00:00<00:00, 19613.37it/s, Materializing param=encoder.layer.21.attention.output.dense.weight]
Loading weights:  88%|████████▊ | 345/391 [00:00<00:00, 19613.37it/s, Materializing param=encoder.layer.21.attention.output.dense.weight]
Loading weights:  88%|████████▊ | 346/391 [00:00<00:00, 19670.22it/s, Materializing param=encoder.layer.21.attention.self.key.bias]      
Loading weights:  88%|████████▊ | 346/391 [00:00<00:00, 19670.22it/s, Materializing param=encoder.layer.21.attention.self.key.bias]
Loading weights:  89%|████████▊ | 347/391 [00:00<00:00, 19727.07it/s, Materializing param=encoder.layer.21.attention.self.key.weight]
Loading weights:  89%|████████▊ | 347/391 [00:00<00:00, 19727.07it/s, Materializing param=encoder.layer.21.attention.self.key.weight]
Loading weights:  89%|████████▉ | 348/391 [00:00<00:00, 19783.92it/s, Materializing param=encoder.layer.21.attention.self.query.bias]
Loading weights:  89%|████████▉ | 348/391 [00:00<00:00, 19783.92it/s, Materializing param=encoder.layer.21.attention.self.query.bias]
Loading weights:  89%|████████▉ | 349/391 [00:00<00:00, 19840.77it/s, Materializing param=encoder.layer.21.attention.self.query.weight]
Loading weights:  89%|████████▉ | 349/391 [00:00<00:00, 19840.77it/s, Materializing param=encoder.layer.21.attention.self.query.weight]
Loading weights:  90%|████████▉ | 350/391 [00:00<00:00, 19897.62it/s, Materializing param=encoder.layer.21.attention.self.value.bias]  
Loading weights:  90%|████████▉ | 350/391 [00:00<00:00, 19897.62it/s, Materializing param=encoder.layer.21.attention.self.value.bias]
Loading weights:  90%|████████▉ | 351/391 [00:00<00:00, 19954.47it/s, Materializing param=encoder.layer.21.attention.self.value.weight]
Loading weights:  90%|████████▉ | 351/391 [00:00<00:00, 19954.47it/s, Materializing param=encoder.layer.21.attention.self.value.weight]
Loading weights:  90%|█████████ | 352/391 [00:00<00:00, 20011.32it/s, Materializing param=encoder.layer.21.intermediate.dense.bias]    
Loading weights:  90%|█████████ | 352/391 [00:00<00:00, 20011.32it/s, Materializing param=encoder.layer.21.intermediate.dense.bias]
Loading weights:  90%|█████████ | 353/391 [00:00<00:00, 20068.17it/s, Materializing param=encoder.layer.21.intermediate.dense.weight]
Loading weights:  90%|█████████ | 353/391 [00:00<00:00, 20068.17it/s, Materializing param=encoder.layer.21.intermediate.dense.weight]
Loading weights:  91%|█████████ | 354/391 [00:00<00:00, 20125.02it/s, Materializing param=encoder.layer.21.output.LayerNorm.bias]    
Loading weights:  91%|█████████ | 354/391 [00:00<00:00, 20125.02it/s, Materializing param=encoder.layer.21.output.LayerNorm.bias]
Loading weights:  91%|█████████ | 355/391 [00:00<00:00, 20181.87it/s, Materializing param=encoder.layer.21.output.LayerNorm.weight]
Loading weights:  91%|█████████ | 355/391 [00:00<00:00, 20181.87it/s, Materializing param=encoder.layer.21.output.LayerNorm.weight]
Loading weights:  91%|█████████ | 356/391 [00:00<00:00, 20238.72it/s, Materializing param=encoder.layer.21.output.dense.bias]      
Loading weights:  91%|█████████ | 356/391 [00:00<00:00, 20238.72it/s, Materializing param=encoder.layer.21.output.dense.bias]
Loading weights:  91%|█████████▏| 357/391 [00:00<00:00, 20295.57it/s, Materializing param=encoder.layer.21.output.dense.weight]
Loading weights:  91%|█████████▏| 357/391 [00:00<00:00, 20295.57it/s, Materializing param=encoder.layer.21.output.dense.weight]
Loading weights:  92%|█████████▏| 358/391 [00:00<00:00, 20352.42it/s, Materializing param=encoder.layer.22.attention.output.LayerNorm.bias]
Loading weights:  92%|█████████▏| 358/391 [00:00<00:00, 20352.42it/s, Materializing param=encoder.layer.22.attention.output.LayerNorm.bias]
Loading weights:  92%|█████████▏| 359/391 [00:00<00:00, 20409.27it/s, Materializing param=encoder.layer.22.attention.output.LayerNorm.weight]
Loading weights:  92%|█████████▏| 359/391 [00:00<00:00, 20409.27it/s, Materializing param=encoder.layer.22.attention.output.LayerNorm.weight]
Loading weights:  92%|█████████▏| 360/391 [00:00<00:00, 20466.12it/s, Materializing param=encoder.layer.22.attention.output.dense.bias]      
Loading weights:  92%|█████████▏| 360/391 [00:00<00:00, 20466.12it/s, Materializing param=encoder.layer.22.attention.output.dense.bias]
Loading weights:  92%|█████████▏| 361/391 [00:00<00:00, 20522.97it/s, Materializing param=encoder.layer.22.attention.output.dense.weight]
Loading weights:  92%|█████████▏| 361/391 [00:00<00:00, 20522.97it/s, Materializing param=encoder.layer.22.attention.output.dense.weight]
Loading weights:  93%|█████████▎| 362/391 [00:00<00:00, 20579.82it/s, Materializing param=encoder.layer.22.attention.self.key.bias]      
Loading weights:  93%|█████████▎| 362/391 [00:00<00:00, 20579.82it/s, Materializing param=encoder.layer.22.attention.self.key.bias]
Loading weights:  93%|█████████▎| 363/391 [00:00<00:00, 20636.67it/s, Materializing param=encoder.layer.22.attention.self.key.weight]
Loading weights:  93%|█████████▎| 363/391 [00:00<00:00, 20636.67it/s, Materializing param=encoder.layer.22.attention.self.key.weight]
Loading weights:  93%|█████████▎| 364/391 [00:00<00:00, 20693.52it/s, Materializing param=encoder.layer.22.attention.self.query.bias]
Loading weights:  93%|█████████▎| 364/391 [00:00<00:00, 20693.52it/s, Materializing param=encoder.layer.22.attention.self.query.bias]
Loading weights:  93%|█████████▎| 365/391 [00:00<00:00, 20750.37it/s, Materializing param=encoder.layer.22.attention.self.query.weight]
Loading weights:  93%|█████████▎| 365/391 [00:00<00:00, 20750.37it/s, Materializing param=encoder.layer.22.attention.self.query.weight]
Loading weights:  94%|█████████▎| 366/391 [00:00<00:00, 20807.22it/s, Materializing param=encoder.layer.22.attention.self.value.bias]  
Loading weights:  94%|█████████▎| 366/391 [00:00<00:00, 20807.22it/s, Materializing param=encoder.layer.22.attention.self.value.bias]
Loading weights:  94%|█████████▍| 367/391 [00:00<00:00, 20864.07it/s, Materializing param=encoder.layer.22.attention.self.value.weight]
Loading weights:  94%|█████████▍| 367/391 [00:00<00:00, 20864.07it/s, Materializing param=encoder.layer.22.attention.self.value.weight]
Loading weights:  94%|█████████▍| 368/391 [00:00<00:00, 20920.92it/s, Materializing param=encoder.layer.22.intermediate.dense.bias]    
Loading weights:  94%|█████████▍| 368/391 [00:00<00:00, 20920.92it/s, Materializing param=encoder.layer.22.intermediate.dense.bias]
Loading weights:  94%|█████████▍| 369/391 [00:00<00:00, 20977.77it/s, Materializing param=encoder.layer.22.intermediate.dense.weight]
Loading weights:  94%|█████████▍| 369/391 [00:00<00:00, 20977.77it/s, Materializing param=encoder.layer.22.intermediate.dense.weight]
Loading weights:  95%|█████████▍| 370/391 [00:00<00:00, 21034.62it/s, Materializing param=encoder.layer.22.output.LayerNorm.bias]    
Loading weights:  95%|█████████▍| 370/391 [00:00<00:00, 21034.62it/s, Materializing param=encoder.layer.22.output.LayerNorm.bias]
Loading weights:  95%|█████████▍| 371/391 [00:00<00:00, 21091.47it/s, Materializing param=encoder.layer.22.output.LayerNorm.weight]
Loading weights:  95%|█████████▍| 371/391 [00:00<00:00, 21091.47it/s, Materializing param=encoder.layer.22.output.LayerNorm.weight]
Loading weights:  95%|█████████▌| 372/391 [00:00<00:00, 21148.32it/s, Materializing param=encoder.layer.22.output.dense.bias]      
Loading weights:  95%|█████████▌| 372/391 [00:00<00:00, 21148.32it/s, Materializing param=encoder.layer.22.output.dense.bias]
Loading weights:  95%|█████████▌| 373/391 [00:00<00:00, 21205.17it/s, Materializing param=encoder.layer.22.output.dense.weight]
Loading weights:  95%|█████████▌| 373/391 [00:00<00:00, 21205.17it/s, Materializing param=encoder.layer.22.output.dense.weight]
Loading weights:  96%|█████████▌| 374/391 [00:00<00:00, 21262.03it/s, Materializing param=encoder.layer.23.attention.output.LayerNorm.bias]
Loading weights:  96%|█████████▌| 374/391 [00:00<00:00, 21262.03it/s, Materializing param=encoder.layer.23.attention.output.LayerNorm.bias]
Loading weights:  96%|█████████▌| 375/391 [00:00<00:00, 21318.88it/s, Materializing param=encoder.layer.23.attention.output.LayerNorm.weight]
Loading weights:  96%|█████████▌| 375/391 [00:00<00:00, 21318.88it/s, Materializing param=encoder.layer.23.attention.output.LayerNorm.weight]
Loading weights:  96%|█████████▌| 376/391 [00:00<00:00, 21375.73it/s, Materializing param=encoder.layer.23.attention.output.dense.bias]      
Loading weights:  96%|█████████▌| 376/391 [00:00<00:00, 21375.73it/s, Materializing param=encoder.layer.23.attention.output.dense.bias]
Loading weights:  96%|█████████▋| 377/391 [00:00<00:00, 21432.58it/s, Materializing param=encoder.layer.23.attention.output.dense.weight]
Loading weights:  96%|█████████▋| 377/391 [00:00<00:00, 21432.58it/s, Materializing param=encoder.layer.23.attention.output.dense.weight]
Loading weights:  97%|█████████▋| 378/391 [00:00<00:00, 21489.43it/s, Materializing param=encoder.layer.23.attention.self.key.bias]      
Loading weights:  97%|█████████▋| 378/391 [00:00<00:00, 21489.43it/s, Materializing param=encoder.layer.23.attention.self.key.bias]
Loading weights:  97%|█████████▋| 379/391 [00:00<00:00, 21546.28it/s, Materializing param=encoder.layer.23.attention.self.key.weight]
Loading weights:  97%|█████████▋| 379/391 [00:00<00:00, 21546.28it/s, Materializing param=encoder.layer.23.attention.self.key.weight]
Loading weights:  97%|█████████▋| 380/391 [00:00<00:00, 21603.13it/s, Materializing param=encoder.layer.23.attention.self.query.bias]
Loading weights:  97%|█████████▋| 380/391 [00:00<00:00, 21603.13it/s, Materializing param=encoder.layer.23.attention.self.query.bias]
Loading weights:  97%|█████████▋| 381/391 [00:00<00:00, 21659.98it/s, Materializing param=encoder.layer.23.attention.self.query.weight]
Loading weights:  97%|█████████▋| 381/391 [00:00<00:00, 21659.98it/s, Materializing param=encoder.layer.23.attention.self.query.weight]
Loading weights:  98%|█████████▊| 382/391 [00:00<00:00, 21716.83it/s, Materializing param=encoder.layer.23.attention.self.value.bias]  
Loading weights:  98%|█████████▊| 382/391 [00:00<00:00, 21716.83it/s, Materializing param=encoder.layer.23.attention.self.value.bias]
Loading weights:  98%|█████████▊| 383/391 [00:00<00:00, 21773.68it/s, Materializing param=encoder.layer.23.attention.self.value.weight]
Loading weights:  98%|█████████▊| 383/391 [00:00<00:00, 21773.68it/s, Materializing param=encoder.layer.23.attention.self.value.weight]
Loading weights:  98%|█████████▊| 384/391 [00:00<00:00, 21830.53it/s, Materializing param=encoder.layer.23.intermediate.dense.bias]    
Loading weights:  98%|█████████▊| 384/391 [00:00<00:00, 21830.53it/s, Materializing param=encoder.layer.23.intermediate.dense.bias]
Loading weights:  98%|█████████▊| 385/391 [00:00<00:00, 21887.38it/s, Materializing param=encoder.layer.23.intermediate.dense.weight]
Loading weights:  98%|█████████▊| 385/391 [00:00<00:00, 21887.38it/s, Materializing param=encoder.layer.23.intermediate.dense.weight]
Loading weights:  99%|█████████▊| 386/391 [00:00<00:00, 21944.23it/s, Materializing param=encoder.layer.23.output.LayerNorm.bias]    
Loading weights:  99%|█████████▊| 386/391 [00:00<00:00, 21944.23it/s, Materializing param=encoder.layer.23.output.LayerNorm.bias]
Loading weights:  99%|█████████▉| 387/391 [00:00<00:00, 22001.08it/s, Materializing param=encoder.layer.23.output.LayerNorm.weight]
Loading weights:  99%|█████████▉| 387/391 [00:00<00:00, 22001.08it/s, Materializing param=encoder.layer.23.output.LayerNorm.weight]
Loading weights:  99%|█████████▉| 388/391 [00:00<00:00, 22057.93it/s, Materializing param=encoder.layer.23.output.dense.bias]      
Loading weights:  99%|█████████▉| 388/391 [00:00<00:00, 22057.93it/s, Materializing param=encoder.layer.23.output.dense.bias]
Loading weights:  99%|█████████▉| 389/391 [00:00<00:00, 22114.78it/s, Materializing param=encoder.layer.23.output.dense.weight]
Loading weights:  99%|█████████▉| 389/391 [00:00<00:00, 22114.78it/s, Materializing param=encoder.layer.23.output.dense.weight]
Loading weights: 100%|█████████▉| 390/391 [00:00<00:00, 22171.63it/s, Materializing param=pooler.dense.bias]                   
Loading weights: 100%|█████████▉| 390/391 [00:00<00:00, 22171.63it/s, Materializing param=pooler.dense.bias]
Loading weights: 100%|██████████| 391/391 [00:00<00:00, 22228.48it/s, Materializing param=pooler.dense.weight]
Loading weights: 100%|██████████| 391/391 [00:00<00:00, 22228.48it/s, Materializing param=pooler.dense.weight]
Loading weights: 100%|██████████| 391/391 [00:00<00:00, 22228.48it/s, Materializing param=pooler.dense.weight]

Processing: 0item [00:00, ?item/s]
Processing: 0item [00:00, ?item/s]

Processing: 0item [00:00, ?item/s]
Processing: 0item [00:00, ?item/s]

Processing: 0item [00:00, ?item/s]
Processing: 0item [00:00, ?item/s]

Processing: 0item [00:00, ?item/s]
Processing: 0item [00:00, ?item/s]

Processing: 0item [00:00, ?item/s]
Processing: 0item [00:00, ?item/s]

Processing: 0item [00:00, ?item/s]
Processing: 0item [00:00, ?item/s]

Processing: 0item [00:00, ?item/s]
Processing: 0item [00:00, ?item/s]

Processing:   0%|          | 0/4 [00:00<?, ?item/s]
Processing: 100%|██████████| 4/4 [00:00<?, ?item/s]

Loading weights:   0%|          | 0/391 [00:00<?, ?it/s]
Loading weights:   0%|          | 1/391 [00:00<?, ?it/s, Materializing param=embeddings.LayerNorm.bias]
Loading weights:   0%|          | 1/391 [00:00<?, ?it/s, Materializing param=embeddings.LayerNorm.bias]
Loading weights:   1%|          | 2/391 [00:00<?, ?it/s, Materializing param=embeddings.LayerNorm.weight]
Loading weights:   1%|          | 2/391 [00:00<?, ?it/s, Materializing param=embeddings.LayerNorm.weight]
Loading weights:   1%|          | 3/391 [00:00<?, ?it/s, Materializing param=embeddings.position_embeddings.weight]
Loading weights:   1%|          | 3/391 [00:00<?, ?it/s, Materializing param=embeddings.position_embeddings.weight]
Loading weights:   1%|          | 4/391 [00:00<?, ?it/s, Materializing param=embeddings.token_type_embeddings.weight]
Loading weights:   1%|          | 4/391 [00:00<?, ?it/s, Materializing param=embeddings.token_type_embeddings.weight]
Loading weights:   1%|▏         | 5/391 [00:00<?, ?it/s, Materializing param=embeddings.word_embeddings.weight]      
Loading weights:   1%|▏         | 5/391 [00:00<?, ?it/s, Materializing param=embeddings.word_embeddings.weight]
Loading weights:   2%|▏         | 6/391 [00:00<00:00, 3955.65it/s, Materializing param=encoder.layer.0.attention.output.LayerNorm.bias]
Loading weights:   2%|▏         | 6/391 [00:00<00:00, 3955.65it/s, Materializing param=encoder.layer.0.attention.output.LayerNorm.bias]
Loading weights:   2%|▏         | 7/391 [00:00<00:00, 4614.92it/s, Materializing param=encoder.layer.0.attention.output.LayerNorm.weight]
Loading weights:   2%|▏         | 7/391 [00:00<00:00, 4614.92it/s, Materializing param=encoder.layer.0.attention.output.LayerNorm.weight]
Loading weights:   2%|▏         | 8/391 [00:00<00:00, 5274.20it/s, Materializing param=encoder.layer.0.attention.output.dense.bias]      
Loading weights:   2%|▏         | 8/391 [00:00<00:00, 5274.20it/s, Materializing param=encoder.layer.0.attention.output.dense.bias]
Loading weights:   2%|▏         | 9/391 [00:00<00:00, 5933.47it/s, Materializing param=encoder.layer.0.attention.output.dense.weight]
Loading weights:   2%|▏         | 9/391 [00:00<00:00, 5933.47it/s, Materializing param=encoder.layer.0.attention.output.dense.weight]
Loading weights:   3%|▎         | 10/391 [00:00<00:00, 6592.74it/s, Materializing param=encoder.layer.0.attention.self.key.bias]     
Loading weights:   3%|▎         | 10/391 [00:00<00:00, 6592.74it/s, Materializing param=encoder.layer.0.attention.self.key.bias]
Loading weights:   3%|▎         | 11/391 [00:00<00:00, 7252.02it/s, Materializing param=encoder.layer.0.attention.self.key.weight]
Loading weights:   3%|▎         | 11/391 [00:00<00:00, 7252.02it/s, Materializing param=encoder.layer.0.attention.self.key.weight]
Loading weights:   3%|▎         | 12/391 [00:00<00:00, 7911.29it/s, Materializing param=encoder.layer.0.attention.self.query.bias]
Loading weights:   3%|▎         | 12/391 [00:00<00:00, 3398.49it/s, Materializing param=encoder.layer.0.attention.self.query.bias]
Loading weights:   3%|▎         | 13/391 [00:00<00:00, 3681.70it/s, Materializing param=encoder.layer.0.attention.self.query.weight]
Loading weights:   3%|▎         | 13/391 [00:00<00:00, 3681.70it/s, Materializing param=encoder.layer.0.attention.self.query.weight]
Loading weights:   4%|▎         | 14/391 [00:00<00:00, 1256.26it/s, Materializing param=encoder.layer.0.attention.self.value.bias]  
Loading weights:   4%|▎         | 14/391 [00:00<00:00, 1256.26it/s, Materializing param=encoder.layer.0.attention.self.value.bias]
Loading weights:   4%|▍         | 15/391 [00:00<00:00, 1346.00it/s, Materializing param=encoder.layer.0.attention.self.value.weight]
Loading weights:   4%|▍         | 15/391 [00:00<00:00, 1346.00it/s, Materializing param=encoder.layer.0.attention.self.value.weight]
Loading weights:   4%|▍         | 16/391 [00:00<00:00, 1435.73it/s, Materializing param=encoder.layer.0.intermediate.dense.bias]    
Loading weights:   4%|▍         | 16/391 [00:00<00:00, 1435.73it/s, Materializing param=encoder.layer.0.intermediate.dense.bias]
Loading weights:   4%|▍         | 17/391 [00:00<00:00, 1525.46it/s, Materializing param=encoder.layer.0.intermediate.dense.weight]
Loading weights:   4%|▍         | 17/391 [00:00<00:00, 1525.46it/s, Materializing param=encoder.layer.0.intermediate.dense.weight]
Loading weights:   5%|▍         | 18/391 [00:00<00:00, 1615.20it/s, Materializing param=encoder.layer.0.output.LayerNorm.bias]    
Loading weights:   5%|▍         | 18/391 [00:00<00:00, 1615.20it/s, Materializing param=encoder.layer.0.output.LayerNorm.bias]
Loading weights:   5%|▍         | 19/391 [00:00<00:00, 1704.93it/s, Materializing param=encoder.layer.0.output.LayerNorm.weight]
Loading weights:   5%|▍         | 19/391 [00:00<00:00, 1704.93it/s, Materializing param=encoder.layer.0.output.LayerNorm.weight]
Loading weights:   5%|▌         | 20/391 [00:00<00:00, 1794.66it/s, Materializing param=encoder.layer.0.output.dense.bias]      
Loading weights:   5%|▌         | 20/391 [00:00<00:00, 1794.66it/s, Materializing param=encoder.layer.0.output.dense.bias]
Loading weights:   5%|▌         | 21/391 [00:00<00:00, 1884.39it/s, Materializing param=encoder.layer.0.output.dense.weight]
Loading weights:   5%|▌         | 21/391 [00:00<00:00, 1884.39it/s, Materializing param=encoder.layer.0.output.dense.weight]
Loading weights:   6%|▌         | 22/391 [00:00<00:00, 1974.13it/s, Materializing param=encoder.layer.1.attention.output.LayerNorm.bias]
Loading weights:   6%|▌         | 22/391 [00:00<00:00, 1974.13it/s, Materializing param=encoder.layer.1.attention.output.LayerNorm.bias]
Loading weights:   6%|▌         | 23/391 [00:00<00:00, 2063.86it/s, Materializing param=encoder.layer.1.attention.output.LayerNorm.weight]
Loading weights:   6%|▌         | 23/391 [00:00<00:00, 2063.86it/s, Materializing param=encoder.layer.1.attention.output.LayerNorm.weight]
Loading weights:   6%|▌         | 24/391 [00:00<00:00, 2153.59it/s, Materializing param=encoder.layer.1.attention.output.dense.bias]      
Loading weights:   6%|▌         | 24/391 [00:00<00:00, 2153.59it/s, Materializing param=encoder.layer.1.attention.output.dense.bias]
Loading weights:   6%|▋         | 25/391 [00:00<00:00, 1901.11it/s, Materializing param=encoder.layer.1.attention.output.dense.weight]
Loading weights:   6%|▋         | 25/391 [00:00<00:00, 1901.11it/s, Materializing param=encoder.layer.1.attention.output.dense.weight]
Loading weights:   7%|▋         | 26/391 [00:00<00:00, 1977.15it/s, Materializing param=encoder.layer.1.attention.self.key.bias]      
Loading weights:   7%|▋         | 26/391 [00:00<00:00, 1977.15it/s, Materializing param=encoder.layer.1.attention.self.key.bias]
Loading weights:   7%|▋         | 27/391 [00:00<00:00, 2053.20it/s, Materializing param=encoder.layer.1.attention.self.key.weight]
Loading weights:   7%|▋         | 27/391 [00:00<00:00, 2053.20it/s, Materializing param=encoder.layer.1.attention.self.key.weight]
Loading weights:   7%|▋         | 28/391 [00:00<00:00, 2129.24it/s, Materializing param=encoder.layer.1.attention.self.query.bias]
Loading weights:   7%|▋         | 28/391 [00:00<00:00, 2129.24it/s, Materializing param=encoder.layer.1.attention.self.query.bias]
Loading weights:   7%|▋         | 29/391 [00:00<00:00, 2205.29it/s, Materializing param=encoder.layer.1.attention.self.query.weight]
Loading weights:   7%|▋         | 29/391 [00:00<00:00, 2205.29it/s, Materializing param=encoder.layer.1.attention.self.query.weight]
Loading weights:   8%|▊         | 30/391 [00:00<00:00, 2281.33it/s, Materializing param=encoder.layer.1.attention.self.value.bias]  
Loading weights:   8%|▊         | 30/391 [00:00<00:00, 2281.33it/s, Materializing param=encoder.layer.1.attention.self.value.bias]
Loading weights:   8%|▊         | 31/391 [00:00<00:00, 2357.38it/s, Materializing param=encoder.layer.1.attention.self.value.weight]
Loading weights:   8%|▊         | 31/391 [00:00<00:00, 2357.38it/s, Materializing param=encoder.layer.1.attention.self.value.weight]
Loading weights:   8%|▊         | 32/391 [00:00<00:00, 2433.42it/s, Materializing param=encoder.layer.1.intermediate.dense.bias]    
Loading weights:   8%|▊         | 32/391 [00:00<00:00, 2433.42it/s, Materializing param=encoder.layer.1.intermediate.dense.bias]
Loading weights:   8%|▊         | 33/391 [00:00<00:00, 2509.46it/s, Materializing param=encoder.layer.1.intermediate.dense.weight]
Loading weights:   8%|▊         | 33/391 [00:00<00:00, 2509.46it/s, Materializing param=encoder.layer.1.intermediate.dense.weight]
Loading weights:   9%|▊         | 34/391 [00:00<00:00, 2585.51it/s, Materializing param=encoder.layer.1.output.LayerNorm.bias]    
Loading weights:   9%|▊         | 34/391 [00:00<00:00, 2585.51it/s, Materializing param=encoder.layer.1.output.LayerNorm.bias]
Loading weights:   9%|▉         | 35/391 [00:00<00:00, 2661.55it/s, Materializing param=encoder.layer.1.output.LayerNorm.weight]
Loading weights:   9%|▉         | 35/391 [00:00<00:00, 2661.55it/s, Materializing param=encoder.layer.1.output.LayerNorm.weight]
Loading weights:   9%|▉         | 36/391 [00:00<00:00, 2737.60it/s, Materializing param=encoder.layer.1.output.dense.bias]      
Loading weights:   9%|▉         | 36/391 [00:00<00:00, 2737.60it/s, Materializing param=encoder.layer.1.output.dense.bias]
Loading weights:   9%|▉         | 37/391 [00:00<00:00, 2813.64it/s, Materializing param=encoder.layer.1.output.dense.weight]
Loading weights:   9%|▉         | 37/391 [00:00<00:00, 2813.64it/s, Materializing param=encoder.layer.1.output.dense.weight]
Loading weights:  10%|▉         | 38/391 [00:00<00:00, 2889.69it/s, Materializing param=encoder.layer.2.attention.output.LayerNorm.bias]
Loading weights:  10%|▉         | 38/391 [00:00<00:00, 2889.69it/s, Materializing param=encoder.layer.2.attention.output.LayerNorm.bias]
Loading weights:  10%|▉         | 39/391 [00:00<00:00, 2965.73it/s, Materializing param=encoder.layer.2.attention.output.LayerNorm.weight]
Loading weights:  10%|▉         | 39/391 [00:00<00:00, 2965.73it/s, Materializing param=encoder.layer.2.attention.output.LayerNorm.weight]
Loading weights:  10%|█         | 40/391 [00:00<00:00, 3041.78it/s, Materializing param=encoder.layer.2.attention.output.dense.bias]      
Loading weights:  10%|█         | 40/391 [00:00<00:00, 3041.78it/s, Materializing param=encoder.layer.2.attention.output.dense.bias]
Loading weights:  10%|█         | 41/391 [00:00<00:00, 3117.82it/s, Materializing param=encoder.layer.2.attention.output.dense.weight]
Loading weights:  10%|█         | 41/391 [00:00<00:00, 3117.82it/s, Materializing param=encoder.layer.2.attention.output.dense.weight]
Loading weights:  11%|█         | 42/391 [00:00<00:00, 3193.86it/s, Materializing param=encoder.layer.2.attention.self.key.bias]      
Loading weights:  11%|█         | 42/391 [00:00<00:00, 3193.86it/s, Materializing param=encoder.layer.2.attention.self.key.bias]
Loading weights:  11%|█         | 43/391 [00:00<00:00, 3269.91it/s, Materializing param=encoder.layer.2.attention.self.key.weight]
Loading weights:  11%|█         | 43/391 [00:00<00:00, 3269.91it/s, Materializing param=encoder.layer.2.attention.self.key.weight]
Loading weights:  11%|█▏        | 44/391 [00:00<00:00, 3345.95it/s, Materializing param=encoder.layer.2.attention.self.query.bias]
Loading weights:  11%|█▏        | 44/391 [00:00<00:00, 3345.95it/s, Materializing param=encoder.layer.2.attention.self.query.bias]
Loading weights:  12%|█▏        | 45/391 [00:00<00:00, 3422.00it/s, Materializing param=encoder.layer.2.attention.self.query.weight]
Loading weights:  12%|█▏        | 45/391 [00:00<00:00, 3422.00it/s, Materializing param=encoder.layer.2.attention.self.query.weight]
Loading weights:  12%|█▏        | 46/391 [00:00<00:00, 3498.04it/s, Materializing param=encoder.layer.2.attention.self.value.bias]  
Loading weights:  12%|█▏        | 46/391 [00:00<00:00, 3498.04it/s, Materializing param=encoder.layer.2.attention.self.value.bias]
Loading weights:  12%|█▏        | 47/391 [00:00<00:00, 3574.09it/s, Materializing param=encoder.layer.2.attention.self.value.weight]
Loading weights:  12%|█▏        | 47/391 [00:00<00:00, 3100.83it/s, Materializing param=encoder.layer.2.attention.self.value.weight]
Loading weights:  12%|█▏        | 48/391 [00:00<00:00, 3166.81it/s, Materializing param=encoder.layer.2.intermediate.dense.bias]    
Loading weights:  12%|█▏        | 48/391 [00:00<00:00, 3166.81it/s, Materializing param=encoder.layer.2.intermediate.dense.bias]
Loading weights:  13%|█▎        | 49/391 [00:00<00:00, 3232.78it/s, Materializing param=encoder.layer.2.intermediate.dense.weight]
Loading weights:  13%|█▎        | 49/391 [00:00<00:00, 3232.78it/s, Materializing param=encoder.layer.2.intermediate.dense.weight]
Loading weights:  13%|█▎        | 50/391 [00:00<00:00, 2913.56it/s, Materializing param=encoder.layer.2.output.LayerNorm.bias]    
Loading weights:  13%|█▎        | 50/391 [00:00<00:00, 2913.56it/s, Materializing param=encoder.layer.2.output.LayerNorm.bias]
Loading weights:  13%|█▎        | 51/391 [00:00<00:00, 2971.83it/s, Materializing param=encoder.layer.2.output.LayerNorm.weight]
Loading weights:  13%|█▎        | 51/391 [00:00<00:00, 2971.83it/s, Materializing param=encoder.layer.2.output.LayerNorm.weight]
Loading weights:  13%|█▎        | 52/391 [00:00<00:00, 3030.10it/s, Materializing param=encoder.layer.2.output.dense.bias]      
Loading weights:  13%|█▎        | 52/391 [00:00<00:00, 3030.10it/s, Materializing param=encoder.layer.2.output.dense.bias]
Loading weights:  14%|█▎        | 53/391 [00:00<00:00, 3088.37it/s, Materializing param=encoder.layer.2.output.dense.weight]
Loading weights:  14%|█▎        | 53/391 [00:00<00:00, 3088.37it/s, Materializing param=encoder.layer.2.output.dense.weight]
Loading weights:  14%|█▍        | 54/391 [00:00<00:00, 3146.65it/s, Materializing param=encoder.layer.3.attention.output.LayerNorm.bias]
Loading weights:  14%|█▍        | 54/391 [00:00<00:00, 3146.65it/s, Materializing param=encoder.layer.3.attention.output.LayerNorm.bias]
Loading weights:  14%|█▍        | 55/391 [00:00<00:00, 3204.92it/s, Materializing param=encoder.layer.3.attention.output.LayerNorm.weight]
Loading weights:  14%|█▍        | 55/391 [00:00<00:00, 3204.92it/s, Materializing param=encoder.layer.3.attention.output.LayerNorm.weight]
Loading weights:  14%|█▍        | 56/391 [00:00<00:00, 3263.19it/s, Materializing param=encoder.layer.3.attention.output.dense.bias]      
Loading weights:  14%|█▍        | 56/391 [00:00<00:00, 3263.19it/s, Materializing param=encoder.layer.3.attention.output.dense.bias]
Loading weights:  15%|█▍        | 57/391 [00:00<00:00, 3321.46it/s, Materializing param=encoder.layer.3.attention.output.dense.weight]
Loading weights:  15%|█▍        | 57/391 [00:00<00:00, 3321.46it/s, Materializing param=encoder.layer.3.attention.output.dense.weight]
Loading weights:  15%|█▍        | 58/391 [00:00<00:00, 3379.73it/s, Materializing param=encoder.layer.3.attention.self.key.bias]      
Loading weights:  15%|█▍        | 58/391 [00:00<00:00, 3379.73it/s, Materializing param=encoder.layer.3.attention.self.key.bias]
Loading weights:  15%|█▌        | 59/391 [00:00<00:00, 3438.00it/s, Materializing param=encoder.layer.3.attention.self.key.weight]
Loading weights:  15%|█▌        | 59/391 [00:00<00:00, 3438.00it/s, Materializing param=encoder.layer.3.attention.self.key.weight]
Loading weights:  15%|█▌        | 60/391 [00:00<00:00, 3496.27it/s, Materializing param=encoder.layer.3.attention.self.query.bias]
Loading weights:  15%|█▌        | 60/391 [00:00<00:00, 3496.27it/s, Materializing param=encoder.layer.3.attention.self.query.bias]
Loading weights:  16%|█▌        | 61/391 [00:00<00:00, 3554.54it/s, Materializing param=encoder.layer.3.attention.self.query.weight]
Loading weights:  16%|█▌        | 61/391 [00:00<00:00, 3554.54it/s, Materializing param=encoder.layer.3.attention.self.query.weight]
Loading weights:  16%|█▌        | 62/391 [00:00<00:00, 2928.98it/s, Materializing param=encoder.layer.3.attention.self.value.bias]  
Loading weights:  16%|█▌        | 62/391 [00:00<00:00, 2928.98it/s, Materializing param=encoder.layer.3.attention.self.value.bias]
Loading weights:  16%|█▌        | 63/391 [00:00<00:00, 2976.22it/s, Materializing param=encoder.layer.3.attention.self.value.weight]
Loading weights:  16%|█▌        | 63/391 [00:00<00:00, 2976.22it/s, Materializing param=encoder.layer.3.attention.self.value.weight]
Loading weights:  16%|█▋        | 64/391 [00:00<00:00, 3023.47it/s, Materializing param=encoder.layer.3.intermediate.dense.bias]    
Loading weights:  16%|█▋        | 64/391 [00:00<00:00, 3023.47it/s, Materializing param=encoder.layer.3.intermediate.dense.bias]
Loading weights:  17%|█▋        | 65/391 [00:00<00:00, 3070.71it/s, Materializing param=encoder.layer.3.intermediate.dense.weight]
Loading weights:  17%|█▋        | 65/391 [00:00<00:00, 3070.71it/s, Materializing param=encoder.layer.3.intermediate.dense.weight]
Loading weights:  17%|█▋        | 66/391 [00:00<00:00, 2929.48it/s, Materializing param=encoder.layer.3.output.LayerNorm.bias]    
Loading weights:  17%|█▋        | 66/391 [00:00<00:00, 2929.48it/s, Materializing param=encoder.layer.3.output.LayerNorm.bias]
Loading weights:  17%|█▋        | 67/391 [00:00<00:00, 2973.87it/s, Materializing param=encoder.layer.3.output.LayerNorm.weight]
Loading weights:  17%|█▋        | 67/391 [00:00<00:00, 2973.87it/s, Materializing param=encoder.layer.3.output.LayerNorm.weight]
Loading weights:  17%|█▋        | 68/391 [00:00<00:00, 3018.25it/s, Materializing param=encoder.layer.3.output.dense.bias]      
Loading weights:  17%|█▋        | 68/391 [00:00<00:00, 3018.25it/s, Materializing param=encoder.layer.3.output.dense.bias]
Loading weights:  18%|█▊        | 69/391 [00:00<00:00, 3062.64it/s, Materializing param=encoder.layer.3.output.dense.weight]
Loading weights:  18%|█▊        | 69/391 [00:00<00:00, 3062.64it/s, Materializing param=encoder.layer.3.output.dense.weight]
Loading weights:  18%|█▊        | 70/391 [00:00<00:00, 2974.47it/s, Materializing param=encoder.layer.4.attention.output.LayerNorm.bias]
Loading weights:  18%|█▊        | 70/391 [00:00<00:00, 2974.47it/s, Materializing param=encoder.layer.4.attention.output.LayerNorm.bias]
Loading weights:  18%|█▊        | 71/391 [00:00<00:00, 3016.97it/s, Materializing param=encoder.layer.4.attention.output.LayerNorm.weight]
Loading weights:  18%|█▊        | 71/391 [00:00<00:00, 3016.97it/s, Materializing param=encoder.layer.4.attention.output.LayerNorm.weight]
Loading weights:  18%|█▊        | 72/391 [00:00<00:00, 3059.46it/s, Materializing param=encoder.layer.4.attention.output.dense.bias]      
Loading weights:  18%|█▊        | 72/391 [00:00<00:00, 3059.46it/s, Materializing param=encoder.layer.4.attention.output.dense.bias]
Loading weights:  19%|█▊        | 73/391 [00:00<00:00, 3101.95it/s, Materializing param=encoder.layer.4.attention.output.dense.weight]
Loading weights:  19%|█▊        | 73/391 [00:00<00:00, 3101.95it/s, Materializing param=encoder.layer.4.attention.output.dense.weight]
Loading weights:  19%|█▉        | 74/391 [00:00<00:00, 3144.44it/s, Materializing param=encoder.layer.4.attention.self.key.bias]      
Loading weights:  19%|█▉        | 74/391 [00:00<00:00, 3144.44it/s, Materializing param=encoder.layer.4.attention.self.key.bias]
Loading weights:  19%|█▉        | 75/391 [00:00<00:00, 3186.94it/s, Materializing param=encoder.layer.4.attention.self.key.weight]
Loading weights:  19%|█▉        | 75/391 [00:00<00:00, 3186.94it/s, Materializing param=encoder.layer.4.attention.self.key.weight]
Loading weights:  19%|█▉        | 76/391 [00:00<00:00, 3229.43it/s, Materializing param=encoder.layer.4.attention.self.query.bias]
Loading weights:  19%|█▉        | 76/391 [00:00<00:00, 3229.43it/s, Materializing param=encoder.layer.4.attention.self.query.bias]
Loading weights:  20%|█▉        | 77/391 [00:00<00:00, 3271.92it/s, Materializing param=encoder.layer.4.attention.self.query.weight]
Loading weights:  20%|█▉        | 77/391 [00:00<00:00, 3271.92it/s, Materializing param=encoder.layer.4.attention.self.query.weight]
Loading weights:  20%|█▉        | 78/391 [00:00<00:00, 3314.41it/s, Materializing param=encoder.layer.4.attention.self.value.bias]  
Loading weights:  20%|█▉        | 78/391 [00:00<00:00, 3314.41it/s, Materializing param=encoder.layer.4.attention.self.value.bias]
Loading weights:  20%|██        | 79/391 [00:00<00:00, 3356.90it/s, Materializing param=encoder.layer.4.attention.self.value.weight]
Loading weights:  20%|██        | 79/391 [00:00<00:00, 3356.90it/s, Materializing param=encoder.layer.4.attention.self.value.weight]
Loading weights:  20%|██        | 80/391 [00:00<00:00, 3399.40it/s, Materializing param=encoder.layer.4.intermediate.dense.bias]    
Loading weights:  20%|██        | 80/391 [00:00<00:00, 3399.40it/s, Materializing param=encoder.layer.4.intermediate.dense.bias]
Loading weights:  21%|██        | 81/391 [00:00<00:00, 3441.89it/s, Materializing param=encoder.layer.4.intermediate.dense.weight]
Loading weights:  21%|██        | 81/391 [00:00<00:00, 3441.89it/s, Materializing param=encoder.layer.4.intermediate.dense.weight]
Loading weights:  21%|██        | 82/391 [00:00<00:00, 2977.03it/s, Materializing param=encoder.layer.4.output.LayerNorm.bias]    
Loading weights:  21%|██        | 82/391 [00:00<00:00, 2775.00it/s, Materializing param=encoder.layer.4.output.LayerNorm.bias]
Loading weights:  21%|██        | 83/391 [00:00<00:00, 2808.84it/s, Materializing param=encoder.layer.4.output.LayerNorm.weight]
Loading weights:  21%|██        | 83/391 [00:00<00:00, 2808.84it/s, Materializing param=encoder.layer.4.output.LayerNorm.weight]
Loading weights:  21%|██▏       | 84/391 [00:00<00:00, 2842.68it/s, Materializing param=encoder.layer.4.output.dense.bias]      
Loading weights:  21%|██▏       | 84/391 [00:00<00:00, 2842.68it/s, Materializing param=encoder.layer.4.output.dense.bias]
Loading weights:  22%|██▏       | 85/391 [00:00<00:00, 2876.52it/s, Materializing param=encoder.layer.4.output.dense.weight]
Loading weights:  22%|██▏       | 85/391 [00:00<00:00, 2876.52it/s, Materializing param=encoder.layer.4.output.dense.weight]
Loading weights:  22%|██▏       | 86/391 [00:00<00:00, 2910.36it/s, Materializing param=encoder.layer.5.attention.output.LayerNorm.bias]
Loading weights:  22%|██▏       | 86/391 [00:00<00:00, 2910.36it/s, Materializing param=encoder.layer.5.attention.output.LayerNorm.bias]
Loading weights:  22%|██▏       | 87/391 [00:00<00:00, 2944.20it/s, Materializing param=encoder.layer.5.attention.output.LayerNorm.weight]
Loading weights:  22%|██▏       | 87/391 [00:00<00:00, 2944.20it/s, Materializing param=encoder.layer.5.attention.output.LayerNorm.weight]
Loading weights:  23%|██▎       | 88/391 [00:00<00:00, 2978.04it/s, Materializing param=encoder.layer.5.attention.output.dense.bias]      
Loading weights:  23%|██▎       | 88/391 [00:00<00:00, 2978.04it/s, Materializing param=encoder.layer.5.attention.output.dense.bias]
Loading weights:  23%|██▎       | 89/391 [00:00<00:00, 2820.67it/s, Materializing param=encoder.layer.5.attention.output.dense.weight]
Loading weights:  23%|██▎       | 89/391 [00:00<00:00, 2820.67it/s, Materializing param=encoder.layer.5.attention.output.dense.weight]
Loading weights:  23%|██▎       | 90/391 [00:00<00:00, 2852.36it/s, Materializing param=encoder.layer.5.attention.self.key.bias]      
Loading weights:  23%|██▎       | 90/391 [00:00<00:00, 2852.36it/s, Materializing param=encoder.layer.5.attention.self.key.bias]
Loading weights:  23%|██▎       | 91/391 [00:00<00:00, 2884.06it/s, Materializing param=encoder.layer.5.attention.self.key.weight]
Loading weights:  23%|██▎       | 91/391 [00:00<00:00, 2884.06it/s, Materializing param=encoder.layer.5.attention.self.key.weight]
Loading weights:  24%|██▎       | 92/391 [00:00<00:00, 2915.75it/s, Materializing param=encoder.layer.5.attention.self.query.bias]
Loading weights:  24%|██▎       | 92/391 [00:00<00:00, 2915.75it/s, Materializing param=encoder.layer.5.attention.self.query.bias]
Loading weights:  24%|██▍       | 93/391 [00:00<00:00, 2947.44it/s, Materializing param=encoder.layer.5.attention.self.query.weight]
Loading weights:  24%|██▍       | 93/391 [00:00<00:00, 2947.44it/s, Materializing param=encoder.layer.5.attention.self.query.weight]
Loading weights:  24%|██▍       | 94/391 [00:00<00:00, 2887.31it/s, Materializing param=encoder.layer.5.attention.self.value.bias]  
Loading weights:  24%|██▍       | 94/391 [00:00<00:00, 2887.31it/s, Materializing param=encoder.layer.5.attention.self.value.bias]
Loading weights:  24%|██▍       | 95/391 [00:00<00:00, 2788.18it/s, Materializing param=encoder.layer.5.attention.self.value.weight]
Loading weights:  24%|██▍       | 95/391 [00:00<00:00, 2788.18it/s, Materializing param=encoder.layer.5.attention.self.value.weight]
Loading weights:  25%|██▍       | 96/391 [00:00<00:00, 2817.53it/s, Materializing param=encoder.layer.5.intermediate.dense.bias]    
Loading weights:  25%|██▍       | 96/391 [00:00<00:00, 2817.53it/s, Materializing param=encoder.layer.5.intermediate.dense.bias]
Loading weights:  25%|██▍       | 97/391 [00:00<00:00, 2846.88it/s, Materializing param=encoder.layer.5.intermediate.dense.weight]
Loading weights:  25%|██▍       | 97/391 [00:00<00:00, 2846.88it/s, Materializing param=encoder.layer.5.intermediate.dense.weight]
Loading weights:  25%|██▌       | 98/391 [00:00<00:00, 2876.23it/s, Materializing param=encoder.layer.5.output.LayerNorm.bias]    
Loading weights:  25%|██▌       | 98/391 [00:00<00:00, 2876.23it/s, Materializing param=encoder.layer.5.output.LayerNorm.bias]
Loading weights:  25%|██▌       | 99/391 [00:00<00:00, 2905.58it/s, Materializing param=encoder.layer.5.output.LayerNorm.weight]
Loading weights:  25%|██▌       | 99/391 [00:00<00:00, 2905.58it/s, Materializing param=encoder.layer.5.output.LayerNorm.weight]
Loading weights:  26%|██▌       | 100/391 [00:00<00:00, 2934.93it/s, Materializing param=encoder.layer.5.output.dense.bias]     
Loading weights:  26%|██▌       | 100/391 [00:00<00:00, 2934.93it/s, Materializing param=encoder.layer.5.output.dense.bias]
Loading weights:  26%|██▌       | 101/391 [00:00<00:00, 2964.28it/s, Materializing param=encoder.layer.5.output.dense.weight]
Loading weights:  26%|██▌       | 101/391 [00:00<00:00, 2964.28it/s, Materializing param=encoder.layer.5.output.dense.weight]
Loading weights:  26%|██▌       | 102/391 [00:00<00:00, 2993.63it/s, Materializing param=encoder.layer.6.attention.output.LayerNorm.bias]
Loading weights:  26%|██▌       | 102/391 [00:00<00:00, 2993.63it/s, Materializing param=encoder.layer.6.attention.output.LayerNorm.bias]
Loading weights:  26%|██▋       | 103/391 [00:00<00:00, 3022.97it/s, Materializing param=encoder.layer.6.attention.output.LayerNorm.weight]
Loading weights:  26%|██▋       | 103/391 [00:00<00:00, 3022.97it/s, Materializing param=encoder.layer.6.attention.output.LayerNorm.weight]
Loading weights:  27%|██▋       | 104/391 [00:00<00:00, 3052.32it/s, Materializing param=encoder.layer.6.attention.output.dense.bias]      
Loading weights:  27%|██▋       | 104/391 [00:00<00:00, 3052.32it/s, Materializing param=encoder.layer.6.attention.output.dense.bias]
Loading weights:  27%|██▋       | 105/391 [00:00<00:00, 3081.67it/s, Materializing param=encoder.layer.6.attention.output.dense.weight]
Loading weights:  27%|██▋       | 105/391 [00:00<00:00, 3081.67it/s, Materializing param=encoder.layer.6.attention.output.dense.weight]
Loading weights:  27%|██▋       | 106/391 [00:00<00:00, 3111.02it/s, Materializing param=encoder.layer.6.attention.self.key.bias]      
Loading weights:  27%|██▋       | 106/391 [00:00<00:00, 3111.02it/s, Materializing param=encoder.layer.6.attention.self.key.bias]
Loading weights:  27%|██▋       | 107/391 [00:00<00:00, 3140.37it/s, Materializing param=encoder.layer.6.attention.self.key.weight]
Loading weights:  27%|██▋       | 107/391 [00:00<00:00, 3140.37it/s, Materializing param=encoder.layer.6.attention.self.key.weight]
Loading weights:  28%|██▊       | 108/391 [00:00<00:00, 2992.47it/s, Materializing param=encoder.layer.6.attention.self.query.bias]
Loading weights:  28%|██▊       | 108/391 [00:00<00:00, 2992.47it/s, Materializing param=encoder.layer.6.attention.self.query.bias]
Loading weights:  28%|██▊       | 109/391 [00:00<00:00, 3020.18it/s, Materializing param=encoder.layer.6.attention.self.query.weight]
Loading weights:  28%|██▊       | 109/391 [00:00<00:00, 3020.18it/s, Materializing param=encoder.layer.6.attention.self.query.weight]
Loading weights:  28%|██▊       | 110/391 [00:00<00:00, 2778.04it/s, Materializing param=encoder.layer.6.attention.self.value.bias]  
Loading weights:  28%|██▊       | 110/391 [00:00<00:00, 2778.04it/s, Materializing param=encoder.layer.6.attention.self.value.bias]
Loading weights:  28%|██▊       | 111/391 [00:00<00:00, 2668.24it/s, Materializing param=encoder.layer.6.attention.self.value.weight]
Loading weights:  28%|██▊       | 111/391 [00:00<00:00, 2668.24it/s, Materializing param=encoder.layer.6.attention.self.value.weight]
Loading weights:  29%|██▊       | 112/391 [00:00<00:00, 2692.28it/s, Materializing param=encoder.layer.6.intermediate.dense.bias]    
Loading weights:  29%|██▊       | 112/391 [00:00<00:00, 2692.28it/s, Materializing param=encoder.layer.6.intermediate.dense.bias]
Loading weights:  29%|██▉       | 113/391 [00:00<00:00, 2716.32it/s, Materializing param=encoder.layer.6.intermediate.dense.weight]
Loading weights:  29%|██▉       | 113/391 [00:00<00:00, 2716.32it/s, Materializing param=encoder.layer.6.intermediate.dense.weight]
Loading weights:  29%|██▉       | 114/391 [00:00<00:00, 2740.35it/s, Materializing param=encoder.layer.6.output.LayerNorm.bias]    
Loading weights:  29%|██▉       | 114/391 [00:00<00:00, 2740.35it/s, Materializing param=encoder.layer.6.output.LayerNorm.bias]
Loading weights:  29%|██▉       | 115/391 [00:00<00:00, 2764.39it/s, Materializing param=encoder.layer.6.output.LayerNorm.weight]
Loading weights:  29%|██▉       | 115/391 [00:00<00:00, 2764.39it/s, Materializing param=encoder.layer.6.output.LayerNorm.weight]
Loading weights:  30%|██▉       | 116/391 [00:00<00:00, 2788.43it/s, Materializing param=encoder.layer.6.output.dense.bias]      
Loading weights:  30%|██▉       | 116/391 [00:00<00:00, 2788.43it/s, Materializing param=encoder.layer.6.output.dense.bias]
Loading weights:  30%|██▉       | 117/391 [00:00<00:00, 2812.47it/s, Materializing param=encoder.layer.6.output.dense.weight]
Loading weights:  30%|██▉       | 117/391 [00:00<00:00, 2812.47it/s, Materializing param=encoder.layer.6.output.dense.weight]
Loading weights:  30%|███       | 118/391 [00:00<00:00, 2790.01it/s, Materializing param=encoder.layer.7.attention.output.LayerNorm.bias]
Loading weights:  30%|███       | 118/391 [00:00<00:00, 2790.01it/s, Materializing param=encoder.layer.7.attention.output.LayerNorm.bias]
Loading weights:  30%|███       | 119/391 [00:00<00:00, 2813.65it/s, Materializing param=encoder.layer.7.attention.output.LayerNorm.weight]
Loading weights:  30%|███       | 119/391 [00:00<00:00, 2813.65it/s, Materializing param=encoder.layer.7.attention.output.LayerNorm.weight]
Loading weights:  31%|███       | 120/391 [00:00<00:00, 2837.30it/s, Materializing param=encoder.layer.7.attention.output.dense.bias]      
Loading weights:  31%|███       | 120/391 [00:00<00:00, 2837.30it/s, Materializing param=encoder.layer.7.attention.output.dense.bias]
Loading weights:  31%|███       | 121/391 [00:00<00:00, 2860.94it/s, Materializing param=encoder.layer.7.attention.output.dense.weight]
Loading weights:  31%|███       | 121/391 [00:00<00:00, 2860.94it/s, Materializing param=encoder.layer.7.attention.output.dense.weight]
Loading weights:  31%|███       | 122/391 [00:00<00:00, 2884.58it/s, Materializing param=encoder.layer.7.attention.self.key.bias]      
Loading weights:  31%|███       | 122/391 [00:00<00:00, 2884.58it/s, Materializing param=encoder.layer.7.attention.self.key.bias]
Loading weights:  31%|███▏      | 123/391 [00:00<00:00, 2908.23it/s, Materializing param=encoder.layer.7.attention.self.key.weight]
Loading weights:  31%|███▏      | 123/391 [00:00<00:00, 2908.23it/s, Materializing param=encoder.layer.7.attention.self.key.weight]
Loading weights:  32%|███▏      | 124/391 [00:00<00:00, 2799.15it/s, Materializing param=encoder.layer.7.attention.self.query.bias]
Loading weights:  32%|███▏      | 124/391 [00:00<00:00, 2799.15it/s, Materializing param=encoder.layer.7.attention.self.query.bias]
Loading weights:  32%|███▏      | 125/391 [00:00<00:00, 2821.73it/s, Materializing param=encoder.layer.7.attention.self.query.weight]
Loading weights:  32%|███▏      | 125/391 [00:00<00:00, 2821.73it/s, Materializing param=encoder.layer.7.attention.self.query.weight]
Loading weights:  32%|███▏      | 126/391 [00:00<00:00, 2844.30it/s, Materializing param=encoder.layer.7.attention.self.value.bias]  
Loading weights:  32%|███▏      | 126/391 [00:00<00:00, 2844.30it/s, Materializing param=encoder.layer.7.attention.self.value.bias]
Loading weights:  32%|███▏      | 127/391 [00:00<00:00, 2866.87it/s, Materializing param=encoder.layer.7.attention.self.value.weight]
Loading weights:  32%|███▏      | 127/391 [00:00<00:00, 2866.87it/s, Materializing param=encoder.layer.7.attention.self.value.weight]
Loading weights:  33%|███▎      | 128/391 [00:00<00:00, 2889.45it/s, Materializing param=encoder.layer.7.intermediate.dense.bias]    
Loading weights:  33%|███▎      | 128/391 [00:00<00:00, 2889.45it/s, Materializing param=encoder.layer.7.intermediate.dense.bias]
Loading weights:  33%|███▎      | 129/391 [00:00<00:00, 2912.02it/s, Materializing param=encoder.layer.7.intermediate.dense.weight]
Loading weights:  33%|███▎      | 129/391 [00:00<00:00, 2912.02it/s, Materializing param=encoder.layer.7.intermediate.dense.weight]
Loading weights:  33%|███▎      | 130/391 [00:00<00:00, 2934.60it/s, Materializing param=encoder.layer.7.output.LayerNorm.bias]    
Loading weights:  33%|███▎      | 130/391 [00:00<00:00, 2805.66it/s, Materializing param=encoder.layer.7.output.LayerNorm.bias]
Loading weights:  34%|███▎      | 131/391 [00:00<00:00, 2827.24it/s, Materializing param=encoder.layer.7.output.LayerNorm.weight]
Loading weights:  34%|███▎      | 131/391 [00:00<00:00, 2827.24it/s, Materializing param=encoder.layer.7.output.LayerNorm.weight]
Loading weights:  34%|███▍      | 132/391 [00:00<00:00, 2848.82it/s, Materializing param=encoder.layer.7.output.dense.bias]      
Loading weights:  34%|███▍      | 132/391 [00:00<00:00, 2848.82it/s, Materializing param=encoder.layer.7.output.dense.bias]
Loading weights:  34%|███▍      | 133/391 [00:00<00:00, 2870.40it/s, Materializing param=encoder.layer.7.output.dense.weight]
Loading weights:  34%|███▍      | 133/391 [00:00<00:00, 2870.40it/s, Materializing param=encoder.layer.7.output.dense.weight]
Loading weights:  34%|███▍      | 134/391 [00:00<00:00, 2891.98it/s, Materializing param=encoder.layer.8.attention.output.LayerNorm.bias]
Loading weights:  34%|███▍      | 134/391 [00:00<00:00, 2891.98it/s, Materializing param=encoder.layer.8.attention.output.LayerNorm.bias]
Loading weights:  35%|███▍      | 135/391 [00:00<00:00, 2913.57it/s, Materializing param=encoder.layer.8.attention.output.LayerNorm.weight]
Loading weights:  35%|███▍      | 135/391 [00:00<00:00, 2913.57it/s, Materializing param=encoder.layer.8.attention.output.LayerNorm.weight]
Loading weights:  35%|███▍      | 136/391 [00:00<00:00, 2935.15it/s, Materializing param=encoder.layer.8.attention.output.dense.bias]      
Loading weights:  35%|███▍      | 136/391 [00:00<00:00, 2935.15it/s, Materializing param=encoder.layer.8.attention.output.dense.bias]
Loading weights:  35%|███▌      | 137/391 [00:00<00:00, 2956.73it/s, Materializing param=encoder.layer.8.attention.output.dense.weight]
Loading weights:  35%|███▌      | 137/391 [00:00<00:00, 2956.73it/s, Materializing param=encoder.layer.8.attention.output.dense.weight]
Loading weights:  35%|███▌      | 138/391 [00:00<00:00, 2978.31it/s, Materializing param=encoder.layer.8.attention.self.key.bias]      
Loading weights:  35%|███▌      | 138/391 [00:00<00:00, 2978.31it/s, Materializing param=encoder.layer.8.attention.self.key.bias]
Loading weights:  36%|███▌      | 139/391 [00:00<00:00, 2999.89it/s, Materializing param=encoder.layer.8.attention.self.key.weight]
Loading weights:  36%|███▌      | 139/391 [00:00<00:00, 2999.89it/s, Materializing param=encoder.layer.8.attention.self.key.weight]
Loading weights:  36%|███▌      | 140/391 [00:00<00:00, 2780.89it/s, Materializing param=encoder.layer.8.attention.self.query.bias]
Loading weights:  36%|███▌      | 140/391 [00:00<00:00, 2780.89it/s, Materializing param=encoder.layer.8.attention.self.query.bias]
Loading weights:  36%|███▌      | 141/391 [00:00<00:00, 2800.76it/s, Materializing param=encoder.layer.8.attention.self.query.weight]
Loading weights:  36%|███▌      | 141/391 [00:00<00:00, 2800.76it/s, Materializing param=encoder.layer.8.attention.self.query.weight]
Loading weights:  36%|███▋      | 142/391 [00:00<00:00, 2820.62it/s, Materializing param=encoder.layer.8.attention.self.value.bias]  
Loading weights:  36%|███▋      | 142/391 [00:00<00:00, 2820.62it/s, Materializing param=encoder.layer.8.attention.self.value.bias]
Loading weights:  37%|███▋      | 143/391 [00:00<00:00, 2840.49it/s, Materializing param=encoder.layer.8.attention.self.value.weight]
Loading weights:  37%|███▋      | 143/391 [00:00<00:00, 2840.49it/s, Materializing param=encoder.layer.8.attention.self.value.weight]
Loading weights:  37%|███▋      | 144/391 [00:00<00:00, 2860.35it/s, Materializing param=encoder.layer.8.intermediate.dense.bias]    
Loading weights:  37%|███▋      | 144/391 [00:00<00:00, 2860.35it/s, Materializing param=encoder.layer.8.intermediate.dense.bias]
Loading weights:  37%|███▋      | 145/391 [00:00<00:00, 2880.21it/s, Materializing param=encoder.layer.8.intermediate.dense.weight]
Loading weights:  37%|███▋      | 145/391 [00:00<00:00, 2880.21it/s, Materializing param=encoder.layer.8.intermediate.dense.weight]
Loading weights:  37%|███▋      | 146/391 [00:00<00:00, 2900.08it/s, Materializing param=encoder.layer.8.output.LayerNorm.bias]    
Loading weights:  37%|███▋      | 146/391 [00:00<00:00, 2900.08it/s, Materializing param=encoder.layer.8.output.LayerNorm.bias]
Loading weights:  38%|███▊      | 147/391 [00:00<00:00, 2919.94it/s, Materializing param=encoder.layer.8.output.LayerNorm.weight]
Loading weights:  38%|███▊      | 147/391 [00:00<00:00, 2919.94it/s, Materializing param=encoder.layer.8.output.LayerNorm.weight]
Loading weights:  38%|███▊      | 148/391 [00:00<00:00, 2939.80it/s, Materializing param=encoder.layer.8.output.dense.bias]      
Loading weights:  38%|███▊      | 148/391 [00:00<00:00, 2939.80it/s, Materializing param=encoder.layer.8.output.dense.bias]
Loading weights:  38%|███▊      | 149/391 [00:00<00:00, 2959.67it/s, Materializing param=encoder.layer.8.output.dense.weight]
Loading weights:  38%|███▊      | 149/391 [00:00<00:00, 2959.67it/s, Materializing param=encoder.layer.8.output.dense.weight]
Loading weights:  38%|███▊      | 150/391 [00:00<00:00, 2979.53it/s, Materializing param=encoder.layer.9.attention.output.LayerNorm.bias]
Loading weights:  38%|███▊      | 150/391 [00:00<00:00, 2979.53it/s, Materializing param=encoder.layer.9.attention.output.LayerNorm.bias]
Loading weights:  39%|███▊      | 151/391 [00:00<00:00, 2999.39it/s, Materializing param=encoder.layer.9.attention.output.LayerNorm.weight]
Loading weights:  39%|███▊      | 151/391 [00:00<00:00, 2999.39it/s, Materializing param=encoder.layer.9.attention.output.LayerNorm.weight]
Loading weights:  39%|███▉      | 152/391 [00:00<00:00, 3019.26it/s, Materializing param=encoder.layer.9.attention.output.dense.bias]      
Loading weights:  39%|███▉      | 152/391 [00:00<00:00, 3019.26it/s, Materializing param=encoder.layer.9.attention.output.dense.bias]
Loading weights:  39%|███▉      | 153/391 [00:00<00:00, 3039.12it/s, Materializing param=encoder.layer.9.attention.output.dense.weight]
Loading weights:  39%|███▉      | 153/391 [00:00<00:00, 3039.12it/s, Materializing param=encoder.layer.9.attention.output.dense.weight]
Loading weights:  39%|███▉      | 154/391 [00:00<00:00, 2941.95it/s, Materializing param=encoder.layer.9.attention.self.key.bias]      
Loading weights:  39%|███▉      | 154/391 [00:00<00:00, 2941.95it/s, Materializing param=encoder.layer.9.attention.self.key.bias]
Loading weights:  40%|███▉      | 155/391 [00:00<00:00, 2961.05it/s, Materializing param=encoder.layer.9.attention.self.key.weight]
Loading weights:  40%|███▉      | 155/391 [00:00<00:00, 2961.05it/s, Materializing param=encoder.layer.9.attention.self.key.weight]
Loading weights:  40%|███▉      | 156/391 [00:00<00:00, 2980.16it/s, Materializing param=encoder.layer.9.attention.self.query.bias]
Loading weights:  40%|███▉      | 156/391 [00:00<00:00, 2980.16it/s, Materializing param=encoder.layer.9.attention.self.query.bias]
Loading weights:  40%|████      | 157/391 [00:00<00:00, 2999.26it/s, Materializing param=encoder.layer.9.attention.self.query.weight]
Loading weights:  40%|████      | 157/391 [00:00<00:00, 2999.26it/s, Materializing param=encoder.layer.9.attention.self.query.weight]
Loading weights:  40%|████      | 158/391 [00:00<00:00, 2880.33it/s, Materializing param=encoder.layer.9.attention.self.value.bias]  
Loading weights:  40%|████      | 158/391 [00:00<00:00, 2880.33it/s, Materializing param=encoder.layer.9.attention.self.value.bias]
Loading weights:  41%|████      | 159/391 [00:00<00:00, 2898.56it/s, Materializing param=encoder.layer.9.attention.self.value.weight]
Loading weights:  41%|████      | 159/391 [00:00<00:00, 2898.56it/s, Materializing param=encoder.layer.9.attention.self.value.weight]
Loading weights:  41%|████      | 160/391 [00:00<00:00, 2916.79it/s, Materializing param=encoder.layer.9.intermediate.dense.bias]    
Loading weights:  41%|████      | 160/391 [00:00<00:00, 2916.79it/s, Materializing param=encoder.layer.9.intermediate.dense.bias]
Loading weights:  41%|████      | 161/391 [00:00<00:00, 2905.39it/s, Materializing param=encoder.layer.9.intermediate.dense.weight]
Loading weights:  41%|████      | 161/391 [00:00<00:00, 2905.39it/s, Materializing param=encoder.layer.9.intermediate.dense.weight]
Loading weights:  41%|████▏     | 162/391 [00:00<00:00, 2923.44it/s, Materializing param=encoder.layer.9.output.LayerNorm.bias]    
Loading weights:  41%|████▏     | 162/391 [00:00<00:00, 2923.44it/s, Materializing param=encoder.layer.9.output.LayerNorm.bias]
Loading weights:  42%|████▏     | 163/391 [00:00<00:00, 2941.48it/s, Materializing param=encoder.layer.9.output.LayerNorm.weight]
Loading weights:  42%|████▏     | 163/391 [00:00<00:00, 2941.48it/s, Materializing param=encoder.layer.9.output.LayerNorm.weight]
Loading weights:  42%|████▏     | 164/391 [00:00<00:00, 2959.53it/s, Materializing param=encoder.layer.9.output.dense.bias]      
Loading weights:  42%|████▏     | 164/391 [00:00<00:00, 2959.53it/s, Materializing param=encoder.layer.9.output.dense.bias]
Loading weights:  42%|████▏     | 165/391 [00:00<00:00, 2977.58it/s, Materializing param=encoder.layer.9.output.dense.weight]
Loading weights:  42%|████▏     | 165/391 [00:00<00:00, 2977.58it/s, Materializing param=encoder.layer.9.output.dense.weight]
Loading weights:  42%|████▏     | 166/391 [00:00<00:00, 2995.62it/s, Materializing param=encoder.layer.10.attention.output.LayerNorm.bias]
Loading weights:  42%|████▏     | 166/391 [00:00<00:00, 2995.62it/s, Materializing param=encoder.layer.10.attention.output.LayerNorm.bias]
Loading weights:  43%|████▎     | 167/391 [00:00<00:00, 2985.44it/s, Materializing param=encoder.layer.10.attention.output.LayerNorm.weight]
Loading weights:  43%|████▎     | 167/391 [00:00<00:00, 2985.44it/s, Materializing param=encoder.layer.10.attention.output.LayerNorm.weight]
Loading weights:  43%|████▎     | 168/391 [00:00<00:00, 3003.31it/s, Materializing param=encoder.layer.10.attention.output.dense.bias]      
Loading weights:  43%|████▎     | 168/391 [00:00<00:00, 3003.31it/s, Materializing param=encoder.layer.10.attention.output.dense.bias]
Loading weights:  43%|████▎     | 169/391 [00:00<00:00, 3021.19it/s, Materializing param=encoder.layer.10.attention.output.dense.weight]
Loading weights:  43%|████▎     | 169/391 [00:00<00:00, 3021.19it/s, Materializing param=encoder.layer.10.attention.output.dense.weight]
Loading weights:  43%|████▎     | 170/391 [00:00<00:00, 3005.62it/s, Materializing param=encoder.layer.10.attention.self.key.bias]      
Loading weights:  43%|████▎     | 170/391 [00:00<00:00, 3005.62it/s, Materializing param=encoder.layer.10.attention.self.key.bias]
Loading weights:  44%|████▎     | 171/391 [00:00<00:00, 2995.96it/s, Materializing param=encoder.layer.10.attention.self.key.weight]
Loading weights:  44%|████▎     | 171/391 [00:00<00:00, 2995.96it/s, Materializing param=encoder.layer.10.attention.self.key.weight]
Loading weights:  44%|████▍     | 172/391 [00:00<00:00, 3013.48it/s, Materializing param=encoder.layer.10.attention.self.query.bias]
Loading weights:  44%|████▍     | 172/391 [00:00<00:00, 3013.48it/s, Materializing param=encoder.layer.10.attention.self.query.bias]
Loading weights:  44%|████▍     | 173/391 [00:00<00:00, 3001.79it/s, Materializing param=encoder.layer.10.attention.self.query.weight]
Loading weights:  44%|████▍     | 173/391 [00:00<00:00, 3001.79it/s, Materializing param=encoder.layer.10.attention.self.query.weight]
Loading weights:  45%|████▍     | 174/391 [00:00<00:00, 3019.15it/s, Materializing param=encoder.layer.10.attention.self.value.bias]  
Loading weights:  45%|████▍     | 174/391 [00:00<00:00, 3019.15it/s, Materializing param=encoder.layer.10.attention.self.value.bias]
Loading weights:  45%|████▍     | 175/391 [00:00<00:00, 3036.50it/s, Materializing param=encoder.layer.10.attention.self.value.weight]
Loading weights:  45%|████▍     | 175/391 [00:00<00:00, 3036.50it/s, Materializing param=encoder.layer.10.attention.self.value.weight]
Loading weights:  45%|████▌     | 176/391 [00:00<00:00, 3026.71it/s, Materializing param=encoder.layer.10.intermediate.dense.bias]    
Loading weights:  45%|████▌     | 176/391 [00:00<00:00, 3026.71it/s, Materializing param=encoder.layer.10.intermediate.dense.bias]
Loading weights:  45%|████▌     | 177/391 [00:00<00:00, 3043.91it/s, Materializing param=encoder.layer.10.intermediate.dense.weight]
Loading weights:  45%|████▌     | 177/391 [00:00<00:00, 3043.91it/s, Materializing param=encoder.layer.10.intermediate.dense.weight]
Loading weights:  46%|████▌     | 178/391 [00:00<00:00, 2959.74it/s, Materializing param=encoder.layer.10.output.LayerNorm.bias]    
Loading weights:  46%|████▌     | 178/391 [00:00<00:00, 2959.74it/s, Materializing param=encoder.layer.10.output.LayerNorm.bias]
Loading weights:  46%|████▌     | 179/391 [00:00<00:00, 2976.37it/s, Materializing param=encoder.layer.10.output.LayerNorm.weight]
Loading weights:  46%|████▌     | 179/391 [00:00<00:00, 2950.74it/s, Materializing param=encoder.layer.10.output.LayerNorm.weight]
Loading weights:  46%|████▌     | 180/391 [00:00<00:00, 2967.22it/s, Materializing param=encoder.layer.10.output.dense.bias]      
Loading weights:  46%|████▌     | 180/391 [00:00<00:00, 2967.22it/s, Materializing param=encoder.layer.10.output.dense.bias]
Loading weights:  46%|████▋     | 181/391 [00:00<00:00, 2983.71it/s, Materializing param=encoder.layer.10.output.dense.weight]
Loading weights:  46%|████▋     | 181/391 [00:00<00:00, 2983.71it/s, Materializing param=encoder.layer.10.output.dense.weight]
Loading weights:  47%|████▋     | 182/391 [00:00<00:00, 2949.63it/s, Materializing param=encoder.layer.11.attention.output.LayerNorm.bias]
Loading weights:  47%|████▋     | 182/391 [00:00<00:00, 2949.63it/s, Materializing param=encoder.layer.11.attention.output.LayerNorm.bias]
Loading weights:  47%|████▋     | 183/391 [00:00<00:00, 2941.12it/s, Materializing param=encoder.layer.11.attention.output.LayerNorm.weight]
Loading weights:  47%|████▋     | 183/391 [00:00<00:00, 2941.12it/s, Materializing param=encoder.layer.11.attention.output.LayerNorm.weight]
Loading weights:  47%|████▋     | 184/391 [00:00<00:00, 2957.19it/s, Materializing param=encoder.layer.11.attention.output.dense.bias]      
Loading weights:  47%|████▋     | 184/391 [00:00<00:00, 2957.19it/s, Materializing param=encoder.layer.11.attention.output.dense.bias]
Loading weights:  47%|████▋     | 185/391 [00:00<00:00, 2973.26it/s, Materializing param=encoder.layer.11.attention.output.dense.weight]
Loading weights:  47%|████▋     | 185/391 [00:00<00:00, 2973.26it/s, Materializing param=encoder.layer.11.attention.output.dense.weight]
Loading weights:  48%|████▊     | 186/391 [00:00<00:00, 2964.66it/s, Materializing param=encoder.layer.11.attention.self.key.bias]      
Loading weights:  48%|████▊     | 186/391 [00:00<00:00, 2964.66it/s, Materializing param=encoder.layer.11.attention.self.key.bias]
Loading weights:  48%|████▊     | 187/391 [00:00<00:00, 2980.60it/s, Materializing param=encoder.layer.11.attention.self.key.weight]
Loading weights:  48%|████▊     | 187/391 [00:00<00:00, 2980.60it/s, Materializing param=encoder.layer.11.attention.self.key.weight]
Loading weights:  48%|████▊     | 188/391 [00:00<00:00, 2996.53it/s, Materializing param=encoder.layer.11.attention.self.query.bias]
Loading weights:  48%|████▊     | 188/391 [00:00<00:00, 2996.53it/s, Materializing param=encoder.layer.11.attention.self.query.bias]
Loading weights:  48%|████▊     | 189/391 [00:00<00:00, 3012.47it/s, Materializing param=encoder.layer.11.attention.self.query.weight]
Loading weights:  48%|████▊     | 189/391 [00:00<00:00, 3012.47it/s, Materializing param=encoder.layer.11.attention.self.query.weight]
Loading weights:  49%|████▊     | 190/391 [00:00<00:00, 3028.41it/s, Materializing param=encoder.layer.11.attention.self.value.bias]  
Loading weights:  49%|████▊     | 190/391 [00:00<00:00, 3028.41it/s, Materializing param=encoder.layer.11.attention.self.value.bias]
Loading weights:  49%|████▉     | 191/391 [00:00<00:00, 3044.35it/s, Materializing param=encoder.layer.11.attention.self.value.weight]
Loading weights:  49%|████▉     | 191/391 [00:00<00:00, 3044.35it/s, Materializing param=encoder.layer.11.attention.self.value.weight]
Loading weights:  49%|████▉     | 192/391 [00:00<00:00, 3060.29it/s, Materializing param=encoder.layer.11.intermediate.dense.bias]    
Loading weights:  49%|████▉     | 192/391 [00:00<00:00, 3060.29it/s, Materializing param=encoder.layer.11.intermediate.dense.bias]
Loading weights:  49%|████▉     | 193/391 [00:00<00:00, 3076.23it/s, Materializing param=encoder.layer.11.intermediate.dense.weight]
Loading weights:  49%|████▉     | 193/391 [00:00<00:00, 3076.23it/s, Materializing param=encoder.layer.11.intermediate.dense.weight]
Loading weights:  50%|████▉     | 194/391 [00:00<00:00, 3016.37it/s, Materializing param=encoder.layer.11.output.LayerNorm.bias]    
Loading weights:  50%|████▉     | 194/391 [00:00<00:00, 3016.37it/s, Materializing param=encoder.layer.11.output.LayerNorm.bias]
Loading weights:  50%|████▉     | 195/391 [00:00<00:00, 3031.91it/s, Materializing param=encoder.layer.11.output.LayerNorm.weight]
Loading weights:  50%|████▉     | 195/391 [00:00<00:00, 3031.91it/s, Materializing param=encoder.layer.11.output.LayerNorm.weight]
Loading weights:  50%|█████     | 196/391 [00:00<00:00, 3047.46it/s, Materializing param=encoder.layer.11.output.dense.bias]      
Loading weights:  50%|█████     | 196/391 [00:00<00:00, 3047.46it/s, Materializing param=encoder.layer.11.output.dense.bias]
Loading weights:  50%|█████     | 197/391 [00:00<00:00, 3063.01it/s, Materializing param=encoder.layer.11.output.dense.weight]
Loading weights:  50%|█████     | 197/391 [00:00<00:00, 3063.01it/s, Materializing param=encoder.layer.11.output.dense.weight]
Loading weights:  51%|█████     | 198/391 [00:00<00:00, 3030.82it/s, Materializing param=encoder.layer.12.attention.output.LayerNorm.bias]
Loading weights:  51%|█████     | 198/391 [00:00<00:00, 3030.82it/s, Materializing param=encoder.layer.12.attention.output.LayerNorm.bias]
Loading weights:  51%|█████     | 199/391 [00:00<00:00, 3046.13it/s, Materializing param=encoder.layer.12.attention.output.LayerNorm.weight]
Loading weights:  51%|█████     | 199/391 [00:00<00:00, 3046.13it/s, Materializing param=encoder.layer.12.attention.output.LayerNorm.weight]
Loading weights:  51%|█████     | 200/391 [00:00<00:00, 3037.26it/s, Materializing param=encoder.layer.12.attention.output.dense.bias]      
Loading weights:  51%|█████     | 200/391 [00:00<00:00, 3037.26it/s, Materializing param=encoder.layer.12.attention.output.dense.bias]
Loading weights:  51%|█████▏    | 201/391 [00:00<00:00, 3052.45it/s, Materializing param=encoder.layer.12.attention.output.dense.weight]
Loading weights:  51%|█████▏    | 201/391 [00:00<00:00, 3052.45it/s, Materializing param=encoder.layer.12.attention.output.dense.weight]
Loading weights:  52%|█████▏    | 202/391 [00:00<00:00, 3043.57it/s, Materializing param=encoder.layer.12.attention.self.key.bias]      
Loading weights:  52%|█████▏    | 202/391 [00:00<00:00, 3043.57it/s, Materializing param=encoder.layer.12.attention.self.key.bias]
Loading weights:  52%|█████▏    | 203/391 [00:00<00:00, 3058.63it/s, Materializing param=encoder.layer.12.attention.self.key.weight]
Loading weights:  52%|█████▏    | 203/391 [00:00<00:00, 3058.63it/s, Materializing param=encoder.layer.12.attention.self.key.weight]
Loading weights:  52%|█████▏    | 204/391 [00:00<00:00, 3073.70it/s, Materializing param=encoder.layer.12.attention.self.query.bias]
Loading weights:  52%|█████▏    | 204/391 [00:00<00:00, 3073.70it/s, Materializing param=encoder.layer.12.attention.self.query.bias]
Loading weights:  52%|█████▏    | 205/391 [00:00<00:00, 3088.77it/s, Materializing param=encoder.layer.12.attention.self.query.weight]
Loading weights:  52%|█████▏    | 205/391 [00:00<00:00, 3088.77it/s, Materializing param=encoder.layer.12.attention.self.query.weight]
Loading weights:  53%|█████▎    | 206/391 [00:00<00:00, 3103.83it/s, Materializing param=encoder.layer.12.attention.self.value.bias]  
Loading weights:  53%|█████▎    | 206/391 [00:00<00:00, 3103.83it/s, Materializing param=encoder.layer.12.attention.self.value.bias]
Loading weights:  53%|█████▎    | 207/391 [00:00<00:00, 3118.90it/s, Materializing param=encoder.layer.12.attention.self.value.weight]
Loading weights:  53%|█████▎    | 207/391 [00:00<00:00, 3118.90it/s, Materializing param=encoder.layer.12.attention.self.value.weight]
Loading weights:  53%|█████▎    | 208/391 [00:00<00:00, 3133.97it/s, Materializing param=encoder.layer.12.intermediate.dense.bias]    
Loading weights:  53%|█████▎    | 208/391 [00:00<00:00, 3133.97it/s, Materializing param=encoder.layer.12.intermediate.dense.bias]
Loading weights:  53%|█████▎    | 209/391 [00:00<00:00, 3149.04it/s, Materializing param=encoder.layer.12.intermediate.dense.weight]
Loading weights:  53%|█████▎    | 209/391 [00:00<00:00, 3149.04it/s, Materializing param=encoder.layer.12.intermediate.dense.weight]
Loading weights:  54%|█████▎    | 210/391 [00:00<00:00, 3071.12it/s, Materializing param=encoder.layer.12.output.LayerNorm.bias]    
Loading weights:  54%|█████▎    | 210/391 [00:00<00:00, 3071.12it/s, Materializing param=encoder.layer.12.output.LayerNorm.bias]
Loading weights:  54%|█████▍    | 211/391 [00:00<00:00, 3085.75it/s, Materializing param=encoder.layer.12.output.LayerNorm.weight]
Loading weights:  54%|█████▍    | 211/391 [00:00<00:00, 3085.75it/s, Materializing param=encoder.layer.12.output.LayerNorm.weight]
Loading weights:  54%|█████▍    | 212/391 [00:00<00:00, 3100.37it/s, Materializing param=encoder.layer.12.output.dense.bias]      
Loading weights:  54%|█████▍    | 212/391 [00:00<00:00, 3100.37it/s, Materializing param=encoder.layer.12.output.dense.bias]
Loading weights:  54%|█████▍    | 213/391 [00:00<00:00, 3114.99it/s, Materializing param=encoder.layer.12.output.dense.weight]
Loading weights:  54%|█████▍    | 213/391 [00:00<00:00, 3114.99it/s, Materializing param=encoder.layer.12.output.dense.weight]
Loading weights:  55%|█████▍    | 214/391 [00:00<00:00, 3129.62it/s, Materializing param=encoder.layer.13.attention.output.LayerNorm.bias]
Loading weights:  55%|█████▍    | 214/391 [00:00<00:00, 3129.62it/s, Materializing param=encoder.layer.13.attention.output.LayerNorm.bias]
Loading weights:  55%|█████▍    | 215/391 [00:00<00:00, 3144.24it/s, Materializing param=encoder.layer.13.attention.output.LayerNorm.weight]
Loading weights:  55%|█████▍    | 215/391 [00:00<00:00, 3144.24it/s, Materializing param=encoder.layer.13.attention.output.LayerNorm.weight]
Loading weights:  55%|█████▌    | 216/391 [00:00<00:00, 3158.87it/s, Materializing param=encoder.layer.13.attention.output.dense.bias]      
Loading weights:  55%|█████▌    | 216/391 [00:00<00:00, 3158.87it/s, Materializing param=encoder.layer.13.attention.output.dense.bias]
Loading weights:  55%|█████▌    | 217/391 [00:00<00:00, 3173.49it/s, Materializing param=encoder.layer.13.attention.output.dense.weight]
Loading weights:  55%|█████▌    | 217/391 [00:00<00:00, 3173.49it/s, Materializing param=encoder.layer.13.attention.output.dense.weight]
Loading weights:  56%|█████▌    | 218/391 [00:00<00:00, 3097.37it/s, Materializing param=encoder.layer.13.attention.self.key.bias]      
Loading weights:  56%|█████▌    | 218/391 [00:00<00:00, 3097.37it/s, Materializing param=encoder.layer.13.attention.self.key.bias]
Loading weights:  56%|█████▌    | 219/391 [00:00<00:00, 3111.58it/s, Materializing param=encoder.layer.13.attention.self.key.weight]
Loading weights:  56%|█████▌    | 219/391 [00:00<00:00, 3111.58it/s, Materializing param=encoder.layer.13.attention.self.key.weight]
Loading weights:  56%|█████▋    | 220/391 [00:00<00:00, 3125.78it/s, Materializing param=encoder.layer.13.attention.self.query.bias]
Loading weights:  56%|█████▋    | 220/391 [00:00<00:00, 3125.78it/s, Materializing param=encoder.layer.13.attention.self.query.bias]
Loading weights:  57%|█████▋    | 221/391 [00:00<00:00, 3139.99it/s, Materializing param=encoder.layer.13.attention.self.query.weight]
Loading weights:  57%|█████▋    | 221/391 [00:00<00:00, 3139.99it/s, Materializing param=encoder.layer.13.attention.self.query.weight]
Loading weights:  57%|█████▋    | 222/391 [00:00<00:00, 3154.20it/s, Materializing param=encoder.layer.13.attention.self.value.bias]  
Loading weights:  57%|█████▋    | 222/391 [00:00<00:00, 3154.20it/s, Materializing param=encoder.layer.13.attention.self.value.bias]
Loading weights:  57%|█████▋    | 223/391 [00:00<00:00, 3168.41it/s, Materializing param=encoder.layer.13.attention.self.value.weight]
Loading weights:  57%|█████▋    | 223/391 [00:00<00:00, 3168.41it/s, Materializing param=encoder.layer.13.attention.self.value.weight]
Loading weights:  57%|█████▋    | 224/391 [00:00<00:00, 3182.62it/s, Materializing param=encoder.layer.13.intermediate.dense.bias]    
Loading weights:  57%|█████▋    | 224/391 [00:00<00:00, 3182.62it/s, Materializing param=encoder.layer.13.intermediate.dense.bias]
Loading weights:  58%|█████▊    | 225/391 [00:00<00:00, 3196.82it/s, Materializing param=encoder.layer.13.intermediate.dense.weight]
Loading weights:  58%|█████▊    | 225/391 [00:00<00:00, 3196.82it/s, Materializing param=encoder.layer.13.intermediate.dense.weight]
Loading weights:  58%|█████▊    | 226/391 [00:00<00:00, 3038.06it/s, Materializing param=encoder.layer.13.output.LayerNorm.bias]    
Loading weights:  58%|█████▊    | 226/391 [00:00<00:00, 3038.06it/s, Materializing param=encoder.layer.13.output.LayerNorm.bias]
Loading weights:  58%|█████▊    | 227/391 [00:00<00:00, 3051.50it/s, Materializing param=encoder.layer.13.output.LayerNorm.weight]
Loading weights:  58%|█████▊    | 227/391 [00:00<00:00, 3051.50it/s, Materializing param=encoder.layer.13.output.LayerNorm.weight]
Loading weights:  58%|█████▊    | 228/391 [00:00<00:00, 3029.64it/s, Materializing param=encoder.layer.13.output.dense.bias]      
Loading weights:  58%|█████▊    | 228/391 [00:00<00:00, 3029.64it/s, Materializing param=encoder.layer.13.output.dense.bias]
Loading weights:  59%|█████▊    | 229/391 [00:00<00:00, 3042.92it/s, Materializing param=encoder.layer.13.output.dense.weight]
Loading weights:  59%|█████▊    | 229/391 [00:00<00:00, 3042.92it/s, Materializing param=encoder.layer.13.output.dense.weight]
Loading weights:  59%|█████▉    | 230/391 [00:00<00:00, 2950.34it/s, Materializing param=encoder.layer.14.attention.output.LayerNorm.bias]
Loading weights:  59%|█████▉    | 230/391 [00:00<00:00, 2950.34it/s, Materializing param=encoder.layer.14.attention.output.LayerNorm.bias]
Loading weights:  59%|█████▉    | 231/391 [00:00<00:00, 2963.17it/s, Materializing param=encoder.layer.14.attention.output.LayerNorm.weight]
Loading weights:  59%|█████▉    | 231/391 [00:00<00:00, 2963.17it/s, Materializing param=encoder.layer.14.attention.output.LayerNorm.weight]
Loading weights:  59%|█████▉    | 232/391 [00:00<00:00, 2975.99it/s, Materializing param=encoder.layer.14.attention.output.dense.bias]      
Loading weights:  59%|█████▉    | 232/391 [00:00<00:00, 2975.99it/s, Materializing param=encoder.layer.14.attention.output.dense.bias]
Loading weights:  60%|█████▉    | 233/391 [00:00<00:00, 2988.82it/s, Materializing param=encoder.layer.14.attention.output.dense.weight]
Loading weights:  60%|█████▉    | 233/391 [00:00<00:00, 2988.82it/s, Materializing param=encoder.layer.14.attention.output.dense.weight]
Loading weights:  60%|█████▉    | 234/391 [00:00<00:00, 3001.65it/s, Materializing param=encoder.layer.14.attention.self.key.bias]      
Loading weights:  60%|█████▉    | 234/391 [00:00<00:00, 3001.65it/s, Materializing param=encoder.layer.14.attention.self.key.bias]
Loading weights:  60%|██████    | 235/391 [00:00<00:00, 3014.48it/s, Materializing param=encoder.layer.14.attention.self.key.weight]
Loading weights:  60%|██████    | 235/391 [00:00<00:00, 3014.48it/s, Materializing param=encoder.layer.14.attention.self.key.weight]
Loading weights:  60%|██████    | 236/391 [00:00<00:00, 3027.30it/s, Materializing param=encoder.layer.14.attention.self.query.bias]
Loading weights:  60%|██████    | 236/391 [00:00<00:00, 3027.30it/s, Materializing param=encoder.layer.14.attention.self.query.bias]
Loading weights:  61%|██████    | 237/391 [00:00<00:00, 3040.13it/s, Materializing param=encoder.layer.14.attention.self.query.weight]
Loading weights:  61%|██████    | 237/391 [00:00<00:00, 3040.13it/s, Materializing param=encoder.layer.14.attention.self.query.weight]
Loading weights:  61%|██████    | 238/391 [00:00<00:00, 3052.96it/s, Materializing param=encoder.layer.14.attention.self.value.bias]  
Loading weights:  61%|██████    | 238/391 [00:00<00:00, 3052.96it/s, Materializing param=encoder.layer.14.attention.self.value.bias]
Loading weights:  61%|██████    | 239/391 [00:00<00:00, 3065.79it/s, Materializing param=encoder.layer.14.attention.self.value.weight]
Loading weights:  61%|██████    | 239/391 [00:00<00:00, 3065.79it/s, Materializing param=encoder.layer.14.attention.self.value.weight]
Loading weights:  61%|██████▏   | 240/391 [00:00<00:00, 3001.50it/s, Materializing param=encoder.layer.14.intermediate.dense.bias]    
Loading weights:  61%|██████▏   | 240/391 [00:00<00:00, 3001.50it/s, Materializing param=encoder.layer.14.intermediate.dense.bias]
Loading weights:  62%|██████▏   | 241/391 [00:00<00:00, 3014.00it/s, Materializing param=encoder.layer.14.intermediate.dense.weight]
Loading weights:  62%|██████▏   | 241/391 [00:00<00:00, 3014.00it/s, Materializing param=encoder.layer.14.intermediate.dense.weight]
Loading weights:  62%|██████▏   | 242/391 [00:00<00:00, 2952.53it/s, Materializing param=encoder.layer.14.output.LayerNorm.bias]    
Loading weights:  62%|██████▏   | 242/391 [00:00<00:00, 2952.53it/s, Materializing param=encoder.layer.14.output.LayerNorm.bias]
Loading weights:  62%|██████▏   | 243/391 [00:00<00:00, 2964.73it/s, Materializing param=encoder.layer.14.output.LayerNorm.weight]
Loading weights:  62%|██████▏   | 243/391 [00:00<00:00, 2964.73it/s, Materializing param=encoder.layer.14.output.LayerNorm.weight]
Loading weights:  62%|██████▏   | 244/391 [00:00<00:00, 2976.93it/s, Materializing param=encoder.layer.14.output.dense.bias]      
Loading weights:  62%|██████▏   | 244/391 [00:00<00:00, 2976.93it/s, Materializing param=encoder.layer.14.output.dense.bias]
Loading weights:  63%|██████▎   | 245/391 [00:00<00:00, 2989.13it/s, Materializing param=encoder.layer.14.output.dense.weight]
Loading weights:  63%|██████▎   | 245/391 [00:00<00:00, 2989.13it/s, Materializing param=encoder.layer.14.output.dense.weight]
Loading weights:  63%|██████▎   | 246/391 [00:00<00:00, 3001.33it/s, Materializing param=encoder.layer.15.attention.output.LayerNorm.bias]
Loading weights:  63%|██████▎   | 246/391 [00:00<00:00, 3001.33it/s, Materializing param=encoder.layer.15.attention.output.LayerNorm.bias]
Loading weights:  63%|██████▎   | 247/391 [00:00<00:00, 3013.54it/s, Materializing param=encoder.layer.15.attention.output.LayerNorm.weight]
Loading weights:  63%|██████▎   | 247/391 [00:00<00:00, 3013.54it/s, Materializing param=encoder.layer.15.attention.output.LayerNorm.weight]
Loading weights:  63%|██████▎   | 248/391 [00:00<00:00, 3025.74it/s, Materializing param=encoder.layer.15.attention.output.dense.bias]      
Loading weights:  63%|██████▎   | 248/391 [00:00<00:00, 3025.74it/s, Materializing param=encoder.layer.15.attention.output.dense.bias]
Loading weights:  64%|██████▎   | 249/391 [00:00<00:00, 3037.94it/s, Materializing param=encoder.layer.15.attention.output.dense.weight]
Loading weights:  64%|██████▎   | 249/391 [00:00<00:00, 3037.94it/s, Materializing param=encoder.layer.15.attention.output.dense.weight]
Loading weights:  64%|██████▍   | 250/391 [00:00<00:00, 3050.14it/s, Materializing param=encoder.layer.15.attention.self.key.bias]      
Loading weights:  64%|██████▍   | 250/391 [00:00<00:00, 3050.14it/s, Materializing param=encoder.layer.15.attention.self.key.bias]
Loading weights:  64%|██████▍   | 251/391 [00:00<00:00, 3062.34it/s, Materializing param=encoder.layer.15.attention.self.key.weight]
Loading weights:  64%|██████▍   | 251/391 [00:00<00:00, 3062.34it/s, Materializing param=encoder.layer.15.attention.self.key.weight]
Loading weights:  64%|██████▍   | 252/391 [00:00<00:00, 3074.54it/s, Materializing param=encoder.layer.15.attention.self.query.bias]
Loading weights:  64%|██████▍   | 252/391 [00:00<00:00, 3074.54it/s, Materializing param=encoder.layer.15.attention.self.query.bias]
Loading weights:  65%|██████▍   | 253/391 [00:00<00:00, 3086.74it/s, Materializing param=encoder.layer.15.attention.self.query.weight]
Loading weights:  65%|██████▍   | 253/391 [00:00<00:00, 3086.74it/s, Materializing param=encoder.layer.15.attention.self.query.weight]
Loading weights:  65%|██████▍   | 254/391 [00:00<00:00, 3024.97it/s, Materializing param=encoder.layer.15.attention.self.value.bias]  
Loading weights:  65%|██████▍   | 254/391 [00:00<00:00, 3024.97it/s, Materializing param=encoder.layer.15.attention.self.value.bias]
Loading weights:  65%|██████▌   | 255/391 [00:00<00:00, 3036.88it/s, Materializing param=encoder.layer.15.attention.self.value.weight]
Loading weights:  65%|██████▌   | 255/391 [00:00<00:00, 3036.88it/s, Materializing param=encoder.layer.15.attention.self.value.weight]
Loading weights:  65%|██████▌   | 256/391 [00:00<00:00, 3048.79it/s, Materializing param=encoder.layer.15.intermediate.dense.bias]    
Loading weights:  65%|██████▌   | 256/391 [00:00<00:00, 3048.79it/s, Materializing param=encoder.layer.15.intermediate.dense.bias]
Loading weights:  66%|██████▌   | 257/391 [00:00<00:00, 3060.70it/s, Materializing param=encoder.layer.15.intermediate.dense.weight]
Loading weights:  66%|██████▌   | 257/391 [00:00<00:00, 3060.70it/s, Materializing param=encoder.layer.15.intermediate.dense.weight]
Loading weights:  66%|██████▌   | 258/391 [00:00<00:00, 3001.01it/s, Materializing param=encoder.layer.15.output.LayerNorm.bias]    
Loading weights:  66%|██████▌   | 258/391 [00:00<00:00, 3001.01it/s, Materializing param=encoder.layer.15.output.LayerNorm.bias]
Loading weights:  66%|██████▌   | 259/391 [00:00<00:00, 3012.64it/s, Materializing param=encoder.layer.15.output.LayerNorm.weight]
Loading weights:  66%|██████▌   | 259/391 [00:00<00:00, 3012.64it/s, Materializing param=encoder.layer.15.output.LayerNorm.weight]
Loading weights:  66%|██████▋   | 260/391 [00:00<00:00, 3024.27it/s, Materializing param=encoder.layer.15.output.dense.bias]      
Loading weights:  66%|██████▋   | 260/391 [00:00<00:00, 3024.27it/s, Materializing param=encoder.layer.15.output.dense.bias]
Loading weights:  67%|██████▋   | 261/391 [00:00<00:00, 3035.90it/s, Materializing param=encoder.layer.15.output.dense.weight]
Loading weights:  67%|██████▋   | 261/391 [00:00<00:00, 3035.90it/s, Materializing param=encoder.layer.15.output.dense.weight]
Loading weights:  67%|██████▋   | 262/391 [00:00<00:00, 2985.12it/s, Materializing param=encoder.layer.16.attention.output.LayerNorm.bias]
Loading weights:  67%|██████▋   | 262/391 [00:00<00:00, 2985.12it/s, Materializing param=encoder.layer.16.attention.output.LayerNorm.bias]
Loading weights:  67%|██████▋   | 263/391 [00:00<00:00, 2996.51it/s, Materializing param=encoder.layer.16.attention.output.LayerNorm.weight]
Loading weights:  67%|██████▋   | 263/391 [00:00<00:00, 2996.51it/s, Materializing param=encoder.layer.16.attention.output.LayerNorm.weight]
Loading weights:  68%|██████▊   | 264/391 [00:00<00:00, 3007.90it/s, Materializing param=encoder.layer.16.attention.output.dense.bias]      
Loading weights:  68%|██████▊   | 264/391 [00:00<00:00, 3007.90it/s, Materializing param=encoder.layer.16.attention.output.dense.bias]
Loading weights:  68%|██████▊   | 265/391 [00:00<00:00, 3019.30it/s, Materializing param=encoder.layer.16.attention.output.dense.weight]
Loading weights:  68%|██████▊   | 265/391 [00:00<00:00, 3019.30it/s, Materializing param=encoder.layer.16.attention.output.dense.weight]
Loading weights:  68%|██████▊   | 266/391 [00:00<00:00, 3030.69it/s, Materializing param=encoder.layer.16.attention.self.key.bias]      
Loading weights:  68%|██████▊   | 266/391 [00:00<00:00, 3030.69it/s, Materializing param=encoder.layer.16.attention.self.key.bias]
Loading weights:  68%|██████▊   | 267/391 [00:00<00:00, 3042.08it/s, Materializing param=encoder.layer.16.attention.self.key.weight]
Loading weights:  68%|██████▊   | 267/391 [00:00<00:00, 3042.08it/s, Materializing param=encoder.layer.16.attention.self.key.weight]
Loading weights:  69%|██████▊   | 268/391 [00:00<00:00, 3053.48it/s, Materializing param=encoder.layer.16.attention.self.query.bias]
Loading weights:  69%|██████▊   | 268/391 [00:00<00:00, 3053.48it/s, Materializing param=encoder.layer.16.attention.self.query.bias]
Loading weights:  69%|██████▉   | 269/391 [00:00<00:00, 3064.87it/s, Materializing param=encoder.layer.16.attention.self.query.weight]
Loading weights:  69%|██████▉   | 269/391 [00:00<00:00, 3064.87it/s, Materializing param=encoder.layer.16.attention.self.query.weight]
Loading weights:  69%|██████▉   | 270/391 [00:00<00:00, 3076.26it/s, Materializing param=encoder.layer.16.attention.self.value.bias]  
Loading weights:  69%|██████▉   | 270/391 [00:00<00:00, 3076.26it/s, Materializing param=encoder.layer.16.attention.self.value.bias]
Loading weights:  69%|██████▉   | 271/391 [00:00<00:00, 3087.66it/s, Materializing param=encoder.layer.16.attention.self.value.weight]
Loading weights:  69%|██████▉   | 271/391 [00:00<00:00, 3087.66it/s, Materializing param=encoder.layer.16.attention.self.value.weight]
Loading weights:  70%|██████▉   | 272/391 [00:00<00:00, 3099.05it/s, Materializing param=encoder.layer.16.intermediate.dense.bias]    
Loading weights:  70%|██████▉   | 272/391 [00:00<00:00, 3099.05it/s, Materializing param=encoder.layer.16.intermediate.dense.bias]
Loading weights:  70%|██████▉   | 273/391 [00:00<00:00, 3110.44it/s, Materializing param=encoder.layer.16.intermediate.dense.weight]
Loading weights:  70%|██████▉   | 273/391 [00:00<00:00, 3110.44it/s, Materializing param=encoder.layer.16.intermediate.dense.weight]
Loading weights:  70%|███████   | 274/391 [00:00<00:00, 2965.55it/s, Materializing param=encoder.layer.16.output.LayerNorm.bias]    
Loading weights:  70%|███████   | 274/391 [00:00<00:00, 2965.55it/s, Materializing param=encoder.layer.16.output.LayerNorm.bias]
Loading weights:  70%|███████   | 275/391 [00:00<00:00, 2976.37it/s, Materializing param=encoder.layer.16.output.LayerNorm.weight]
Loading weights:  70%|███████   | 275/391 [00:00<00:00, 2976.37it/s, Materializing param=encoder.layer.16.output.LayerNorm.weight]
Loading weights:  71%|███████   | 276/391 [00:00<00:00, 2987.20it/s, Materializing param=encoder.layer.16.output.dense.bias]      
Loading weights:  71%|███████   | 276/391 [00:00<00:00, 2987.20it/s, Materializing param=encoder.layer.16.output.dense.bias]
Loading weights:  71%|███████   | 277/391 [00:00<00:00, 2998.02it/s, Materializing param=encoder.layer.16.output.dense.weight]
Loading weights:  71%|███████   | 277/391 [00:00<00:00, 2998.02it/s, Materializing param=encoder.layer.16.output.dense.weight]
Loading weights:  71%|███████   | 278/391 [00:00<00:00, 3008.84it/s, Materializing param=encoder.layer.17.attention.output.LayerNorm.bias]
Loading weights:  71%|███████   | 278/391 [00:00<00:00, 3008.84it/s, Materializing param=encoder.layer.17.attention.output.LayerNorm.bias]
Loading weights:  71%|███████▏  | 279/391 [00:00<00:00, 3019.67it/s, Materializing param=encoder.layer.17.attention.output.LayerNorm.weight]
Loading weights:  71%|███████▏  | 279/391 [00:00<00:00, 3019.67it/s, Materializing param=encoder.layer.17.attention.output.LayerNorm.weight]
Loading weights:  72%|███████▏  | 280/391 [00:00<00:00, 3030.49it/s, Materializing param=encoder.layer.17.attention.output.dense.bias]      
Loading weights:  72%|███████▏  | 280/391 [00:00<00:00, 3030.49it/s, Materializing param=encoder.layer.17.attention.output.dense.bias]
Loading weights:  72%|███████▏  | 281/391 [00:00<00:00, 3041.31it/s, Materializing param=encoder.layer.17.attention.output.dense.weight]
Loading weights:  72%|███████▏  | 281/391 [00:00<00:00, 3041.31it/s, Materializing param=encoder.layer.17.attention.output.dense.weight]
Loading weights:  72%|███████▏  | 282/391 [00:00<00:00, 3052.13it/s, Materializing param=encoder.layer.17.attention.self.key.bias]      
Loading weights:  72%|███████▏  | 282/391 [00:00<00:00, 3052.13it/s, Materializing param=encoder.layer.17.attention.self.key.bias]
Loading weights:  72%|███████▏  | 283/391 [00:00<00:00, 3062.96it/s, Materializing param=encoder.layer.17.attention.self.key.weight]
Loading weights:  72%|███████▏  | 283/391 [00:00<00:00, 3062.96it/s, Materializing param=encoder.layer.17.attention.self.key.weight]
Loading weights:  73%|███████▎  | 284/391 [00:00<00:00, 3073.78it/s, Materializing param=encoder.layer.17.attention.self.query.bias]
Loading weights:  73%|███████▎  | 284/391 [00:00<00:00, 3073.78it/s, Materializing param=encoder.layer.17.attention.self.query.bias]
Loading weights:  73%|███████▎  | 285/391 [00:00<00:00, 3084.60it/s, Materializing param=encoder.layer.17.attention.self.query.weight]
Loading weights:  73%|███████▎  | 285/391 [00:00<00:00, 3084.60it/s, Materializing param=encoder.layer.17.attention.self.query.weight]
Loading weights:  73%|███████▎  | 286/391 [00:00<00:00, 3021.66it/s, Materializing param=encoder.layer.17.attention.self.value.bias]  
Loading weights:  73%|███████▎  | 286/391 [00:00<00:00, 3021.66it/s, Materializing param=encoder.layer.17.attention.self.value.bias]
Loading weights:  73%|███████▎  | 287/391 [00:00<00:00, 2969.30it/s, Materializing param=encoder.layer.17.attention.self.value.weight]
Loading weights:  73%|███████▎  | 287/391 [00:00<00:00, 2969.30it/s, Materializing param=encoder.layer.17.attention.self.value.weight]
Loading weights:  74%|███████▎  | 288/391 [00:00<00:00, 2979.64it/s, Materializing param=encoder.layer.17.intermediate.dense.bias]    
Loading weights:  74%|███████▎  | 288/391 [00:00<00:00, 2979.64it/s, Materializing param=encoder.layer.17.intermediate.dense.bias]
Loading weights:  74%|███████▍  | 289/391 [00:00<00:00, 2989.99it/s, Materializing param=encoder.layer.17.intermediate.dense.weight]
Loading weights:  74%|███████▍  | 289/391 [00:00<00:00, 2989.99it/s, Materializing param=encoder.layer.17.intermediate.dense.weight]
Loading weights:  74%|███████▍  | 290/391 [00:00<00:00, 3000.34it/s, Materializing param=encoder.layer.17.output.LayerNorm.bias]    
Loading weights:  74%|███████▍  | 290/391 [00:00<00:00, 2954.35it/s, Materializing param=encoder.layer.17.output.LayerNorm.bias]
Loading weights:  74%|███████▍  | 291/391 [00:00<00:00, 2964.53it/s, Materializing param=encoder.layer.17.output.LayerNorm.weight]
Loading weights:  74%|███████▍  | 291/391 [00:00<00:00, 2964.53it/s, Materializing param=encoder.layer.17.output.LayerNorm.weight]
Loading weights:  75%|███████▍  | 292/391 [00:00<00:00, 2974.72it/s, Materializing param=encoder.layer.17.output.dense.bias]      
Loading weights:  75%|███████▍  | 292/391 [00:00<00:00, 2974.72it/s, Materializing param=encoder.layer.17.output.dense.bias]
Loading weights:  75%|███████▍  | 293/391 [00:00<00:00, 2984.91it/s, Materializing param=encoder.layer.17.output.dense.weight]
Loading weights:  75%|███████▍  | 293/391 [00:00<00:00, 2984.91it/s, Materializing param=encoder.layer.17.output.dense.weight]
Loading weights:  75%|███████▌  | 294/391 [00:00<00:00, 2995.09it/s, Materializing param=encoder.layer.18.attention.output.LayerNorm.bias]
Loading weights:  75%|███████▌  | 294/391 [00:00<00:00, 2995.09it/s, Materializing param=encoder.layer.18.attention.output.LayerNorm.bias]
Loading weights:  75%|███████▌  | 295/391 [00:00<00:00, 3005.28it/s, Materializing param=encoder.layer.18.attention.output.LayerNorm.weight]
Loading weights:  75%|███████▌  | 295/391 [00:00<00:00, 3005.28it/s, Materializing param=encoder.layer.18.attention.output.LayerNorm.weight]
Loading weights:  76%|███████▌  | 296/391 [00:00<00:00, 3015.47it/s, Materializing param=encoder.layer.18.attention.output.dense.bias]      
Loading weights:  76%|███████▌  | 296/391 [00:00<00:00, 3015.47it/s, Materializing param=encoder.layer.18.attention.output.dense.bias]
Loading weights:  76%|███████▌  | 297/391 [00:00<00:00, 3025.66it/s, Materializing param=encoder.layer.18.attention.output.dense.weight]
Loading weights:  76%|███████▌  | 297/391 [00:00<00:00, 3025.66it/s, Materializing param=encoder.layer.18.attention.output.dense.weight]
Loading weights:  76%|███████▌  | 298/391 [00:00<00:00, 3035.84it/s, Materializing param=encoder.layer.18.attention.self.key.bias]      
Loading weights:  76%|███████▌  | 298/391 [00:00<00:00, 3035.84it/s, Materializing param=encoder.layer.18.attention.self.key.bias]
Loading weights:  76%|███████▋  | 299/391 [00:00<00:00, 3046.03it/s, Materializing param=encoder.layer.18.attention.self.key.weight]
Loading weights:  76%|███████▋  | 299/391 [00:00<00:00, 3046.03it/s, Materializing param=encoder.layer.18.attention.self.key.weight]
Loading weights:  77%|███████▋  | 300/391 [00:00<00:00, 3056.22it/s, Materializing param=encoder.layer.18.attention.self.query.bias]
Loading weights:  77%|███████▋  | 300/391 [00:00<00:00, 3056.22it/s, Materializing param=encoder.layer.18.attention.self.query.bias]
Loading weights:  77%|███████▋  | 301/391 [00:00<00:00, 3066.41it/s, Materializing param=encoder.layer.18.attention.self.query.weight]
Loading weights:  77%|███████▋  | 301/391 [00:00<00:00, 3066.41it/s, Materializing param=encoder.layer.18.attention.self.query.weight]
Loading weights:  77%|███████▋  | 302/391 [00:00<00:00, 3014.09it/s, Materializing param=encoder.layer.18.attention.self.query.weight]
Loading weights:  77%|███████▋  | 302/391 [00:00<00:00, 3014.09it/s, Materializing param=encoder.layer.18.attention.self.value.bias]  
Loading weights:  77%|███████▋  | 302/391 [00:00<00:00, 3014.09it/s, Materializing param=encoder.layer.18.attention.self.value.bias]
Loading weights:  77%|███████▋  | 303/391 [00:00<00:00, 3014.09it/s, Materializing param=encoder.layer.18.attention.self.value.weight]
Loading weights:  77%|███████▋  | 303/391 [00:00<00:00, 3014.09it/s, Materializing param=encoder.layer.18.attention.self.value.weight]
Loading weights:  78%|███████▊  | 304/391 [00:00<00:00, 3014.09it/s, Materializing param=encoder.layer.18.intermediate.dense.bias]    
Loading weights:  78%|███████▊  | 304/391 [00:00<00:00, 3014.09it/s, Materializing param=encoder.layer.18.intermediate.dense.bias]
Loading weights:  78%|███████▊  | 305/391 [00:00<00:00, 3014.09it/s, Materializing param=encoder.layer.18.intermediate.dense.weight]
Loading weights:  78%|███████▊  | 305/391 [00:00<00:00, 3014.09it/s, Materializing param=encoder.layer.18.intermediate.dense.weight]
Loading weights:  78%|███████▊  | 306/391 [00:00<00:00, 3014.09it/s, Materializing param=encoder.layer.18.output.LayerNorm.bias]    
Loading weights:  78%|███████▊  | 306/391 [00:00<00:00, 3014.09it/s, Materializing param=encoder.layer.18.output.LayerNorm.bias]
Loading weights:  79%|███████▊  | 307/391 [00:00<00:00, 3014.09it/s, Materializing param=encoder.layer.18.output.LayerNorm.weight]
Loading weights:  79%|███████▊  | 307/391 [00:00<00:00, 3014.09it/s, Materializing param=encoder.layer.18.output.LayerNorm.weight]
Loading weights:  79%|███████▉  | 308/391 [00:00<00:00, 3014.09it/s, Materializing param=encoder.layer.18.output.dense.bias]      
Loading weights:  79%|███████▉  | 308/391 [00:00<00:00, 3014.09it/s, Materializing param=encoder.layer.18.output.dense.bias]
Loading weights:  79%|███████▉  | 309/391 [00:00<00:00, 3014.09it/s, Materializing param=encoder.layer.18.output.dense.weight]
Loading weights:  79%|███████▉  | 309/391 [00:00<00:00, 3014.09it/s, Materializing param=encoder.layer.18.output.dense.weight]
Loading weights:  79%|███████▉  | 310/391 [00:00<00:00, 3014.09it/s, Materializing param=encoder.layer.19.attention.output.LayerNorm.bias]
Loading weights:  79%|███████▉  | 310/391 [00:00<00:00, 3014.09it/s, Materializing param=encoder.layer.19.attention.output.LayerNorm.bias]
Loading weights:  80%|███████▉  | 311/391 [00:00<00:00, 3014.09it/s, Materializing param=encoder.layer.19.attention.output.LayerNorm.weight]
Loading weights:  80%|███████▉  | 311/391 [00:00<00:00, 3014.09it/s, Materializing param=encoder.layer.19.attention.output.LayerNorm.weight]
Loading weights:  80%|███████▉  | 312/391 [00:00<00:00, 3014.09it/s, Materializing param=encoder.layer.19.attention.output.dense.bias]      
Loading weights:  80%|███████▉  | 312/391 [00:00<00:00, 3014.09it/s, Materializing param=encoder.layer.19.attention.output.dense.bias]
Loading weights:  80%|████████  | 313/391 [00:00<00:00, 3014.09it/s, Materializing param=encoder.layer.19.attention.output.dense.weight]
Loading weights:  80%|████████  | 313/391 [00:00<00:00, 3014.09it/s, Materializing param=encoder.layer.19.attention.output.dense.weight]
Loading weights:  80%|████████  | 314/391 [00:00<00:00, 3014.09it/s, Materializing param=encoder.layer.19.attention.self.key.bias]      
Loading weights:  80%|████████  | 314/391 [00:00<00:00, 3014.09it/s, Materializing param=encoder.layer.19.attention.self.key.bias]
Loading weights:  81%|████████  | 315/391 [00:00<00:00, 3014.09it/s, Materializing param=encoder.layer.19.attention.self.key.weight]
Loading weights:  81%|████████  | 315/391 [00:00<00:00, 3014.09it/s, Materializing param=encoder.layer.19.attention.self.key.weight]
Loading weights:  81%|████████  | 316/391 [00:00<00:00, 3014.09it/s, Materializing param=encoder.layer.19.attention.self.query.bias]
Loading weights:  81%|████████  | 316/391 [00:00<00:00, 3014.09it/s, Materializing param=encoder.layer.19.attention.self.query.bias]
Loading weights:  81%|████████  | 317/391 [00:00<00:00, 3014.09it/s, Materializing param=encoder.layer.19.attention.self.query.weight]
Loading weights:  81%|████████  | 317/391 [00:00<00:00, 3014.09it/s, Materializing param=encoder.layer.19.attention.self.query.weight]
Loading weights:  81%|████████▏ | 318/391 [00:00<00:00, 3014.09it/s, Materializing param=encoder.layer.19.attention.self.value.bias]  
Loading weights:  81%|████████▏ | 318/391 [00:00<00:00, 3014.09it/s, Materializing param=encoder.layer.19.attention.self.value.bias]
Loading weights:  82%|████████▏ | 319/391 [00:00<00:00, 3014.09it/s, Materializing param=encoder.layer.19.attention.self.value.weight]
Loading weights:  82%|████████▏ | 319/391 [00:00<00:00, 3014.09it/s, Materializing param=encoder.layer.19.attention.self.value.weight]
Loading weights:  82%|████████▏ | 320/391 [00:00<00:00, 3014.09it/s, Materializing param=encoder.layer.19.intermediate.dense.bias]    
Loading weights:  82%|████████▏ | 320/391 [00:00<00:00, 3014.09it/s, Materializing param=encoder.layer.19.intermediate.dense.bias]
Loading weights:  82%|████████▏ | 321/391 [00:00<00:00, 3014.09it/s, Materializing param=encoder.layer.19.intermediate.dense.weight]
Loading weights:  82%|████████▏ | 321/391 [00:00<00:00, 3014.09it/s, Materializing param=encoder.layer.19.intermediate.dense.weight]
Loading weights:  82%|████████▏ | 322/391 [00:00<00:00, 3014.09it/s, Materializing param=encoder.layer.19.output.LayerNorm.bias]    
Loading weights:  82%|████████▏ | 322/391 [00:00<00:00, 3014.09it/s, Materializing param=encoder.layer.19.output.LayerNorm.bias]
Loading weights:  83%|████████▎ | 323/391 [00:00<00:00, 3014.09it/s, Materializing param=encoder.layer.19.output.LayerNorm.weight]
Loading weights:  83%|████████▎ | 323/391 [00:00<00:00, 3014.09it/s, Materializing param=encoder.layer.19.output.LayerNorm.weight]
Loading weights:  83%|████████▎ | 324/391 [00:00<00:00, 3014.09it/s, Materializing param=encoder.layer.19.output.dense.bias]      
Loading weights:  83%|████████▎ | 324/391 [00:00<00:00, 3014.09it/s, Materializing param=encoder.layer.19.output.dense.bias]
Loading weights:  83%|████████▎ | 325/391 [00:00<00:00, 3014.09it/s, Materializing param=encoder.layer.19.output.dense.weight]
Loading weights:  83%|████████▎ | 325/391 [00:00<00:00, 3014.09it/s, Materializing param=encoder.layer.19.output.dense.weight]
Loading weights:  83%|████████▎ | 326/391 [00:00<00:00, 3014.09it/s, Materializing param=encoder.layer.20.attention.output.LayerNorm.bias]
Loading weights:  83%|████████▎ | 326/391 [00:00<00:00, 3014.09it/s, Materializing param=encoder.layer.20.attention.output.LayerNorm.bias]
Loading weights:  84%|████████▎ | 327/391 [00:00<00:00, 3014.09it/s, Materializing param=encoder.layer.20.attention.output.LayerNorm.weight]
Loading weights:  84%|████████▎ | 327/391 [00:00<00:00, 3014.09it/s, Materializing param=encoder.layer.20.attention.output.LayerNorm.weight]
Loading weights:  84%|████████▍ | 328/391 [00:00<00:00, 3014.09it/s, Materializing param=encoder.layer.20.attention.output.dense.bias]      
Loading weights:  84%|████████▍ | 328/391 [00:00<00:00, 3014.09it/s, Materializing param=encoder.layer.20.attention.output.dense.bias]
Loading weights:  84%|████████▍ | 329/391 [00:00<00:00, 3014.09it/s, Materializing param=encoder.layer.20.attention.output.dense.weight]
Loading weights:  84%|████████▍ | 329/391 [00:00<00:00, 3014.09it/s, Materializing param=encoder.layer.20.attention.output.dense.weight]
Loading weights:  84%|████████▍ | 330/391 [00:00<00:00, 3014.09it/s, Materializing param=encoder.layer.20.attention.self.key.bias]      
Loading weights:  84%|████████▍ | 330/391 [00:00<00:00, 3014.09it/s, Materializing param=encoder.layer.20.attention.self.key.bias]
Loading weights:  85%|████████▍ | 331/391 [00:00<00:00, 3014.09it/s, Materializing param=encoder.layer.20.attention.self.key.weight]
Loading weights:  85%|████████▍ | 331/391 [00:00<00:00, 3014.09it/s, Materializing param=encoder.layer.20.attention.self.key.weight]
Loading weights:  85%|████████▍ | 332/391 [00:00<00:00, 3014.09it/s, Materializing param=encoder.layer.20.attention.self.query.bias]
Loading weights:  85%|████████▍ | 332/391 [00:00<00:00, 3014.09it/s, Materializing param=encoder.layer.20.attention.self.query.bias]
Loading weights:  85%|████████▌ | 333/391 [00:00<00:00, 3014.09it/s, Materializing param=encoder.layer.20.attention.self.query.weight]
Loading weights:  85%|████████▌ | 333/391 [00:00<00:00, 3014.09it/s, Materializing param=encoder.layer.20.attention.self.query.weight]
Loading weights:  85%|████████▌ | 334/391 [00:00<00:00, 3014.09it/s, Materializing param=encoder.layer.20.attention.self.value.bias]  
Loading weights:  85%|████████▌ | 334/391 [00:00<00:00, 3014.09it/s, Materializing param=encoder.layer.20.attention.self.value.bias]
Loading weights:  86%|████████▌ | 335/391 [00:00<00:00, 3014.09it/s, Materializing param=encoder.layer.20.attention.self.value.weight]
Loading weights:  86%|████████▌ | 335/391 [00:00<00:00, 3014.09it/s, Materializing param=encoder.layer.20.attention.self.value.weight]
Loading weights:  86%|████████▌ | 336/391 [00:00<00:00, 3014.09it/s, Materializing param=encoder.layer.20.intermediate.dense.bias]    
Loading weights:  86%|████████▌ | 336/391 [00:00<00:00, 3014.09it/s, Materializing param=encoder.layer.20.intermediate.dense.bias]
Loading weights:  86%|████████▌ | 337/391 [00:00<00:00, 3014.09it/s, Materializing param=encoder.layer.20.intermediate.dense.weight]
Loading weights:  86%|████████▌ | 337/391 [00:00<00:00, 3014.09it/s, Materializing param=encoder.layer.20.intermediate.dense.weight]
Loading weights:  86%|████████▋ | 338/391 [00:00<00:00, 3014.09it/s, Materializing param=encoder.layer.20.output.LayerNorm.bias]    
Loading weights:  86%|████████▋ | 338/391 [00:00<00:00, 3014.09it/s, Materializing param=encoder.layer.20.output.LayerNorm.bias]
Loading weights:  87%|████████▋ | 339/391 [00:00<00:00, 3014.09it/s, Materializing param=encoder.layer.20.output.LayerNorm.weight]
Loading weights:  87%|████████▋ | 339/391 [00:00<00:00, 3014.09it/s, Materializing param=encoder.layer.20.output.LayerNorm.weight]
Loading weights:  87%|████████▋ | 340/391 [00:00<00:00, 3014.09it/s, Materializing param=encoder.layer.20.output.dense.bias]      
Loading weights:  87%|████████▋ | 340/391 [00:00<00:00, 3014.09it/s, Materializing param=encoder.layer.20.output.dense.bias]
Loading weights:  87%|████████▋ | 341/391 [00:00<00:00, 3014.09it/s, Materializing param=encoder.layer.20.output.dense.weight]
Loading weights:  87%|████████▋ | 341/391 [00:00<00:00, 3014.09it/s, Materializing param=encoder.layer.20.output.dense.weight]
Loading weights:  87%|████████▋ | 342/391 [00:00<00:00, 3014.09it/s, Materializing param=encoder.layer.21.attention.output.LayerNorm.bias]
Loading weights:  87%|████████▋ | 342/391 [00:00<00:00, 3014.09it/s, Materializing param=encoder.layer.21.attention.output.LayerNorm.bias]
Loading weights:  88%|████████▊ | 343/391 [00:00<00:00, 3014.09it/s, Materializing param=encoder.layer.21.attention.output.LayerNorm.weight]
Loading weights:  88%|████████▊ | 343/391 [00:00<00:00, 3014.09it/s, Materializing param=encoder.layer.21.attention.output.LayerNorm.weight]
Loading weights:  88%|████████▊ | 344/391 [00:00<00:00, 3014.09it/s, Materializing param=encoder.layer.21.attention.output.dense.bias]      
Loading weights:  88%|████████▊ | 344/391 [00:00<00:00, 3014.09it/s, Materializing param=encoder.layer.21.attention.output.dense.bias]
Loading weights:  88%|████████▊ | 345/391 [00:00<00:00, 3014.09it/s, Materializing param=encoder.layer.21.attention.output.dense.weight]
Loading weights:  88%|████████▊ | 345/391 [00:00<00:00, 3014.09it/s, Materializing param=encoder.layer.21.attention.output.dense.weight]
Loading weights:  88%|████████▊ | 346/391 [00:00<00:00, 3014.09it/s, Materializing param=encoder.layer.21.attention.self.key.bias]      
Loading weights:  88%|████████▊ | 346/391 [00:00<00:00, 3014.09it/s, Materializing param=encoder.layer.21.attention.self.key.bias]
Loading weights:  89%|████████▊ | 347/391 [00:00<00:00, 3014.09it/s, Materializing param=encoder.layer.21.attention.self.key.weight]
Loading weights:  89%|████████▊ | 347/391 [00:00<00:00, 3014.09it/s, Materializing param=encoder.layer.21.attention.self.key.weight]
Loading weights:  89%|████████▉ | 348/391 [00:00<00:00, 3014.09it/s, Materializing param=encoder.layer.21.attention.self.query.bias]
Loading weights:  89%|████████▉ | 348/391 [00:00<00:00, 3014.09it/s, Materializing param=encoder.layer.21.attention.self.query.bias]
Loading weights:  89%|████████▉ | 349/391 [00:00<00:00, 3014.09it/s, Materializing param=encoder.layer.21.attention.self.query.weight]
Loading weights:  89%|████████▉ | 349/391 [00:00<00:00, 3014.09it/s, Materializing param=encoder.layer.21.attention.self.query.weight]
Loading weights:  90%|████████▉ | 350/391 [00:00<00:00, 3014.09it/s, Materializing param=encoder.layer.21.attention.self.value.bias]  
Loading weights:  90%|████████▉ | 350/391 [00:00<00:00, 3014.09it/s, Materializing param=encoder.layer.21.attention.self.value.bias]
Loading weights:  90%|████████▉ | 351/391 [00:00<00:00, 3014.09it/s, Materializing param=encoder.layer.21.attention.self.value.weight]
Loading weights:  90%|████████▉ | 351/391 [00:00<00:00, 3014.09it/s, Materializing param=encoder.layer.21.attention.self.value.weight]
Loading weights:  90%|█████████ | 352/391 [00:00<00:00, 3014.09it/s, Materializing param=encoder.layer.21.intermediate.dense.bias]    
Loading weights:  90%|█████████ | 352/391 [00:00<00:00, 3014.09it/s, Materializing param=encoder.layer.21.intermediate.dense.bias]
Loading weights:  90%|█████████ | 353/391 [00:00<00:00, 3014.09it/s, Materializing param=encoder.layer.21.intermediate.dense.weight]
Loading weights:  90%|█████████ | 353/391 [00:00<00:00, 3014.09it/s, Materializing param=encoder.layer.21.intermediate.dense.weight]
Loading weights:  91%|█████████ | 354/391 [00:00<00:00, 3014.09it/s, Materializing param=encoder.layer.21.output.LayerNorm.bias]    
Loading weights:  91%|█████████ | 354/391 [00:00<00:00, 3014.09it/s, Materializing param=encoder.layer.21.output.LayerNorm.bias]
Loading weights:  91%|█████████ | 355/391 [00:00<00:00, 3014.09it/s, Materializing param=encoder.layer.21.output.LayerNorm.weight]
Loading weights:  91%|█████████ | 355/391 [00:00<00:00, 3014.09it/s, Materializing param=encoder.layer.21.output.LayerNorm.weight]
Loading weights:  91%|█████████ | 356/391 [00:00<00:00, 3014.09it/s, Materializing param=encoder.layer.21.output.dense.bias]      
Loading weights:  91%|█████████ | 356/391 [00:00<00:00, 3014.09it/s, Materializing param=encoder.layer.21.output.dense.bias]
Loading weights:  91%|█████████▏| 357/391 [00:00<00:00, 3014.09it/s, Materializing param=encoder.layer.21.output.dense.weight]
Loading weights:  91%|█████████▏| 357/391 [00:00<00:00, 3014.09it/s, Materializing param=encoder.layer.21.output.dense.weight]
Loading weights:  92%|█████████▏| 358/391 [00:00<00:00, 3014.09it/s, Materializing param=encoder.layer.22.attention.output.LayerNorm.bias]
Loading weights:  92%|█████████▏| 358/391 [00:00<00:00, 3014.09it/s, Materializing param=encoder.layer.22.attention.output.LayerNorm.bias]
Loading weights:  92%|█████████▏| 359/391 [00:00<00:00, 3014.09it/s, Materializing param=encoder.layer.22.attention.output.LayerNorm.weight]
Loading weights:  92%|█████████▏| 359/391 [00:00<00:00, 3014.09it/s, Materializing param=encoder.layer.22.attention.output.LayerNorm.weight]
Loading weights:  92%|█████████▏| 360/391 [00:00<00:00, 3014.09it/s, Materializing param=encoder.layer.22.attention.output.dense.bias]      
Loading weights:  92%|█████████▏| 360/391 [00:00<00:00, 3014.09it/s, Materializing param=encoder.layer.22.attention.output.dense.bias]
Loading weights:  92%|█████████▏| 361/391 [00:00<00:00, 3014.09it/s, Materializing param=encoder.layer.22.attention.output.dense.weight]
Loading weights:  92%|█████████▏| 361/391 [00:00<00:00, 3014.09it/s, Materializing param=encoder.layer.22.attention.output.dense.weight]
Loading weights:  93%|█████████▎| 362/391 [00:00<00:00, 3014.09it/s, Materializing param=encoder.layer.22.attention.self.key.bias]      
Loading weights:  93%|█████████▎| 362/391 [00:00<00:00, 3014.09it/s, Materializing param=encoder.layer.22.attention.self.key.bias]
Loading weights:  93%|█████████▎| 363/391 [00:00<00:00, 3014.09it/s, Materializing param=encoder.layer.22.attention.self.key.weight]
Loading weights:  93%|█████████▎| 363/391 [00:00<00:00, 3014.09it/s, Materializing param=encoder.layer.22.attention.self.key.weight]
Loading weights:  93%|█████████▎| 364/391 [00:00<00:00, 3014.09it/s, Materializing param=encoder.layer.22.attention.self.query.bias]
Loading weights:  93%|█████████▎| 364/391 [00:00<00:00, 3014.09it/s, Materializing param=encoder.layer.22.attention.self.query.bias]
Loading weights:  93%|█████████▎| 365/391 [00:00<00:00, 3014.09it/s, Materializing param=encoder.layer.22.attention.self.query.weight]
Loading weights:  93%|█████████▎| 365/391 [00:00<00:00, 3014.09it/s, Materializing param=encoder.layer.22.attention.self.query.weight]
Loading weights:  94%|█████████▎| 366/391 [00:00<00:00, 3014.09it/s, Materializing param=encoder.layer.22.attention.self.value.bias]  
Loading weights:  94%|█████████▎| 366/391 [00:00<00:00, 3014.09it/s, Materializing param=encoder.layer.22.attention.self.value.bias]
Loading weights:  94%|█████████▍| 367/391 [00:00<00:00, 3014.09it/s, Materializing param=encoder.layer.22.attention.self.value.weight]
Loading weights:  94%|█████████▍| 367/391 [00:00<00:00, 3014.09it/s, Materializing param=encoder.layer.22.attention.self.value.weight]
Loading weights:  94%|█████████▍| 368/391 [00:00<00:00, 3014.09it/s, Materializing param=encoder.layer.22.intermediate.dense.bias]    
Loading weights:  94%|█████████▍| 368/391 [00:00<00:00, 3014.09it/s, Materializing param=encoder.layer.22.intermediate.dense.bias]
Loading weights:  94%|█████████▍| 369/391 [00:00<00:00, 3014.09it/s, Materializing param=encoder.layer.22.intermediate.dense.weight]
Loading weights:  94%|█████████▍| 369/391 [00:00<00:00, 3014.09it/s, Materializing param=encoder.layer.22.intermediate.dense.weight]
Loading weights:  95%|█████████▍| 370/391 [00:00<00:00, 3014.09it/s, Materializing param=encoder.layer.22.output.LayerNorm.bias]    
Loading weights:  95%|█████████▍| 370/391 [00:00<00:00, 3014.09it/s, Materializing param=encoder.layer.22.output.LayerNorm.bias]
Loading weights:  95%|█████████▍| 371/391 [00:00<00:00, 3014.09it/s, Materializing param=encoder.layer.22.output.LayerNorm.weight]
Loading weights:  95%|█████████▍| 371/391 [00:00<00:00, 3014.09it/s, Materializing param=encoder.layer.22.output.LayerNorm.weight]
Loading weights:  95%|█████████▌| 372/391 [00:00<00:00, 3014.09it/s, Materializing param=encoder.layer.22.output.dense.bias]      
Loading weights:  95%|█████████▌| 372/391 [00:00<00:00, 3014.09it/s, Materializing param=encoder.layer.22.output.dense.bias]
Loading weights:  95%|█████████▌| 373/391 [00:00<00:00, 3014.09it/s, Materializing param=encoder.layer.22.output.dense.weight]
Loading weights:  95%|█████████▌| 373/391 [00:00<00:00, 3014.09it/s, Materializing param=encoder.layer.22.output.dense.weight]
Loading weights:  96%|█████████▌| 374/391 [00:00<00:00, 3014.09it/s, Materializing param=encoder.layer.23.attention.output.LayerNorm.bias]
Loading weights:  96%|█████████▌| 374/391 [00:00<00:00, 3014.09it/s, Materializing param=encoder.layer.23.attention.output.LayerNorm.bias]
Loading weights:  96%|█████████▌| 375/391 [00:00<00:00, 3014.09it/s, Materializing param=encoder.layer.23.attention.output.LayerNorm.weight]
Loading weights:  96%|█████████▌| 375/391 [00:00<00:00, 3014.09it/s, Materializing param=encoder.layer.23.attention.output.LayerNorm.weight]
Loading weights:  96%|█████████▌| 376/391 [00:00<00:00, 3014.09it/s, Materializing param=encoder.layer.23.attention.output.dense.bias]      
Loading weights:  96%|█████████▌| 376/391 [00:00<00:00, 3014.09it/s, Materializing param=encoder.layer.23.attention.output.dense.bias]
Loading weights:  96%|█████████▋| 377/391 [00:00<00:00, 3014.09it/s, Materializing param=encoder.layer.23.attention.output.dense.weight]
Loading weights:  96%|█████████▋| 377/391 [00:00<00:00, 3014.09it/s, Materializing param=encoder.layer.23.attention.output.dense.weight]
Loading weights:  97%|█████████▋| 378/391 [00:00<00:00, 3014.09it/s, Materializing param=encoder.layer.23.attention.self.key.bias]      
Loading weights:  97%|█████████▋| 378/391 [00:00<00:00, 3014.09it/s, Materializing param=encoder.layer.23.attention.self.key.bias]
Loading weights:  97%|█████████▋| 379/391 [00:00<00:00, 3014.09it/s, Materializing param=encoder.layer.23.attention.self.key.weight]
Loading weights:  97%|█████████▋| 379/391 [00:00<00:00, 3014.09it/s, Materializing param=encoder.layer.23.attention.self.key.weight]
Loading weights:  97%|█████████▋| 380/391 [00:00<00:00, 3014.09it/s, Materializing param=encoder.layer.23.attention.self.query.bias]
Loading weights:  97%|█████████▋| 380/391 [00:00<00:00, 3014.09it/s, Materializing param=encoder.layer.23.attention.self.query.bias]
Loading weights:  97%|█████████▋| 381/391 [00:00<00:00, 3014.09it/s, Materializing param=encoder.layer.23.attention.self.query.weight]
Loading weights:  97%|█████████▋| 381/391 [00:00<00:00, 3014.09it/s, Materializing param=encoder.layer.23.attention.self.query.weight]
Loading weights:  98%|█████████▊| 382/391 [00:00<00:00, 3014.09it/s, Materializing param=encoder.layer.23.attention.self.value.bias]  
Loading weights:  98%|█████████▊| 382/391 [00:00<00:00, 3014.09it/s, Materializing param=encoder.layer.23.attention.self.value.bias]
Loading weights:  98%|█████████▊| 383/391 [00:00<00:00, 3014.09it/s, Materializing param=encoder.layer.23.attention.self.value.weight]
Loading weights:  98%|█████████▊| 383/391 [00:00<00:00, 3014.09it/s, Materializing param=encoder.layer.23.attention.self.value.weight]
Loading weights:  98%|█████████▊| 384/391 [00:00<00:00, 3014.09it/s, Materializing param=encoder.layer.23.intermediate.dense.bias]    
Loading weights:  98%|█████████▊| 384/391 [00:00<00:00, 3014.09it/s, Materializing param=encoder.layer.23.intermediate.dense.bias]
Loading weights:  98%|█████████▊| 385/391 [00:00<00:00, 3014.09it/s, Materializing param=encoder.layer.23.intermediate.dense.weight]
Loading weights:  98%|█████████▊| 385/391 [00:00<00:00, 3014.09it/s, Materializing param=encoder.layer.23.intermediate.dense.weight]
Loading weights:  99%|█████████▊| 386/391 [00:00<00:00, 3014.09it/s, Materializing param=encoder.layer.23.output.LayerNorm.bias]    
Loading weights:  99%|█████████▊| 386/391 [00:00<00:00, 3014.09it/s, Materializing param=encoder.layer.23.output.LayerNorm.bias]
Loading weights:  99%|█████████▉| 387/391 [00:00<00:00, 3014.09it/s, Materializing param=encoder.layer.23.output.LayerNorm.weight]
Loading weights:  99%|█████████▉| 387/391 [00:00<00:00, 3014.09it/s, Materializing param=encoder.layer.23.output.LayerNorm.weight]
Loading weights:  99%|█████████▉| 388/391 [00:00<00:00, 3014.09it/s, Materializing param=encoder.layer.23.output.dense.bias]      
Loading weights:  99%|█████████▉| 388/391 [00:00<00:00, 3014.09it/s, Materializing param=encoder.layer.23.output.dense.bias]
Loading weights:  99%|█████████▉| 389/391 [00:00<00:00, 3014.09it/s, Materializing param=encoder.layer.23.output.dense.weight]
Loading weights:  99%|█████████▉| 389/391 [00:00<00:00, 3014.09it/s, Materializing param=encoder.layer.23.output.dense.weight]
Loading weights: 100%|█████████▉| 390/391 [00:00<00:00, 3014.09it/s, Materializing param=pooler.dense.bias]                   
Loading weights: 100%|█████████▉| 390/391 [00:00<00:00, 3014.09it/s, Materializing param=pooler.dense.bias]
Loading weights: 100%|██████████| 391/391 [00:00<00:00, 3014.09it/s, Materializing param=pooler.dense.weight]
Loading weights: 100%|██████████| 391/391 [00:00<00:00, 3014.09it/s, Materializing param=pooler.dense.weight]
Loading weights: 100%|██████████| 391/391 [00:00<00:00, 2986.23it/s, Materializing param=pooler.dense.weight]

Processing:   0%|          | 0/4 [00:00<?, ?item/s]
Processing: 100%|██████████| 4/4 [00:00<00:00, 1105.80item/s]
[competencies] provider preflight: shared HTTP /v1/models probe base_url='' model='claude-sonnet-5' timeout_s=5.0
[competencies] WARNING: APPS_RG_COMPETENCIES_PROVIDER_PREFLIGHT_DISABLE is set - skipping HTTP models preflight in slice (not recommended for unattended runs).

Processing:   0%|          | 0/4 [00:00<?, ?item/s]
Processing: 100%|██████████| 4/4 [00:00<?, ?item/s]

Processing:   0%|          | 0/4 [00:00<?, ?item/s]
Processing: 100%|██████████| 4/4 [00:00<?, ?item/s]

Processing:   0%|          | 0/4 [00:00<?, ?item/s]
Processing: 100%|██████████| 4/4 [00:00<?, ?item/s]

Processing:   0%|          | 0/4 [00:00<?, ?item/s]
Processing: 100%|██████████| 4/4 [00:00<?, ?item/s]

Processing:   0%|          | 0/4 [00:00<?, ?item/s]
Processing: 100%|██████████| 4/4 [00:00<?, ?item/s]

Processing:   0%|          | 0/4 [00:00<?, ?item/s]
Processing: 100%|██████████| 4/4 [00:00<?, ?item/s]

Processing:   0%|          | 0/4 [00:00<?, ?item/s]
Processing: 100%|██████████| 4/4 [00:00<?, ?item/s]
COMPETENCIES_OUTPUT:
[{"category_id":"cloud_partner_ecosystems","category_label":"Cloud & Partner Ecosystems","resume_display_label":"Partner Applied AI Architecture","competency_bundle_id":"ccb_partner_applied_ai_architecture","capability_family":"partner_applied_ai_architecture","graph_skill_node_ids":["skill_partner_pre_sales","skill_partner_alliance_gtm_execution","skill_partner_cloud_vendor_joint_gtm"],"source_fact_ids":["exp_unify_001","fact_partnerships_gtm_002","fact_revenue_ops_001"],"terms":[{"term":"Buyer-specific solution mapping for enterprise pursuits","text":"Buyer-specific solution mapping for enterprise pursuits","source_fact_id":"fact_revenue_ops_001","source_fact_ids":["fact_revenue_ops_001"],"source_skill_ids":["skill_partner_pre_sales"],"graph_skill_node_ids":["skill_partner_pre_sales"],"support_class":"FROZEN_RESUME_GRAPH_ALLOCATION","proof_source":"allocation_visible_graph_surface","allocation_claim_unit_id":"competencies:skill:01","allocation_surface_source_field":"graph_authority_surface_composition"},{"term":"AWS alliance joint architecture leadership","text":"AWS alliance joint architecture leadership","source_fact_id":"fact_partnerships_gtm_002","source_fact_ids":["fact_partnerships_gtm_002"],"source_skill_ids":["skill_partner_alliance_gtm_execution"],"graph_skill_node_ids":["skill_partner_alliance_gtm_execution"],"support_class":"FROZEN_RESUME_GRAPH_ALLOCATION","proof_source":"allocation_visible_graph_surface","allocation_claim_unit_id":"competencies:skill:07","allocation_surface_source_field":"graph_authority_surface_composition"},{"term":"AI Partnerships, Co-Sell Channel & Alliance GTM","text":"AI Partnerships, Co-Sell Channel & Alliance GTM","source_fact_id":"exp_unify_001","source_fact_ids":["exp_unify_001"],"source_skill_ids":["skill_partner_cloud_vendor_joint_gtm"],"graph_skill_node_ids":["skill_partner_cloud_vendor_joint_gtm"],"support_class":"FROZEN_RESUME_GRAPH_ALLOCATION","proof_source":"allocation_visible_graph_surface","allocation_claim_unit_id":"competencies:skill:08","allocation_surface_source_field":"root_bundle_theme"}],"candidate_origin":"governed_required_bundle_baseline","selection_score":0.889,"selector_confidence":0.889,"confidence":0.889,"resume_display_order_reason":"anthropic_partnership_relevance_first","visible_graph_surface":true,"graph_surface_term_source":"competency_bundle_vocabulary_anchors","allocation_claim_unit_ids":["competencies:skill:01","competencies:skill:07","competencies:skill:08"]},{"category_id":"ai_platform_leadership","category_label":"AI Platform Leadership","resume_display_label":"Governed Agentic AI Platform Architecture","competency_bundle_id":"ccb_agentic_platforms","capability_family":"agentic_platforms","graph_skill_node_ids":["skill_governed_agentic_systems_architecture","skill_reusable_agentic_platform_architecture","skill_agentic_control_plane_design"],"source_fact_ids":["fact_engineering_platform_001"],"terms":[{"term":"governed multi-agent orchestration control planes","text":"governed multi-agent orchestration control planes","source_skill_ids":["skill_governed_agentic_systems_architecture","skill_reusable_agentic_platform_architecture","skill_agentic_control_plane_design"],"graph_skill_node_ids":["skill_governed_agentic_systems_architecture","skill_reusable_agentic_platform_architecture","skill_agentic_control_plane_design"],"support_class":"FACT_AND_SKILL_GRAPH","proof_source":"competency_bundle_visible_surface","source_fact_ids":["fact_engineering_platform_001"],"source_fact_id":"fact_engineering_platform_001"},{"term":"agentic workflow routing across enterprise systems","text":"agentic workflow routing across enterprise systems","source_skill_ids":["skill_governed_agentic_systems_architecture","skill_reusable_agentic_platform_architecture","skill_agentic_control_plane_design"],"graph_skill_node_ids":["skill_governed_agentic_systems_architecture","skill_reusable_agentic_platform_architecture","skill_agentic_control_plane_design"],"support_class":"FACT_AND_SKILL_GRAPH","proof_source":"competency_bundle_visible_surface","source_fact_ids":["fact_engineering_platform_001"],"source_fact_id":"fact_engineering_platform_001"},{"term":"policy-bound execution architecture for AI agents","text":"policy-bound execution architecture for AI agents","source_skill_ids":["skill_governed_agentic_systems_architecture","skill_reusable_agentic_platform_architecture","skill_agentic_control_plane_design"],"graph_skill_node_ids":["skill_governed_agentic_systems_architecture","skill_reusable_agentic_platform_architecture","skill_agentic_control_plane_design"],"support_class":"FACT_AND_SKILL_GRAPH","proof_source":"competency_bundle_visible_surface","source_fact_ids":["fact_engineering_platform_001"],"source_fact_id":"fact_engineering_platform_001"}],"candidate_origin":"governed_required_bundle_baseline","selection_score":0.841,"selector_confidence":0.841,"confidence":0.841,"resume_display_order_reason":"anthropic_partnership_relevance_first","visible_graph_surface":true,"graph_surface_term_source":"competency_bundle_vocabulary_anchors","allocation_claim_unit_ids":[]},{"category_id":"governance_risk_compliance","category_label":"Governance, Risk & Compliance","resume_display_label":"AI Runtime Governance & Control Gates","competency_bundle_id":"ccb_runtime_governance","capability_family":"runtime_governance","graph_skill_node_ids":["skill_runtime_gate_mesh_design","skill_fail_closed_gate_semantics","skill_x1_x2_x3_exit_control","skill_policy_bound_runtime_design","skill_ibm_automated_release_pipelines"],"source_fact_ids":["fact_engineering_platform_001","fact_engineering_platform_002"],"terms":[{"term":"fail-closed runtime control gate design","text":"fail-closed runtime control gate design","source_skill_ids":["skill_runtime_gate_mesh_design","skill_fail_closed_gate_semantics","skill_x1_x2_x3_exit_control","skill_policy_bound_runtime_design"],"graph_skill_node_ids":["skill_runtime_gate_mesh_design","skill_fail_closed_gate_semantics","skill_x1_x2_x3_exit_control","skill_policy_bound_runtime_design"],"support_class":"FACT_AND_SKILL_GRAPH","proof_source":"competency_bundle_visible_surface","source_fact_ids":["fact_engineering_platform_001"],"source_fact_id":"fact_engineering_platform_001"},{"term":"policy enforcement across agent execution paths","text":"policy enforcement across agent execution paths","source_skill_ids":["skill_runtime_gate_mesh_design","skill_fail_closed_gate_semantics","skill_x1_x2_x3_exit_control","skill_policy_bound_runtime_design"],"graph_skill_node_ids":["skill_runtime_gate_mesh_design","skill_fail_closed_gate_semantics","skill_x1_x2_x3_exit_control","skill_policy_bound_runtime_design"],"support_class":"FACT_AND_SKILL_GRAPH","proof_source":"competency_bundle_visible_surface","source_fact_ids":["fact_engineering_platform_001"],"source_fact_id":"fact_engineering_platform_001"},{"term":"Regulated DevSecOps release governance pipelines","text":"Regulated DevSecOps release governance pipelines","source_fact_id":"fact_engineering_platform_002","source_fact_ids":["fact_engineering_platform_002"],"source_skill_ids":["skill_ibm_automated_release_pipelines"],"graph_skill_node_ids":["skill_ibm_automated_release_pipelines"],"support_class":"FROZEN_RESUME_GRAPH_ALLOCATION","proof_source":"allocation_visible_graph_surface","allocation_claim_unit_id":"competencies:skill:06","allocation_surface_source_field":"graph_authority_surface_composition"}],"candidate_origin":"governed_required_bundle_baseline","selection_score":0.841,"selector_confidence":0.841,"confidence":0.841,"resume_display_order_reason":"anthropic_partnership_relevance_first","visible_graph_surface":true,"graph_surface_term_source":"competency_bundle_vocabulary_anchors","allocation_claim_unit_ids":["competencies:skill:06"]},{"category_id":"tech_strategy_innovation","category_label":"Technology Strategy & Innovation","resume_display_label":"Retrieval & Context Engineering","competency_bundle_id":"ccb_retrieval_context_engineering","capability_family":"retrieval_context_engineering","graph_skill_node_ids":["skill_context_engineering","skill_dense_sparse_exact_retrieval_design","skill_graph_aware_relationship_grounding","skill_prompt_assembly_architecture"],"source_fact_ids":["reb_unify_agentic_platform_architecture"],"terms":[{"term":"relationship-grounded context retrieval for enterprise workflows","text":"relationship-grounded context retrieval for enterprise workflows","source_skill_ids":["skill_context_engineering","skill_dense_sparse_exact_retrieval_design","skill_graph_aware_relationship_grounding","skill_prompt_assembly_architecture"],"graph_skill_node_ids":["skill_context_engineering","skill_dense_sparse_exact_retrieval_design","skill_graph_aware_relationship_grounding","skill_prompt_assembly_architecture"],"support_class":"FACT_AND_SKILL_GRAPH","proof_source":"competency_bundle_visible_surface","source_fact_ids":["reb_unify_agentic_platform_architecture"],"source_fact_id":"reb_unify_agentic_platform_architecture"},{"term":"dense-sparse retrieval with relationship-aware ranking","text":"dense-sparse retrieval with relationship-aware ranking","source_skill_ids":["skill_context_engineering","skill_dense_sparse_exact_retrieval_design","skill_graph_aware_relationship_grounding","skill_prompt_assembly_architecture"],"graph_skill_node_ids":["skill_context_engineering","skill_dense_sparse_exact_retrieval_design","skill_graph_aware_relationship_grounding","skill_prompt_assembly_architecture"],"support_class":"FACT_AND_SKILL_GRAPH","proof_source":"competency_bundle_visible_surface","source_fact_ids":["reb_unify_agentic_platform_architecture"],"source_fact_id":"reb_unify_agentic_platform_architecture"},{"term":"authority-ordered prompt context assembly pipelines","text":"authority-ordered prompt context assembly pipelines","source_skill_ids":["skill_context_engineering","skill_dense_sparse_exact_retrieval_design","skill_graph_aware_relationship_grounding","skill_prompt_assembly_architecture"],"graph_skill_node_ids":["skill_context_engineering","skill_dense_sparse_exact_retrieval_design","skill_graph_aware_relationship_grounding","skill_prompt_assembly_architecture"],"support_class":"FACT_AND_SKILL_GRAPH","proof_source":"competency_bundle_visible_surface","source_fact_ids":["reb_unify_agentic_platform_architecture"],"source_fact_id":"reb_unify_agentic_platform_architecture"}],"candidate_origin":"governed_required_bundle_baseline","selection_score":0.837,"selector_confidence":0.837,"confidence":0.837,"resume_display_order_reason":"anthropic_partnership_relevance_first","visible_graph_surface":true,"graph_surface_term_source":"competency_bundle_vocabulary_anchors","allocation_claim_unit_ids":[]},{"category_id":"commercial_operating_impact","category_label":"Commercial & Operating Impact","resume_display_label":"Platform Productization & Commercialization","competency_bundle_id":"ccb_platform_productization","capability_family":"platform_productization","graph_skill_node_ids":["skill_agentic_platform_productization","skill_reusable_agentic_platform_architecture","skill_p2_tech_demoable_accelerator","skill_partner_enterprise_negotiations"],"source_fact_ids":["fact_revenue_ops_003","reb_unify_agentic_platform_architecture","reb_unify_partner_channel_cosell"],"terms":[{"term":"demoable AI accelerators for executive buyers","text":"demoable AI accelerators for executive buyers","source_skill_ids":["skill_agentic_platform_productization","skill_reusable_agentic_platform_architecture","skill_p2_tech_demoable_accelerator"],"graph_skill_node_ids":["skill_agentic_platform_productization","skill_reusable_agentic_platform_architecture","skill_p2_tech_demoable_accelerator"],"support_class":"FACT_AND_SKILL_GRAPH","proof_source":"competency_bundle_visible_surface","source_fact_ids":["reb_unify_agentic_platform_architecture","reb_unify_partner_channel_cosell"],"source_fact_id":"reb_unify_agentic_platform_architecture"},{"term":"reusable AI platform commercialization for adoption","text":"reusable AI platform commercialization for adoption","source_skill_ids":["skill_agentic_platform_productization","skill_reusable_agentic_platform_architecture","skill_p2_tech_demoable_accelerator"],"graph_skill_node_ids":["skill_agentic_platform_productization","skill_reusable_agentic_platform_architecture","skill_p2_tech_demoable_accelerator"],"support_class":"FACT_AND_SKILL_GRAPH","proof_source":"competency_bundle_visible_surface","source_fact_ids":["reb_unify_agentic_platform_architecture","reb_unify_partner_channel_cosell"],"source_fact_id":"reb_unify_agentic_platform_architecture"},{"term":"Enterprise pursuit execution across portfolio expansion motions","text":"Enterprise pursuit execution across portfolio expansion motions","source_fact_id":"fact_revenue_ops_003","source_fact_ids":["fact_revenue_ops_003"],"source_skill_ids":["skill_partner_enterprise_negotiations"],"graph_skill_node_ids":["skill_partner_enterprise_negotiations"],"support_class":"FROZEN_RESUME_GRAPH_ALLOCATION","proof_source":"allocation_visible_graph_surface","allocation_claim_unit_id":"competencies:skill:03","allocation_surface_source_field":"graph_authority_surface_composition"}],"candidate_origin":"governed_required_bundle_baseline","selection_score":0.847,"selector_confidence":0.847,"confidence":0.847,"resume_display_order_reason":"anthropic_partnership_relevance_first","visible_graph_surface":true,"graph_surface_term_source":"competency_bundle_vocabulary_anchors","allocation_claim_unit_ids":["competencies:skill:03"]},{"category_id":"llmops_reliability","category_label":"LLMOps & Reliability","resume_display_label":"LLMOps, Evaluation & Reliability","competency_bundle_id":"ccb_llmops_reliability","capability_family":"llmops_reliability","graph_skill_node_ids":["skill_audit_grade_observability","skill_output_quality_and_schema_gates","skill_fail_closed_gate_semantics","skill_runtime_resilience_controls"],"source_fact_ids":["fact_engineering_platform_001","reb_unify_agentic_platform_architecture"],"terms":[{"term":"audit-ready agent reliability evidence for governed systems","text":"audit-ready agent reliability evidence for governed systems","source_skill_ids":["skill_audit_grade_observability","skill_output_quality_and_schema_gates","skill_fail_closed_gate_semantics","skill_runtime_resilience_controls"],"graph_skill_node_ids":["skill_audit_grade_observability","skill_output_quality_and_schema_gates","skill_fail_closed_gate_semantics","skill_runtime_resilience_controls"],"support_class":"FACT_AND_SKILL_GRAPH","proof_source":"competency_bundle_visible_surface","source_fact_ids":["fact_engineering_platform_001","reb_unify_agentic_platform_architecture"],"source_fact_id":"fact_engineering_platform_001"},{"term":"evaluation gauntlets for behavior assurance","text":"evaluation gauntlets for behavior assurance","source_skill_ids":["skill_audit_grade_observability","skill_output_quality_and_schema_gates","skill_fail_closed_gate_semantics","skill_runtime_resilience_controls"],"graph_skill_node_ids":["skill_audit_grade_observability","skill_output_quality_and_schema_gates","skill_fail_closed_gate_semantics","skill_runtime_resilience_controls"],"support_class":"FACT_AND_SKILL_GRAPH","proof_source":"competency_bundle_visible_surface","source_fact_ids":["fact_engineering_platform_001","reb_unify_agentic_platform_architecture"],"source_fact_id":"fact_engineering_platform_001"},{"term":"production reliability lifecycle for agentic workflows","text":"production reliability lifecycle for agentic workflows","source_skill_ids":["skill_audit_grade_observability","skill_output_quality_and_schema_gates","skill_fail_closed_gate_semantics","skill_runtime_resilience_controls"],"graph_skill_node_ids":["skill_audit_grade_observability","skill_output_quality_and_schema_gates","skill_fail_closed_gate_semantics","skill_runtime_resilience_controls"],"support_class":"FACT_AND_SKILL_GRAPH","proof_source":"competency_bundle_visible_surface","source_fact_ids":["fact_engineering_platform_001","reb_unify_agentic_platform_architecture"],"source_fact_id":"fact_engineering_platform_001"}],"candidate_origin":"governed_required_bundle_baseline","selection_score":0.847,"confidence":0.847,"selector_confidence":0.847,"resume_display_order_reason":"anthropic_partnership_relevance_first","visible_graph_surface":true,"graph_surface_term_source":"competency_bundle_vocabulary_anchors","allocation_claim_unit_ids":[]},{"category_id":"data_analytics_modernization","category_label":"Data & Analytics Modernization","resume_display_label":"Distributed Systems & Cloud Data Engineering","competency_bundle_id":"ccb_distributed_systems_engineering","capability_family":"distributed_systems_engineering","graph_skill_node_ids":["skill_sr_cloud_data_platform_engineering","skill_sr_microservices_integration_platform","skill_p2_tech_reference_architecture"],"source_fact_ids":["fact_engineering_platform_002"],"terms":[{"term":"cloud-native AI data reference architectures","text":"cloud-native AI data reference architectures","source_skill_ids":["skill_sr_cloud_data_platform_engineering","skill_sr_microservices_integration_platform","skill_p2_tech_reference_architecture"],"graph_skill_node_ids":["skill_sr_cloud_data_platform_engineering","skill_sr_microservices_integration_platform","skill_p2_tech_reference_architecture"],"support_class":"FACT_AND_SKILL_GRAPH","proof_source":"competency_bundle_visible_surface","source_fact_ids":["fact_engineering_platform_002"],"source_fact_id":"fact_engineering_platform_002"},{"term":"microservices integration for regulated ecosystems","text":"microservices integration for regulated ecosystems","source_skill_ids":["skill_sr_cloud_data_platform_engineering","skill_sr_microservices_integration_platform","skill_p2_tech_reference_architecture"],"graph_skill_node_ids":["skill_sr_cloud_data_platform_engineering","skill_sr_microservices_integration_platform","skill_p2_tech_reference_architecture"],"support_class":"FACT_AND_SKILL_GRAPH","proof_source":"competency_bundle_visible_surface","source_fact_ids":["fact_engineering_platform_002"],"source_fact_id":"fact_engineering_platform_002"},{"term":"lakehouse modernization for decision intelligence","text":"lakehouse modernization for decision intelligence","source_skill_ids":["skill_sr_cloud_data_platform_engineering","skill_sr_microservices_integration_platform","skill_p2_tech_reference_architecture"],"graph_skill_node_ids":["skill_sr_cloud_data_platform_engineering","skill_sr_microservices_integration_platform","skill_p2_tech_reference_architecture"],"support_class":"FACT_AND_SKILL_GRAPH","proof_source":"competency_bundle_visible_surface","source_fact_ids":["fact_engineering_platform_002"],"source_fact_id":"fact_engineering_platform_002"}],"candidate_origin":"governed_required_bundle_baseline","selection_score":0.821,"selector_confidence":0.821,"confidence":0.821,"resume_display_order_reason":"anthropic_partnership_relevance_first","visible_graph_surface":true,"graph_surface_term_source":"competency_bundle_vocabulary_anchors","allocation_claim_unit_ids":[]},{"category_id":"engineering_delivery_leadership","category_label":"Engineering & Delivery Leadership","resume_display_label":"Engineering Leadership & Operating Model","competency_bundle_id":"ccb_engineering_leadership","capability_family":"engineering_leadership","graph_skill_node_ids":["skill_svp_it_strategy_innovation","skill_commercial_board_level_stakeholder_alignment","skill_p2_gtm_presales_delivery_handoff","skill_partner_sales_revenue_targets","skill_unify_agentic_human_override_escalation_paths"],"source_fact_ids":["fact_engineering_platform_001","fact_revenue_ops_002","fact_revenue_ops_004","reb_ibm_presales_solution_engineering"],"terms":[{"term":"executive-aligned technical discovery operating cadences","text":"executive-aligned technical discovery operating cadences","source_skill_ids":["skill_svp_it_strategy_innovation","skill_commercial_board_level_stakeholder_alignment"],"graph_skill_node_ids":["skill_svp_it_strategy_innovation","skill_commercial_board_level_stakeholder_alignment"],"support_class":"FACT_AND_SKILL_GRAPH","proof_source":"competency_bundle_visible_surface","source_fact_ids":["reb_ibm_presales_solution_engineering"],"source_fact_id":"reb_ibm_presales_solution_engineering"},{"term":"Presales-to-delivery customer success operating handoff cadence","text":"Presales-to-delivery customer success operating handoff cadence","source_fact_id":"fact_revenue_ops_004","source_fact_ids":["fact_revenue_ops_004"],"source_skill_ids":["skill_p2_gtm_presales_delivery_handoff"],"graph_skill_node_ids":["skill_p2_gtm_presales_delivery_handoff"],"support_class":"FROZEN_RESUME_GRAPH_ALLOCATION","proof_source":"allocation_visible_graph_surface","allocation_claim_unit_id":"competencies:skill:02","allocation_surface_source_field":"graph_authority_surface_composition"},{"term":"Revenue target execution and quota-aligned solution leadership","text":"Revenue target execution and quota-aligned solution leadership","source_fact_id":"fact_revenue_ops_002","source_fact_ids":["fact_revenue_ops_002"],"source_skill_ids":["skill_partner_sales_revenue_targets"],"graph_skill_node_ids":["skill_partner_sales_revenue_targets"],"support_class":"FROZEN_RESUME_GRAPH_ALLOCATION","proof_source":"allocation_visible_graph_surface","allocation_claim_unit_id":"competencies:skill:04","allocation_surface_source_field":"root_bundle_theme"},{"term":"Governed human override and escalation paths","text":"Governed human override and escalation paths","source_fact_id":"fact_engineering_platform_001","source_fact_ids":["fact_engineering_platform_001"],"source_skill_ids":["skill_unify_agentic_human_override_escalation_paths"],"graph_skill_node_ids":["skill_unify_agentic_human_override_escalation_paths"],"support_class":"FROZEN_RESUME_GRAPH_ALLOCATION","proof_source":"allocation_visible_graph_surface","allocation_claim_unit_id":"competencies:skill:05","allocation_surface_source_field":"graph_authority_surface_composition"}],"candidate_origin":"governed_required_bundle_baseline","selection_score":0.813,"selector_confidence":0.813,"confidence":0.813,"resume_display_order_reason":"anthropic_partnership_relevance_first","visible_graph_surface":true,"graph_surface_term_source":"competency_bundle_vocabulary_anchors","allocation_claim_unit_ids":["competencies:skill:02","competencies:skill:04","competencies:skill:05"]}]

X1D_LLM_JUDGE_OUTPUTS:
| Provider | Mode | Status | Score | Pass | Decisive Failure |
|---|---|---|---:|---|---|
| Google Gemini 3.6 Flash | MODEL_BACKED | MODEL_BACKED_PASS | 5.0 | True | False |
| OpenAI ChatGPT | MODEL_BACKED | MODEL_BACKED_FAIL | 3.7 | False | True |

X2_DETERMINISTIC_GATE_OUTPUTS:
- x2_competencies_no_reserved_certification_category: PASS
- x2_competencies_min_category_count: PASS
- x2_competencies_min_items_per_category: PASS
- x2_competencies_no_credential_relisting: PASS
- x2_competencies_no_low_rigor_two_word_items: PASS
- x2_competencies_role_alignment_terms: PASS
- x2_competencies_no_metrics_as_skills_without_capability_context: PASS
- x2_competencies_no_metric_ids_in_source_fact_ids: PASS
- x2_competencies_approved_category_labels: PASS
- x2_competencies_term_support_ids_present: PASS
- x2_competencies_no_fragment_or_one_word_terms: PASS
- x2_competencies_no_all_generic_skill_phrase: PASS
- x2_competencies_visible_terms_svp_agentic_richness: PASS
- x2_competencies_keyword_repetition_limit: PASS
- x2_competency_format_category_colon_terms: PASS
- x2_claim_ledger_claim_text_non_empty: PASS
- x2_competency_term_compact_word_count: PASS
- x2_no_full_sentences: PASS
- x2_no_bullet_format: PASS
- x2_all_terms_source_fact_ids: PASS
- x2_structured_term_primary_facts: PASS
- x2_competency_terms_canonical_structured: PASS
- x2_competency_term_primary_fact_present: PASS
- x2_competency_term_primary_fact_unique: PASS
- x2_competency_schema_valid: PASS
- x2_competency_term_supported: PASS
- x2_no_jd_only_skills: PASS
- x2_competency_jd_mirroring_within_limit: PASS
- x2_no_briefing_only_skills: PASS
- x2_competency_companion_context_not_proof: PASS
- x2_duplicate_variants_collapsed: PASS
- x2_competency_duplicate_variant_absent: PASS
- x2_no_bullet_outcome_restatement: FAIL
- x2_no_unsupported_tools_frameworks_models: PASS
- x2_no_keyword_stuffing: FAIL
- x2_no_inline_source_tags: PASS
- x2_no_first_person: PASS
- x2_no_em_dash: PASS
- x2_json_parse_valid: PASS
- x2_provider_requested_attempted: PASS
- x2_no_silent_mock_fallback: PASS
- x2_no_mock_fixture_markers_in_real_llm_output: PASS
- x2_x1d_required_judges_present: PASS
- x2_x1d_schema_valid: PASS
- x2_competencies_active_proof_pool_source_fact_ids: PASS
- x2_section_input_usage_ledger_present: PASS
- x2_jd_used_as_required_targeting_input: PASS
- x2_briefing_used_as_required_context_input: PASS
- x2_title_company_used_as_required_positioning_input: PASS
- x2_no_non_evidence_inputs_as_claim_evidence: PASS
- x2_no_non_evidence_inputs_in_source_fact_ids: PASS
- x2_selected_fact_ids_only: PASS
- x2_section_claims_supported_by_base_resume: PASS
- x2_input_usage_accounting_consistent: PASS
- x2_fec_subset_of_canonical_evidence_pool: PASS
- x2_prompt_c0_ids_subset_of_fec: PASS
- x2_claim_ledger_source_fact_ids_subset_of_fec: PASS
- X2_BLOCK_ID_NAMESPACE_SPLIT: PASS
- x2_active_pool_digest_matches_fec_digest: PASS
- x2_competencies_capability_family_coverage: PASS
- x2_competencies_no_default_fid_proof: PASS
- x2_competencies_generic_category_blocked_without_graph: PASS
- x2_competencies_e0_ngram_overlap: PASS
- x2_competencies_base_ngram_overlap: PASS
- x2_competencies_capability_bundles_in_proof_pool: PASS
- x2_competency_bundle_id_required_per_category: PASS
- x2_graph_skill_node_ids_required_per_category: PASS
- x2_source_fact_ids_or_graph_lineage_required_per_category: PASS
- x2_default_fid_only_support_forbidden: PASS
- x2_generic_taxonomy_only_category_forbidden: PASS
- x2_jd_only_skill_forbidden: PASS
- x2_partner_architecture_bundle_present: PASS
- x2_partner_architecture_terms_require_partner_bundle: PASS
- x2_partner_terms_source_roots_forbid_insurtech_ey: PASS
- x2_competency_rigor_floor_met: PASS
- x2_technical_density_floor_met: PASS
- x2_required_capability_families_covered: PASS
- x2_competencies_source_fact_concentration_limit: PASS
- x2_competencies_per_category_confidence_nonconstant: PASS
- x2_competencies_rejected_neighbor_audit_present: PASS
- x2_competencies_graph_traversal_sufficiency: PASS
- x2_competencies_graph_granularity_gates: PASS
- x2_competencies_selected_graph_evidence_depth_sufficient: PASS
- x2_base_archive_ngram_overlap_forbidden_or_warn: PASS
- x2_gate_rows_are_internally_consistent: PASS

GRAPH_SOURCING_ASSESSMENT:
SCHEMA_ORDER: role -> role_episode_roots -> skills -> metrics -> rejected_siblings -> confidence -> verdict
ROLE: profile=balanced_enterprise_ai selection_method=selected_graph_evidence_plan_competencies depth_status=judge_grade
ROLE_EPISODE_ROOTS: selected=8 source_facts=8 root_ids=[reb_ey_erm_risk_governance, reb_ey_insurance_core_modernization, reb_ibm_offering_accelerator_management, reb_ibm_presales_solution_engineering, reb_insurtech_aws_shared_responsibility_operating_model, reb_insurtech_regulated_aws_control_implementation (+2 more)] source_fact_ids=[reb_ey_erm_risk_governance, reb_ey_insurance_core_modernization, reb_ibm_offering_accelerator_management, reb_ibm_presales_solution_engineering, reb_insurtech_aws_shared_responsibility_operating_model, reb_insurtech_regulated_aws_control_implementation (+2 more)]
SKILLS: selected_unique=21 candidate_frontier=165 selected_ids=[skill_aws_iam_kms_cloudtrail_controls, skill_cloud_control_ownership_mapping, skill_credit_adjudication_default_risk, skill_dense_sparse_exact_retrieval_design, skill_insurance_claims_automation, skill_insurance_core_to_bi_reporting_handoff (+15 more)]
METRICS: selected_unique=16 candidate_frontier=100 selected_ids=[metric_ey_bcbs239_risk_data_domain_count, metric_ey_core_conversion_rule_traceability_count, metric_ey_core_integration_data_mapping_count, metric_ey_risk_metric_definition_count, metric_ibm_client_facing_modernization_playbooks, metric_ibm_executive_buyer_architecture_alignment (+10 more)]
REJECTED_SIBLINGS: skills=17 metrics=4 skill_ids=[skill_insurance_billing_rating_underwriting_handoffs, skill_insurance_core_integration_data_conversion, skill_insurance_guidewire, skill_insurance_policy_administration, skill_insurance_product_rate_rules_configuration, skill_p2_gtm_discovery_qualification (+11 more)] metric_ids=[metric_ey_core_workflow_maps_count, metric_ey_policy_admin_rules_interfaces_count, metric_ey_three_lines_control_owner_count, metric_insurtech_controls_mapped_count]
SELECTED_VS_REJECTED: graph_selected_leaf_skills=21 graph_rejected_sibling_skills=17 selector_candidates=28 selector_rejected=21
ROLE_AXIS_COVERAGE: covered=[none] missing=[none]
CONFIDENCE: nonconstant=true values=[0.7413, 0.6668, 0.7418, 0.5408, 0.8183, 0.7058, 0.6743, 0.6473]
ASSESSMENT: ACCEPTABLE reason=required_graph_gates_passed failed_gates=[none] missing_gates=[none]
GRAPH_RECEIPT: C:/Git/apps_rg_v2-worktrees/codex-l1-cognitive-causal-loop-w1/artifacts/apps_rg/l1_cognitive_w4/20260811_pair_003/candidate_attempt_008/modular_r4/sections/competencies/competencies_graph_traversal_sufficiency_receipt.json

RUNTIME_PROOF_SUMMARY:
RUNTIME_GENERATION_STATUS: REAL_LLM
STATUS: PASS_NONCERTIFYING_RUNTIME_PROOF
PRODUCT_STATUS: X3_BLOCK
PROOF_ELIGIBLE: false
NOTE: STATUS PASS alone never implies X3 ALLOW or certification — check PRODUCT_STATUS and PROOF_ELIGIBLE.
CANONICAL_AGGREGATION_INPUT: competencies_section_output.json (C:/Git/apps_rg_v2-worktrees/codex-l1-cognitive-causal-loop-w1/artifacts/apps_rg/l1_cognitive_w4/20260811_pair_003/candidate_attempt_008/modular_r4/sections/competencies/competencies_section_output.json)

L6_SHADOW_EVAL_PACKAGE:
C:\Git\apps_rg_v2-worktrees\codex-l1-cognitive-causal-loop-w1\artifacts\apps_rg\l1_cognitive_w4\20260811_pair_003\candidate_attempt_008\modular_r4\sections\competencies\l6_shadow_eval_package.json
offline_only=true
l6_shadow_learning=C:\Git\apps_rg_v2-worktrees\codex-l1-cognitive-causal-loop-w1\artifacts\apps_rg\l1_cognitive_w4\20260811_pair_003\candidate_attempt_008\modular_r4\sections\competencies\l6_shadow_learning.json
[L2 recipe] Step unknown failed: non-zero exit

Processing:   0%|          | 0/4 [00:00<?, ?item/s]
Processing: 100%|██████████| 4/4 [00:00<?, ?item/s]

Processing:   0%|          | 0/4 [00:00<?, ?item/s]
Processing: 100%|██████████| 4/4 [00:00<?, ?item/s]

Processing:   0%|          | 0/4 [00:00<?, ?item/s]
Processing: 100%|██████████| 4/4 [00:00<?, ?item/s]

Processing:   0%|          | 0/4 [00:00<?, ?item/s]
Processing: 100%|██████████| 4/4 [00:00<?, ?item/s]

Processing:   0%|          | 0/4 [00:00<?, ?item/s]
Processing: 100%|██████████| 4/4 [00:00<?, ?item/s]

Processing:   0%|          | 0/4 [00:00<?, ?item/s]
Processing: 100%|██████████| 4/4 [00:00<?, ?item/s]

Processing:   0%|          | 0/4 [00:00<?, ?item/s]
Processing: 100%|██████████| 4/4 [00:00<?, ?item/s]

Processing:   0%|          | 0/4 [00:00<?, ?item/s]
Processing: 100%|██████████| 4/4 [00:00<?, ?item/s]

Processing:   0%|          | 0/4 [00:00<?, ?item/s]
Processing: 100%|██████████| 4/4 [00:00<?, ?item/s]

Processing:   0%|          | 0/4 [00:00<?, ?item/s]
Processing: 100%|██████████| 4/4 [00:00<?, ?item/s]

Processing:   0%|          | 0/4 [00:00<?, ?item/s]
Processing: 100%|██████████| 4/4 [00:00<?, ?item/s]

Processing:   0%|          | 0/4 [00:00<?, ?item/s]
Processing: 100%|██████████| 4/4 [00:00<?, ?item/s]

Processing:   0%|          | 0/4 [00:00<?, ?item/s]
Processing: 100%|██████████| 4/4 [00:00<?, ?item/s]

Processing:   0%|          | 0/4 [00:00<?, ?item/s]
Processing: 100%|██████████| 4/4 [00:00<00:00, 1556.91item/s]

Processing:   0%|          | 0/4 [00:00<?, ?item/s]
Processing: 100%|██████████| 4/4 [00:00<?, ?item/s]

Processing:   0%|          | 0/4 [00:00<?, ?item/s]
Processing: 100%|██████████| 4/4 [00:00<?, ?item/s]

Processing:   0%|          | 0/4 [00:00<?, ?item/s]
Processing: 100%|██████████| 4/4 [00:00<?, ?item/s]

Processing:   0%|          | 0/4 [00:00<?, ?item/s]
Processing: 100%|██████████| 4/4 [00:00<?, ?item/s]

Processing:   0%|          | 0/4 [00:00<?, ?item/s]
Processing: 100%|██████████| 4/4 [00:00<?, ?item/s]

Processing:   0%|          | 0/4 [00:00<?, ?item/s]
Processing: 100%|██████████| 4/4 [00:00<?, ?item/s]

Processing:   0%|          | 0/4 [00:00<?, ?item/s]
Processing: 100%|██████████| 4/4 [00:00<?, ?item/s]

Processing:   0%|          | 0/4 [00:00<?, ?item/s]
Processing: 100%|██████████| 4/4 [00:00<?, ?item/s]

Processing:   0%|          | 0/4 [00:00<?, ?item/s]
Processing: 100%|██████████| 4/4 [00:00<?, ?item/s]

Processing:   0%|          | 0/4 [00:00<?, ?item/s]
Processing: 100%|██████████| 4/4 [00:00<?, ?item/s]

Processing:   0%|          | 0/4 [00:00<?, ?item/s]
Processing: 100%|██████████| 4/4 [00:00<?, ?item/s]

Processing:   0%|          | 0/4 [00:00<?, ?item/s]
Processing: 100%|██████████| 4/4 [00:00<?, ?item/s]

Processing:   0%|          | 0/4 [00:00<?, ?item/s]
Processing: 100%|██████████| 4/4 [00:00<?, ?item/s]

Processing:   0%|          | 0/4 [00:00<?, ?item/s]
Processing: 100%|██████████| 4/4 [00:00<?, ?item/s]

Processing:   0%|          | 0/4 [00:00<?, ?item/s]
Processing: 100%|██████████| 4/4 [00:00<?, ?item/s]

Processing:   0%|          | 0/4 [00:00<?, ?item/s]
Processing: 100%|██████████| 4/4 [00:00<?, ?item/s]

Processing:   0%|          | 0/4 [00:00<?, ?item/s]
Processing: 100%|██████████| 4/4 [00:00<?, ?item/s]

Processing:   0%|          | 0/4 [00:00<?, ?item/s]
Processing: 100%|██████████| 4/4 [00:00<?, ?item/s]

Processing:   0%|          | 0/4 [00:00<?, ?item/s]
Processing: 100%|██████████| 4/4 [00:00<?, ?item/s]

Processing:   0%|          | 0/4 [00:00<?, ?item/s]
Processing: 100%|██████████| 4/4 [00:00<?, ?item/s]

Processing:   0%|          | 0/4 [00:00<?, ?item/s]
Processing: 100%|██████████| 4/4 [00:00<?, ?item/s]

Processing:   0%|          | 0/4 [00:00<?, ?item/s]
Processing: 100%|██████████| 4/4 [00:00<?, ?item/s]

Processing:   0%|          | 0/4 [00:00<?, ?item/s]
Processing: 100%|██████████| 4/4 [00:00<?, ?item/s]

Processing:   0%|          | 0/4 [00:00<?, ?item/s]
Processing: 100%|██████████| 4/4 [00:00<?, ?item/s]

Processing:   0%|          | 0/4 [00:00<?, ?item/s]
Processing: 100%|██████████| 4/4 [00:00<?, ?item/s]

Processing:   0%|          | 0/4 [00:00<?, ?item/s]
Processing: 100%|██████████| 4/4 [00:00<?, ?item/s]

Processing:   0%|          | 0/4 [00:00<?, ?item/s]
Processing: 100%|██████████| 4/4 [00:00<?, ?item/s]

Processing:   0%|          | 0/4 [00:00<?, ?item/s]
Processing: 100%|██████████| 4/4 [00:00<?, ?item/s]

Processing:   0%|          | 0/4 [00:00<?, ?item/s]
Processing: 100%|██████████| 4/4 [00:00<?, ?item/s]
[L2 recipe] Step unknown failed: non-zero exit

Processing:   0%|          | 0/4 [00:00<?, ?item/s]
Processing: 100%|██████████| 4/4 [00:00<?, ?item/s]
C0.2 fact_vectors staged write-back failed: Expected IDs to be unique, found duplicates of: apps_rg:fv:fact_revenue_ops_005 in upsert.

Processing:   0%|          | 0/4 [00:00<?, ?item/s]
Processing: 100%|██████████| 4/4 [00:00<?, ?item/s]

Processing:   0%|          | 0/4 [00:00<?, ?item/s]
Processing: 100%|██████████| 4/4 [00:00<00:00, 2289.15item/s]

Processing:   0%|          | 0/4 [00:00<?, ?item/s]
Processing: 100%|██████████| 4/4 [00:00<00:00, 2658.41item/s]

Processing:   0%|          | 0/4 [00:00<?, ?item/s]
Processing: 100%|██████████| 4/4 [00:00<?, ?item/s]

Processing:   0%|          | 0/4 [00:00<?, ?item/s]
Processing: 100%|██████████| 4/4 [00:00<?, ?item/s]

Processing:   0%|          | 0/4 [00:00<?, ?item/s]
Processing: 100%|██████████| 4/4 [00:00<00:00, 11602.50item/s]

Processing:   0%|          | 0/4 [00:00<?, ?item/s]
Processing: 100%|██████████| 4/4 [00:00<00:00, 7869.24item/s]

Processing:   0%|          | 0/4 [00:00<?, ?item/s]
Processing: 100%|██████████| 4/4 [00:00<?, ?item/s]

Processing:   0%|          | 0/4 [00:00<?, ?item/s]
Processing: 100%|██████████| 4/4 [00:00<?, ?item/s]

Processing:   0%|          | 0/4 [00:00<?, ?item/s]
Processing: 100%|██████████| 4/4 [00:00<?, ?item/s]

Processing:   0%|          | 0/4 [00:00<?, ?item/s]
Processing: 100%|██████████| 4/4 [00:00<?, ?item/s]

Processing:   0%|          | 0/4 [00:00<?, ?item/s]
Processing: 100%|██████████| 4/4 [00:00<?, ?item/s]

Processing:   0%|          | 0/4 [00:00<?, ?item/s]
Processing: 100%|██████████| 4/4 [00:00<?, ?item/s]

Processing:   0%|          | 0/4 [00:00<?, ?item/s]
Processing: 100%|██████████| 4/4 [00:00<?, ?item/s]

Processing:   0%|          | 0/4 [00:00<?, ?item/s]
Processing: 100%|██████████| 4/4 [00:00<?, ?item/s]

Processing:   0%|          | 0/4 [00:00<?, ?item/s]
Processing: 100%|██████████| 4/4 [00:00<?, ?item/s]

Processing:   0%|          | 0/4 [00:00<?, ?item/s]
Processing: 100%|██████████| 4/4 [00:00<?, ?item/s]

Processing:   0%|          | 0/4 [00:00<?, ?item/s]
Processing: 100%|██████████| 4/4 [00:00<?, ?item/s]

Processing:   0%|          | 0/4 [00:00<?, ?item/s]
Processing: 100%|██████████| 4/4 [00:00<?, ?item/s]

Processing:   0%|          | 0/4 [00:00<?, ?item/s]
Processing: 100%|██████████| 4/4 [00:00<?, ?item/s]

Processing:   0%|          | 0/4 [00:00<?, ?item/s]
Processing: 100%|██████████| 4/4 [00:00<00:00, 5612.99item/s]

Processing:   0%|          | 0/4 [00:00<?, ?item/s]
Processing: 100%|██████████| 4/4 [00:00<?, ?item/s]

Processing:   0%|          | 0/4 [00:00<?, ?item/s]
Processing: 100%|██████████| 4/4 [00:00<?, ?item/s]

Processing:   0%|          | 0/4 [00:00<?, ?item/s]
Processing: 100%|██████████| 4/4 [00:00<?, ?item/s]

Processing:   0%|          | 0/4 [00:00<?, ?item/s]
Processing: 100%|██████████| 4/4 [00:00<?, ?item/s]

Processing:   0%|          | 0/4 [00:00<?, ?item/s]
Processing: 100%|██████████| 4/4 [00:00<?, ?item/s]

Processing:   0%|          | 0/4 [00:00<?, ?item/s]
Processing: 100%|██████████| 4/4 [00:00<?, ?item/s]

Processing:   0%|          | 0/4 [00:00<?, ?item/s]
Processing: 100%|██████████| 4/4 [00:00<?, ?item/s]

Processing:   0%|          | 0/4 [00:00<?, ?item/s]
Processing: 100%|██████████| 4/4 [00:00<?, ?item/s]

Processing:   0%|          | 0/4 [00:00<?, ?item/s]
Processing: 100%|██████████| 4/4 [00:00<00:00, 6072.10item/s]

Processing:   0%|          | 0/4 [00:00<?, ?item/s]
Processing: 100%|██████████| 4/4 [00:00<?, ?item/s]
[L2 recipe] Step unknown failed: non-zero exit

Processing:   0%|          | 0/4 [00:00<?, ?item/s]
Processing: 100%|██████████| 4/4 [00:00<?, ?item/s]
C0.2 fact_vectors staged write-back failed: Expected IDs to be unique, found duplicates of: apps_rg:fv:exp_insurtech_001 in upsert.

Processing:   0%|          | 0/4 [00:00<?, ?item/s]
Processing: 100%|██████████| 4/4 [00:00<?, ?item/s]

Processing:   0%|          | 0/4 [00:00<?, ?item/s]
Processing: 100%|██████████| 4/4 [00:00<?, ?item/s]

Processing:   0%|          | 0/4 [00:00<?, ?item/s]
Processing: 100%|██████████| 4/4 [00:00<?, ?item/s]

Processing:   0%|          | 0/4 [00:00<?, ?item/s]
Processing: 100%|██████████| 4/4 [00:00<?, ?item/s]

Processing:   0%|          | 0/4 [00:00<?, ?item/s]
Processing: 100%|██████████| 4/4 [00:00<?, ?item/s]

Processing:   0%|          | 0/4 [00:00<?, ?item/s]
Processing: 100%|██████████| 4/4 [00:00<?, ?item/s]

Processing:   0%|          | 0/4 [00:00<?, ?item/s]
Processing: 100%|██████████| 4/4 [00:00<?, ?item/s]

Processing:   0%|          | 0/4 [00:00<?, ?item/s]
Processing: 100%|██████████| 4/4 [00:00<?, ?item/s]
C0.2 fact_vectors staged write-back failed: Expected IDs to be unique, found duplicates of: apps_rg:fv:exp_ey_001 in upsert.

Processing:   0%|          | 0/4 [00:00<?, ?item/s]
Processing: 100%|██████████| 4/4 [00:00<?, ?item/s]

Processing:   0%|          | 0/4 [00:00<?, ?item/s]
Processing: 100%|██████████| 4/4 [00:00<?, ?item/s]

Processing:   0%|          | 0/4 [00:00<?, ?item/s]
Processing: 100%|██████████| 4/4 [00:00<?, ?item/s]

Processing:   0%|          | 0/4 [00:00<?, ?item/s]
Processing: 100%|██████████| 4/4 [00:00<?, ?item/s]

Processing:   0%|          | 0/4 [00:00<?, ?item/s]
Processing: 100%|██████████| 4/4 [00:00<?, ?item/s]

Processing:   0%|          | 0/4 [00:00<?, ?item/s]
Processing: 100%|██████████| 4/4 [00:00<00:00, 952.76item/s]

Processing:   0%|          | 0/4 [00:00<?, ?item/s]
Processing: 100%|██████████| 4/4 [00:00<?, ?item/s]

Processing:   0%|          | 0/4 [00:00<?, ?item/s]
Processing: 100%|██████████| 4/4 [00:00<?, ?item/s]

Processing:   0%|          | 0/4 [00:00<?, ?item/s]
Processing: 100%|██████████| 4/4 [00:00<?, ?item/s]

Processing:   0%|          | 0/4 [00:00<?, ?item/s]
Processing: 100%|██████████| 4/4 [00:00<?, ?item/s]

Processing:   0%|          | 0/4 [00:00<?, ?item/s]
Processing: 100%|██████████| 4/4 [00:00<?, ?item/s]

Processing:   0%|          | 0/4 [00:00<?, ?item/s]
Processing: 100%|██████████| 4/4 [00:00<?, ?item/s]

Processing:   0%|          | 0/4 [00:00<?, ?item/s]
Processing: 100%|██████████| 4/4 [00:00<?, ?item/s]

Processing:   0%|          | 0/4 [00:00<?, ?item/s]
Processing: 100%|██████████| 4/4 [00:00<?, ?item/s]

Processing:   0%|          | 0/4 [00:00<?, ?item/s]
Processing: 100%|██████████| 4/4 [00:00<?, ?item/s]

Processing:   0%|          | 0/4 [00:00<?, ?item/s]
Processing: 100%|██████████| 4/4 [00:00<?, ?item/s]

Processing:   0%|          | 0/4 [00:00<?, ?item/s]
Processing: 100%|██████████| 4/4 [00:00<?, ?item/s]

Processing:   0%|          | 0/4 [00:00<?, ?item/s]
Processing: 100%|██████████| 4/4 [00:00<?, ?item/s]

Processing:   0%|          | 0/4 [00:00<?, ?item/s]
Processing: 100%|██████████| 4/4 [00:00<?, ?item/s]

Processing:   0%|          | 0/4 [00:00<?, ?item/s]
Processing: 100%|██████████| 4/4 [00:00<?, ?item/s]

Processing:   0%|          | 0/4 [00:00<?, ?item/s]
Processing: 100%|██████████| 4/4 [00:00<?, ?item/s]

Processing:   0%|          | 0/4 [00:00<?, ?item/s]
Processing: 100%|██████████| 4/4 [00:00<?, ?item/s]

Processing:   0%|          | 0/4 [00:00<?, ?item/s]
Processing: 100%|██████████| 4/4 [00:00<?, ?item/s]

Processing:   0%|          | 0/4 [00:00<?, ?item/s]
Processing: 100%|██████████| 4/4 [00:00<?, ?item/s]

Processing:   0%|          | 0/4 [00:00<?, ?item/s]
Processing: 100%|██████████| 4/4 [00:00<?, ?item/s]

Processing:   0%|          | 0/4 [00:00<?, ?item/s]
Processing: 100%|██████████| 4/4 [00:00<00:00, 7046.29item/s]

Processing:   0%|          | 0/4 [00:00<?, ?item/s]
Processing: 100%|██████████| 4/4 [00:00<?, ?item/s]

Processing:   0%|          | 0/4 [00:00<?, ?item/s]
Processing: 100%|██████████| 4/4 [00:00<?, ?item/s]

Processing:   0%|          | 0/4 [00:00<?, ?item/s]
Processing: 100%|██████████| 4/4 [00:00<?, ?item/s]

Processing:   0%|          | 0/4 [00:00<?, ?item/s]
Processing: 100%|██████████| 4/4 [00:00<?, ?item/s]

Processing:   0%|          | 0/4 [00:00<?, ?item/s]
Processing: 100%|██████████| 4/4 [00:00<?, ?item/s]

Processing:   0%|          | 0/4 [00:00<?, ?item/s]
Processing: 100%|██████████| 4/4 [00:00<?, ?item/s]

Processing:   0%|          | 0/4 [00:00<?, ?item/s]
Processing: 100%|██████████| 4/4 [00:00<?, ?item/s]

Processing:   0%|          | 0/4 [00:00<?, ?item/s]
Processing: 100%|██████████| 4/4 [00:00<?, ?item/s]

Processing:   0%|          | 0/4 [00:00<?, ?item/s]
Processing: 100%|██████████| 4/4 [00:00<?, ?item/s]

Processing:   0%|          | 0/4 [00:00<?, ?item/s]
Processing: 100%|██████████| 4/4 [00:00<00:00, 507.55item/s]

Processing:   0%|          | 0/4 [00:00<?, ?item/s]
Processing: 100%|██████████| 4/4 [00:00<?, ?item/s]

Processing:   0%|          | 0/4 [00:00<?, ?item/s]
Processing: 100%|██████████| 4/4 [00:00<?, ?item/s]

Processing:   0%|          | 0/4 [00:00<?, ?item/s]
Processing: 100%|██████████| 4/4 [00:00<?, ?item/s]

Processing:   0%|          | 0/4 [00:00<?, ?item/s]
Processing: 100%|██████████| 4/4 [00:00<?, ?item/s]

Processing:   0%|          | 0/4 [00:00<?, ?item/s]
Processing: 100%|██████████| 4/4 [00:00<?, ?item/s]

Processing:   0%|          | 0/4 [00:00<?, ?item/s]
Processing: 100%|██████████| 4/4 [00:00<?, ?item/s]

Processing:   0%|          | 0/4 [00:00<?, ?item/s]
Processing: 100%|██████████| 4/4 [00:00<?, ?item/s]

Processing:   0%|          | 0/4 [00:00<?, ?item/s]
Processing: 100%|██████████| 4/4 [00:00<?, ?item/s]

Processing:   0%|          | 0/4 [00:00<?, ?item/s]
Processing: 100%|██████████| 4/4 [00:00<?, ?item/s]

Processing:   0%|          | 0/4 [00:00<?, ?item/s]
Processing: 100%|██████████| 4/4 [00:00<?, ?item/s]

Processing:   0%|          | 0/4 [00:00<?, ?item/s]
Processing: 100%|██████████| 4/4 [00:00<?, ?item/s]

Processing:   0%|          | 0/4 [00:00<?, ?item/s]
Processing: 100%|██████████| 4/4 [00:00<00:00, 4352.07item/s]

Processing:   0%|          | 0/4 [00:00<?, ?item/s]
Processing: 100%|██████████| 4/4 [00:00<?, ?item/s]

Processing:   0%|          | 0/4 [00:00<?, ?item/s]
Processing: 100%|██████████| 4/4 [00:00<?, ?item/s]

Processing:   0%|          | 0/4 [00:00<?, ?item/s]
Processing: 100%|██████████| 4/4 [00:00<?, ?item/s]

Processing:   0%|          | 0/4 [00:00<?, ?item/s]
Processing: 100%|██████████| 4/4 [00:00<?, ?item/s]

Processing:   0%|          | 0/4 [00:00<?, ?item/s]
Processing: 100%|██████████| 4/4 [00:00<?, ?item/s]

Processing:   0%|          | 0/4 [00:00<?, ?item/s]
Processing: 100%|██████████| 4/4 [00:00<?, ?item/s]

Processing:   0%|          | 0/4 [00:00<?, ?item/s]
Processing: 100%|██████████| 4/4 [00:00<?, ?item/s]

Processing:   0%|          | 0/4 [00:00<?, ?item/s]
Processing: 100%|██████████| 4/4 [00:00<?, ?item/s]

Processing:   0%|          | 0/4 [00:00<?, ?item/s]
Processing: 100%|██████████| 4/4 [00:00<?, ?item/s]

Processing:   0%|          | 0/4 [00:00<?, ?item/s]
Processing: 100%|██████████| 4/4 [00:00<?, ?item/s]

Processing:   0%|          | 0/4 [00:00<?, ?item/s]
Processing: 100%|██████████| 4/4 [00:00<?, ?item/s]

Processing:   0%|          | 0/4 [00:00<?, ?item/s]
Processing: 100%|██████████| 4/4 [00:00<?, ?item/s]

Processing:   0%|          | 0/4 [00:00<?, ?item/s]
Processing: 100%|██████████| 4/4 [00:00<?, ?item/s]

Processing:   0%|          | 0/4 [00:00<?, ?item/s]
Processing: 100%|██████████| 4/4 [00:00<00:00, 3427.42item/s]

Processing:   0%|          | 0/4 [00:00<?, ?item/s]
Processing: 100%|██████████| 4/4 [00:00<?, ?item/s]

Processing:   0%|          | 0/4 [00:00<?, ?item/s]
Processing: 100%|██████████| 4/4 [00:00<?, ?item/s]

Processing:   0%|          | 0/4 [00:00<?, ?item/s]
Processing: 100%|██████████| 4/4 [00:00<?, ?item/s]

Processing:   0%|          | 0/4 [00:00<?, ?item/s]
Processing: 100%|██████████| 4/4 [00:00<?, ?item/s]

Processing:   0%|          | 0/4 [00:00<?, ?item/s]
Processing: 100%|██████████| 4/4 [00:00<?, ?item/s]

Processing:   0%|          | 0/4 [00:00<?, ?item/s]
Processing: 100%|██████████| 4/4 [00:00<?, ?item/s]

Processing:   0%|          | 0/4 [00:00<?, ?item/s]
Processing: 100%|██████████| 4/4 [00:00<?, ?item/s]

Processing:   0%|          | 0/4 [00:00<?, ?item/s]
Processing: 100%|██████████| 4/4 [00:00<?, ?item/s]

Processing:   0%|          | 0/4 [00:00<?, ?item/s]
Processing: 100%|██████████| 4/4 [00:00<?, ?item/s]

Processing:   0%|          | 0/4 [00:00<?, ?item/s]
Processing: 100%|██████████| 4/4 [00:00<?, ?item/s]

Processing:   0%|          | 0/4 [00:00<?, ?item/s]
Processing: 100%|██████████| 4/4 [00:00<?, ?item/s]

Processing:   0%|          | 0/4 [00:00<?, ?item/s]
Processing: 100%|██████████| 4/4 [00:00<?, ?item/s]

Processing:   0%|          | 0/4 [00:00<?, ?item/s]
Processing: 100%|██████████| 4/4 [00:00<?, ?item/s]

Processing:   0%|          | 0/4 [00:00<?, ?item/s]
Processing: 100%|██████████| 4/4 [00:00<?, ?item/s]

Processing:   0%|          | 0/4 [00:00<?, ?item/s]
Processing: 100%|██████████| 4/4 [00:00<?, ?item/s]

Processing:   0%|          | 0/4 [00:00<?, ?item/s]
Processing: 100%|██████████| 4/4 [00:00<?, ?item/s]

Processing:   0%|          | 0/4 [00:00<?, ?item/s]
Processing: 100%|██████████| 4/4 [00:00<?, ?item/s]

Processing:   0%|          | 0/4 [00:00<?, ?item/s]
Processing: 100%|██████████| 4/4 [00:00<?, ?item/s]

Processing:   0%|          | 0/4 [00:00<?, ?item/s]
Processing: 100%|██████████| 4/4 [00:00<?, ?item/s]

Processing:   0%|          | 0/4 [00:00<?, ?item/s]
Processing: 100%|██████████| 4/4 [00:00<?, ?item/s]

Processing:   0%|          | 0/4 [00:00<?, ?item/s]
Processing: 100%|██████████| 4/4 [00:00<?, ?item/s]

Processing:   0%|          | 0/4 [00:00<?, ?item/s]
Processing: 100%|██████████| 4/4 [00:00<?, ?item/s]

Processing:   0%|          | 0/4 [00:00<?, ?item/s]
Processing: 100%|██████████| 4/4 [00:00<?, ?item/s]

Processing:   0%|          | 0/4 [00:00<?, ?item/s]
Processing: 100%|██████████| 4/4 [00:00<?, ?item/s]

Processing:   0%|          | 0/4 [00:00<?, ?item/s]
Processing: 100%|██████████| 4/4 [00:00<?, ?item/s]

Processing:   0%|          | 0/4 [00:00<?, ?item/s]
Processing: 100%|██████████| 4/4 [00:00<?, ?item/s]

Processing:   0%|          | 0/4 [00:00<?, ?item/s]
Processing: 100%|██████████| 4/4 [00:00<?, ?item/s]

Processing:   0%|          | 0/4 [00:00<?, ?item/s]
Processing: 100%|██████████| 4/4 [00:00<?, ?item/s]

Processing:   0%|          | 0/4 [00:00<?, ?item/s]
Processing: 100%|██████████| 4/4 [00:00<?, ?item/s]

Processing:   0%|          | 0/4 [00:00<?, ?item/s]
Processing: 100%|██████████| 4/4 [00:00<?, ?item/s]

Processing:   0%|          | 0/4 [00:00<?, ?item/s]
Processing: 100%|██████████| 4/4 [00:00<?, ?item/s]

Processing:   0%|          | 0/4 [00:00<?, ?item/s]
Processing: 100%|██████████| 4/4 [00:00<?, ?item/s]

Processing:   0%|          | 0/4 [00:00<?, ?item/s]
Processing: 100%|██████████| 4/4 [00:00<?, ?item/s]

Processing:   0%|          | 0/4 [00:00<?, ?item/s]
Processing: 100%|██████████| 4/4 [00:00<?, ?item/s]

Processing:   0%|          | 0/4 [00:00<?, ?item/s]
Processing: 100%|██████████| 4/4 [00:00<?, ?item/s]

Processing:   0%|          | 0/4 [00:00<?, ?item/s]
Processing: 100%|██████████| 4/4 [00:00<?, ?item/s]

Processing:   0%|          | 0/4 [00:00<?, ?item/s]
Processing: 100%|██████████| 4/4 [00:00<?, ?item/s]

Processing:   0%|          | 0/4 [00:00<?, ?item/s]
Processing: 100%|██████████| 4/4 [00:00<?, ?item/s]

Processing:   0%|          | 0/4 [00:00<?, ?item/s]
Processing: 100%|██████████| 4/4 [00:00<?, ?item/s]

Processing:   0%|          | 0/4 [00:00<?, ?item/s]
Processing: 100%|██████████| 4/4 [00:00<?, ?item/s]

Processing:   0%|          | 0/4 [00:00<?, ?item/s]
Processing: 100%|██████████| 4/4 [00:00<?, ?item/s]

Processing:   0%|          | 0/4 [00:00<?, ?item/s]
Processing: 100%|██████████| 4/4 [00:00<?, ?item/s]

Processing:   0%|          | 0/4 [00:00<?, ?item/s]
Processing: 100%|██████████| 4/4 [00:00<00:00, 7947.52item/s]

Processing:   0%|          | 0/4 [00:00<?, ?item/s]
Processing: 100%|██████████| 4/4 [00:00<?, ?item/s]

Processing:   0%|          | 0/4 [00:00<?, ?item/s]
Processing: 100%|██████████| 4/4 [00:00<?, ?item/s]

Processing:   0%|          | 0/4 [00:00<?, ?item/s]
Processing: 100%|██████████| 4/4 [00:00<?, ?item/s]

Processing:   0%|          | 0/4 [00:00<?, ?item/s]
Processing: 100%|██████████| 4/4 [00:00<?, ?item/s]

Processing:   0%|          | 0/4 [00:00<?, ?item/s]
Processing: 100%|██████████| 4/4 [00:00<?, ?item/s]

Processing:   0%|          | 0/4 [00:00<?, ?item/s]
Processing: 100%|██████████| 4/4 [00:00<?, ?item/s]

Processing:   0%|          | 0/4 [00:00<?, ?item/s]
Processing: 100%|██████████| 4/4 [00:00<?, ?item/s]

Processing:   0%|          | 0/4 [00:00<?, ?item/s]
Processing: 100%|██████████| 4/4 [00:00<?, ?item/s]

Processing:   0%|          | 0/4 [00:00<?, ?item/s]
Processing: 100%|██████████| 4/4 [00:00<?, ?item/s]
[L2 recipe] Step unknown failed: non-zero exit
{"app_scope": "APPS_RG_V2_ONLY", "artifact_dir": "C:\\Git\\apps_rg_v2-worktrees\\codex-l1-cognitive-causal-loop-w1\\artifacts\\apps_rg\\l1_cognitive_w4\\20260811_pair_003\\candidate_attempt_008", "modular_decisive_status": "FAIL", "modular_exception": "", "modular_failure_reason": "fatal_lane_recipe_policy:competencies:X3_BLOCK; ibm_bullets:X3_BLOCK; unify_narrative:upstream_not_finalized; ibm_narrative:upstream_not_finalized; headline:X3_BLOCK", "non_product_evaluation_only": true, "non_product_provider_preflight_disabled": true, "pipeline_complete": false, "product_authorized": false, "schema_version": "apps_rg.l1_cognitive_shadow_runner.v1", "treatment_arm": "l1_cognitive_v3", "treatment_execution_receipt": "C:\\Git\\apps_rg_v2-worktrees\\codex-l1-cognitive-causal-loop-w1\\artifacts\\apps_rg\\l1_cognitive_w4\\20260811_pair_003\\candidate_attempt_008\\l1_cognitive_treatment_execution.json"}
