EmbeddingFactory: EMBEDDING_ENABLED=false - embeddings disabled (fail-closed)
No sentence-transformers model found with name sentence-transformers/bge-m3-v1. Creating a new one with mean pooling.
L2_CACHE: SentenceTransformerEmbeddingFunction unavailable (We couldn't connect to 'https://huggingface.co' to load the files, and couldn't find them in the cached files.
Check your internet connection or see how to run the library in offline mode at 'https://huggingface.co/docs/transformers/installation#offline-mode'.) — using ChromaDB default EF

L1 warmup: 0row [00:00, ?row/s]
L1 warmup: 0row [00:00, ?row/s]

Loading weights:   0%|          | 0/391 [00:00<?, ?it/s]
Loading weights:   0%|          | 1/391 [00:00<?, ?it/s, Materializing param=embeddings.LayerNorm.bias]
Loading weights:   0%|          | 1/391 [00:00<?, ?it/s, Materializing param=embeddings.LayerNorm.bias]
Loading weights:   1%|          | 2/391 [00:00<?, ?it/s, Materializing param=embeddings.LayerNorm.weight]
Loading weights:   1%|          | 2/391 [00:00<?, ?it/s, Materializing param=embeddings.LayerNorm.weight]
Loading weights:   1%|          | 3/391 [00:00<?, ?it/s, Materializing param=embeddings.position_embeddings.weight]
Loading weights:   1%|          | 3/391 [00:00<?, ?it/s, Materializing param=embeddings.position_embeddings.weight]
Loading weights:   1%|          | 4/391 [00:00<?, ?it/s, Materializing param=embeddings.token_type_embeddings.weight]
Loading weights:   1%|          | 4/391 [00:00<?, ?it/s, Materializing param=embeddings.token_type_embeddings.weight]
Loading weights:   1%|▏         | 5/391 [00:00<?, ?it/s, Materializing param=embeddings.word_embeddings.weight]      
Loading weights:   1%|▏         | 5/391 [00:00<?, ?it/s, Materializing param=embeddings.word_embeddings.weight]
Loading weights:   2%|▏         | 6/391 [00:00<?, ?it/s, Materializing param=encoder.layer.0.attention.output.LayerNorm.bias]
Loading weights:   2%|▏         | 6/391 [00:00<?, ?it/s, Materializing param=encoder.layer.0.attention.output.LayerNorm.bias]
Loading weights:   2%|▏         | 7/391 [00:00<?, ?it/s, Materializing param=encoder.layer.0.attention.output.LayerNorm.weight]
Loading weights:   2%|▏         | 7/391 [00:00<?, ?it/s, Materializing param=encoder.layer.0.attention.output.LayerNorm.weight]
Loading weights:   2%|▏         | 8/391 [00:00<?, ?it/s, Materializing param=encoder.layer.0.attention.output.dense.bias]      
Loading weights:   2%|▏         | 8/391 [00:00<?, ?it/s, Materializing param=encoder.layer.0.attention.output.dense.bias]
Loading weights:   2%|▏         | 9/391 [00:00<?, ?it/s, Materializing param=encoder.layer.0.attention.output.dense.weight]
Loading weights:   2%|▏         | 9/391 [00:00<?, ?it/s, Materializing param=encoder.layer.0.attention.output.dense.weight]
Loading weights:   3%|▎         | 10/391 [00:00<?, ?it/s, Materializing param=encoder.layer.0.attention.self.key.bias]     
Loading weights:   3%|▎         | 10/391 [00:00<?, ?it/s, Materializing param=encoder.layer.0.attention.self.key.bias]
Loading weights:   3%|▎         | 11/391 [00:00<?, ?it/s, Materializing param=encoder.layer.0.attention.self.key.weight]
Loading weights:   3%|▎         | 11/391 [00:00<?, ?it/s, Materializing param=encoder.layer.0.attention.self.key.weight]
Loading weights:   3%|▎         | 12/391 [00:00<?, ?it/s, Materializing param=encoder.layer.0.attention.self.query.bias]
Loading weights:   3%|▎         | 12/391 [00:00<?, ?it/s, Materializing param=encoder.layer.0.attention.self.query.bias]
Loading weights:   3%|▎         | 13/391 [00:00<?, ?it/s, Materializing param=encoder.layer.0.attention.self.query.weight]
Loading weights:   3%|▎         | 13/391 [00:00<?, ?it/s, Materializing param=encoder.layer.0.attention.self.query.weight]
Loading weights:   4%|▎         | 14/391 [00:00<?, ?it/s, Materializing param=encoder.layer.0.attention.self.value.bias]  
Loading weights:   4%|▎         | 14/391 [00:00<?, ?it/s, Materializing param=encoder.layer.0.attention.self.value.bias]
Loading weights:   4%|▍         | 15/391 [00:00<?, ?it/s, Materializing param=encoder.layer.0.attention.self.value.weight]
Loading weights:   4%|▍         | 15/391 [00:00<?, ?it/s, Materializing param=encoder.layer.0.attention.self.value.weight]
Loading weights:   4%|▍         | 16/391 [00:00<?, ?it/s, Materializing param=encoder.layer.0.intermediate.dense.bias]    
Loading weights:   4%|▍         | 16/391 [00:00<?, ?it/s, Materializing param=encoder.layer.0.intermediate.dense.bias]
Loading weights:   4%|▍         | 17/391 [00:00<?, ?it/s, Materializing param=encoder.layer.0.intermediate.dense.weight]
Loading weights:   4%|▍         | 17/391 [00:00<?, ?it/s, Materializing param=encoder.layer.0.intermediate.dense.weight]
Loading weights:   5%|▍         | 18/391 [00:00<?, ?it/s, Materializing param=encoder.layer.0.output.LayerNorm.bias]    
Loading weights:   5%|▍         | 18/391 [00:00<?, ?it/s, Materializing param=encoder.layer.0.output.LayerNorm.bias]
Loading weights:   5%|▍         | 19/391 [00:00<?, ?it/s, Materializing param=encoder.layer.0.output.LayerNorm.weight]
Loading weights:   5%|▍         | 19/391 [00:00<?, ?it/s, Materializing param=encoder.layer.0.output.LayerNorm.weight]
Loading weights:   5%|▌         | 20/391 [00:00<?, ?it/s, Materializing param=encoder.layer.0.output.dense.bias]      
Loading weights:   5%|▌         | 20/391 [00:00<?, ?it/s, Materializing param=encoder.layer.0.output.dense.bias]
Loading weights:   5%|▌         | 21/391 [00:00<?, ?it/s, Materializing param=encoder.layer.0.output.dense.weight]
Loading weights:   5%|▌         | 21/391 [00:00<?, ?it/s, Materializing param=encoder.layer.0.output.dense.weight]
Loading weights:   6%|▌         | 22/391 [00:00<?, ?it/s, Materializing param=encoder.layer.1.attention.output.LayerNorm.bias]
Loading weights:   6%|▌         | 22/391 [00:00<?, ?it/s, Materializing param=encoder.layer.1.attention.output.LayerNorm.bias]
Loading weights:   6%|▌         | 23/391 [00:00<?, ?it/s, Materializing param=encoder.layer.1.attention.output.LayerNorm.weight]
Loading weights:   6%|▌         | 23/391 [00:00<?, ?it/s, Materializing param=encoder.layer.1.attention.output.LayerNorm.weight]
Loading weights:   6%|▌         | 24/391 [00:00<?, ?it/s, Materializing param=encoder.layer.1.attention.output.dense.bias]      
Loading weights:   6%|▌         | 24/391 [00:00<?, ?it/s, Materializing param=encoder.layer.1.attention.output.dense.bias]
Loading weights:   6%|▋         | 25/391 [00:00<?, ?it/s, Materializing param=encoder.layer.1.attention.output.dense.weight]
Loading weights:   6%|▋         | 25/391 [00:00<?, ?it/s, Materializing param=encoder.layer.1.attention.output.dense.weight]
Loading weights:   7%|▋         | 26/391 [00:00<?, ?it/s, Materializing param=encoder.layer.1.attention.self.key.bias]      
Loading weights:   7%|▋         | 26/391 [00:00<?, ?it/s, Materializing param=encoder.layer.1.attention.self.key.bias]
Loading weights:   7%|▋         | 27/391 [00:00<?, ?it/s, Materializing param=encoder.layer.1.attention.self.key.weight]
Loading weights:   7%|▋         | 27/391 [00:00<?, ?it/s, Materializing param=encoder.layer.1.attention.self.key.weight]
Loading weights:   7%|▋         | 28/391 [00:00<?, ?it/s, Materializing param=encoder.layer.1.attention.self.query.bias]
Loading weights:   7%|▋         | 28/391 [00:00<?, ?it/s, Materializing param=encoder.layer.1.attention.self.query.bias]
Loading weights:   7%|▋         | 29/391 [00:00<?, ?it/s, Materializing param=encoder.layer.1.attention.self.query.weight]
Loading weights:   7%|▋         | 29/391 [00:00<?, ?it/s, Materializing param=encoder.layer.1.attention.self.query.weight]
Loading weights:   8%|▊         | 30/391 [00:00<?, ?it/s, Materializing param=encoder.layer.1.attention.self.value.bias]  
Loading weights:   8%|▊         | 30/391 [00:00<?, ?it/s, Materializing param=encoder.layer.1.attention.self.value.bias]
Loading weights:   8%|▊         | 31/391 [00:00<?, ?it/s, Materializing param=encoder.layer.1.attention.self.value.weight]
Loading weights:   8%|▊         | 31/391 [00:00<?, ?it/s, Materializing param=encoder.layer.1.attention.self.value.weight]
Loading weights:   8%|▊         | 32/391 [00:00<?, ?it/s, Materializing param=encoder.layer.1.intermediate.dense.bias]    
Loading weights:   8%|▊         | 32/391 [00:00<?, ?it/s, Materializing param=encoder.layer.1.intermediate.dense.bias]
Loading weights:   8%|▊         | 33/391 [00:00<?, ?it/s, Materializing param=encoder.layer.1.intermediate.dense.weight]
Loading weights:   8%|▊         | 33/391 [00:00<?, ?it/s, Materializing param=encoder.layer.1.intermediate.dense.weight]
Loading weights:   9%|▊         | 34/391 [00:00<?, ?it/s, Materializing param=encoder.layer.1.output.LayerNorm.bias]    
Loading weights:   9%|▊         | 34/391 [00:00<?, ?it/s, Materializing param=encoder.layer.1.output.LayerNorm.bias]
Loading weights:   9%|▉         | 35/391 [00:00<?, ?it/s, Materializing param=encoder.layer.1.output.LayerNorm.weight]
Loading weights:   9%|▉         | 35/391 [00:00<?, ?it/s, Materializing param=encoder.layer.1.output.LayerNorm.weight]
Loading weights:   9%|▉         | 36/391 [00:00<?, ?it/s, Materializing param=encoder.layer.1.output.dense.bias]      
Loading weights:   9%|▉         | 36/391 [00:00<?, ?it/s, Materializing param=encoder.layer.1.output.dense.bias]
Loading weights:   9%|▉         | 37/391 [00:00<?, ?it/s, Materializing param=encoder.layer.1.output.dense.weight]
Loading weights:   9%|▉         | 37/391 [00:00<?, ?it/s, Materializing param=encoder.layer.1.output.dense.weight]
Loading weights:  10%|▉         | 38/391 [00:00<?, ?it/s, Materializing param=encoder.layer.2.attention.output.LayerNorm.bias]
Loading weights:  10%|▉         | 38/391 [00:00<?, ?it/s, Materializing param=encoder.layer.2.attention.output.LayerNorm.bias]
Loading weights:  10%|▉         | 39/391 [00:00<?, ?it/s, Materializing param=encoder.layer.2.attention.output.LayerNorm.weight]
Loading weights:  10%|▉         | 39/391 [00:00<?, ?it/s, Materializing param=encoder.layer.2.attention.output.LayerNorm.weight]
Loading weights:  10%|█         | 40/391 [00:00<?, ?it/s, Materializing param=encoder.layer.2.attention.output.dense.bias]      
Loading weights:  10%|█         | 40/391 [00:00<?, ?it/s, Materializing param=encoder.layer.2.attention.output.dense.bias]
Loading weights:  10%|█         | 41/391 [00:00<?, ?it/s, Materializing param=encoder.layer.2.attention.output.dense.weight]
Loading weights:  10%|█         | 41/391 [00:00<?, ?it/s, Materializing param=encoder.layer.2.attention.output.dense.weight]
Loading weights:  11%|█         | 42/391 [00:00<?, ?it/s, Materializing param=encoder.layer.2.attention.self.key.bias]      
Loading weights:  11%|█         | 42/391 [00:00<?, ?it/s, Materializing param=encoder.layer.2.attention.self.key.bias]
Loading weights:  11%|█         | 43/391 [00:00<?, ?it/s, Materializing param=encoder.layer.2.attention.self.key.weight]
Loading weights:  11%|█         | 43/391 [00:00<?, ?it/s, Materializing param=encoder.layer.2.attention.self.key.weight]
Loading weights:  11%|█▏        | 44/391 [00:00<?, ?it/s, Materializing param=encoder.layer.2.attention.self.query.bias]
Loading weights:  11%|█▏        | 44/391 [00:00<?, ?it/s, Materializing param=encoder.layer.2.attention.self.query.bias]
Loading weights:  12%|█▏        | 45/391 [00:00<?, ?it/s, Materializing param=encoder.layer.2.attention.self.query.weight]
Loading weights:  12%|█▏        | 45/391 [00:00<?, ?it/s, Materializing param=encoder.layer.2.attention.self.query.weight]
Loading weights:  12%|█▏        | 46/391 [00:00<?, ?it/s, Materializing param=encoder.layer.2.attention.self.value.bias]  
Loading weights:  12%|█▏        | 46/391 [00:00<?, ?it/s, Materializing param=encoder.layer.2.attention.self.value.bias]
Loading weights:  12%|█▏        | 47/391 [00:00<?, ?it/s, Materializing param=encoder.layer.2.attention.self.value.weight]
Loading weights:  12%|█▏        | 47/391 [00:00<?, ?it/s, Materializing param=encoder.layer.2.attention.self.value.weight]
Loading weights:  12%|█▏        | 48/391 [00:00<?, ?it/s, Materializing param=encoder.layer.2.intermediate.dense.bias]    
Loading weights:  12%|█▏        | 48/391 [00:00<?, ?it/s, Materializing param=encoder.layer.2.intermediate.dense.bias]
Loading weights:  13%|█▎        | 49/391 [00:00<?, ?it/s, Materializing param=encoder.layer.2.intermediate.dense.weight]
Loading weights:  13%|█▎        | 49/391 [00:00<?, ?it/s, Materializing param=encoder.layer.2.intermediate.dense.weight]
Loading weights:  13%|█▎        | 50/391 [00:00<?, ?it/s, Materializing param=encoder.layer.2.output.LayerNorm.bias]    
Loading weights:  13%|█▎        | 50/391 [00:00<?, ?it/s, Materializing param=encoder.layer.2.output.LayerNorm.bias]
Loading weights:  13%|█▎        | 51/391 [00:00<?, ?it/s, Materializing param=encoder.layer.2.output.LayerNorm.weight]
Loading weights:  13%|█▎        | 51/391 [00:00<?, ?it/s, Materializing param=encoder.layer.2.output.LayerNorm.weight]
Loading weights:  13%|█▎        | 52/391 [00:00<?, ?it/s, Materializing param=encoder.layer.2.output.dense.bias]      
Loading weights:  13%|█▎        | 52/391 [00:00<?, ?it/s, Materializing param=encoder.layer.2.output.dense.bias]
Loading weights:  14%|█▎        | 53/391 [00:00<?, ?it/s, Materializing param=encoder.layer.2.output.dense.weight]
Loading weights:  14%|█▎        | 53/391 [00:00<?, ?it/s, Materializing param=encoder.layer.2.output.dense.weight]
Loading weights:  14%|█▍        | 54/391 [00:00<?, ?it/s, Materializing param=encoder.layer.3.attention.output.LayerNorm.bias]
Loading weights:  14%|█▍        | 54/391 [00:00<?, ?it/s, Materializing param=encoder.layer.3.attention.output.LayerNorm.bias]
Loading weights:  14%|█▍        | 55/391 [00:00<?, ?it/s, Materializing param=encoder.layer.3.attention.output.LayerNorm.weight]
Loading weights:  14%|█▍        | 55/391 [00:00<?, ?it/s, Materializing param=encoder.layer.3.attention.output.LayerNorm.weight]
Loading weights:  14%|█▍        | 56/391 [00:00<?, ?it/s, Materializing param=encoder.layer.3.attention.output.dense.bias]      
Loading weights:  14%|█▍        | 56/391 [00:00<?, ?it/s, Materializing param=encoder.layer.3.attention.output.dense.bias]
Loading weights:  15%|█▍        | 57/391 [00:00<?, ?it/s, Materializing param=encoder.layer.3.attention.output.dense.weight]
Loading weights:  15%|█▍        | 57/391 [00:00<?, ?it/s, Materializing param=encoder.layer.3.attention.output.dense.weight]
Loading weights:  15%|█▍        | 58/391 [00:00<?, ?it/s, Materializing param=encoder.layer.3.attention.self.key.bias]      
Loading weights:  15%|█▍        | 58/391 [00:00<?, ?it/s, Materializing param=encoder.layer.3.attention.self.key.bias]
Loading weights:  15%|█▌        | 59/391 [00:00<?, ?it/s, Materializing param=encoder.layer.3.attention.self.key.weight]
Loading weights:  15%|█▌        | 59/391 [00:00<?, ?it/s, Materializing param=encoder.layer.3.attention.self.key.weight]
Loading weights:  15%|█▌        | 60/391 [00:00<?, ?it/s, Materializing param=encoder.layer.3.attention.self.query.bias]
Loading weights:  15%|█▌        | 60/391 [00:00<?, ?it/s, Materializing param=encoder.layer.3.attention.self.query.bias]
Loading weights:  16%|█▌        | 61/391 [00:00<?, ?it/s, Materializing param=encoder.layer.3.attention.self.query.weight]
Loading weights:  16%|█▌        | 61/391 [00:00<?, ?it/s, Materializing param=encoder.layer.3.attention.self.query.weight]
Loading weights:  16%|█▌        | 62/391 [00:00<?, ?it/s, Materializing param=encoder.layer.3.attention.self.value.bias]  
Loading weights:  16%|█▌        | 62/391 [00:00<?, ?it/s, Materializing param=encoder.layer.3.attention.self.value.bias]
Loading weights:  16%|█▌        | 63/391 [00:00<?, ?it/s, Materializing param=encoder.layer.3.attention.self.value.weight]
Loading weights:  16%|█▌        | 63/391 [00:00<?, ?it/s, Materializing param=encoder.layer.3.attention.self.value.weight]
Loading weights:  16%|█▋        | 64/391 [00:00<?, ?it/s, Materializing param=encoder.layer.3.intermediate.dense.bias]    
Loading weights:  16%|█▋        | 64/391 [00:00<?, ?it/s, Materializing param=encoder.layer.3.intermediate.dense.bias]
Loading weights:  17%|█▋        | 65/391 [00:00<?, ?it/s, Materializing param=encoder.layer.3.intermediate.dense.weight]
Loading weights:  17%|█▋        | 65/391 [00:00<?, ?it/s, Materializing param=encoder.layer.3.intermediate.dense.weight]
Loading weights:  17%|█▋        | 66/391 [00:00<?, ?it/s, Materializing param=encoder.layer.3.output.LayerNorm.bias]    
Loading weights:  17%|█▋        | 66/391 [00:00<?, ?it/s, Materializing param=encoder.layer.3.output.LayerNorm.bias]
Loading weights:  17%|█▋        | 67/391 [00:00<?, ?it/s, Materializing param=encoder.layer.3.output.LayerNorm.weight]
Loading weights:  17%|█▋        | 67/391 [00:00<?, ?it/s, Materializing param=encoder.layer.3.output.LayerNorm.weight]
Loading weights:  17%|█▋        | 68/391 [00:00<?, ?it/s, Materializing param=encoder.layer.3.output.dense.bias]      
Loading weights:  17%|█▋        | 68/391 [00:00<?, ?it/s, Materializing param=encoder.layer.3.output.dense.bias]
Loading weights:  18%|█▊        | 69/391 [00:00<?, ?it/s, Materializing param=encoder.layer.3.output.dense.weight]
Loading weights:  18%|█▊        | 69/391 [00:00<?, ?it/s, Materializing param=encoder.layer.3.output.dense.weight]
Loading weights:  18%|█▊        | 70/391 [00:00<?, ?it/s, Materializing param=encoder.layer.4.attention.output.LayerNorm.bias]
Loading weights:  18%|█▊        | 70/391 [00:00<?, ?it/s, Materializing param=encoder.layer.4.attention.output.LayerNorm.bias]
Loading weights:  18%|█▊        | 71/391 [00:00<?, ?it/s, Materializing param=encoder.layer.4.attention.output.LayerNorm.weight]
Loading weights:  18%|█▊        | 71/391 [00:00<?, ?it/s, Materializing param=encoder.layer.4.attention.output.LayerNorm.weight]
Loading weights:  18%|█▊        | 72/391 [00:00<?, ?it/s, Materializing param=encoder.layer.4.attention.output.dense.bias]      
Loading weights:  18%|█▊        | 72/391 [00:00<?, ?it/s, Materializing param=encoder.layer.4.attention.output.dense.bias]
Loading weights:  19%|█▊        | 73/391 [00:00<?, ?it/s, Materializing param=encoder.layer.4.attention.output.dense.weight]
Loading weights:  19%|█▊        | 73/391 [00:00<?, ?it/s, Materializing param=encoder.layer.4.attention.output.dense.weight]
Loading weights:  19%|█▉        | 74/391 [00:00<?, ?it/s, Materializing param=encoder.layer.4.attention.self.key.bias]      
Loading weights:  19%|█▉        | 74/391 [00:00<?, ?it/s, Materializing param=encoder.layer.4.attention.self.key.bias]
Loading weights:  19%|█▉        | 75/391 [00:00<?, ?it/s, Materializing param=encoder.layer.4.attention.self.key.weight]
Loading weights:  19%|█▉        | 75/391 [00:00<?, ?it/s, Materializing param=encoder.layer.4.attention.self.key.weight]
Loading weights:  19%|█▉        | 76/391 [00:00<?, ?it/s, Materializing param=encoder.layer.4.attention.self.query.bias]
Loading weights:  19%|█▉        | 76/391 [00:00<?, ?it/s, Materializing param=encoder.layer.4.attention.self.query.bias]
Loading weights:  20%|█▉        | 77/391 [00:00<?, ?it/s, Materializing param=encoder.layer.4.attention.self.query.weight]
Loading weights:  20%|█▉        | 77/391 [00:00<?, ?it/s, Materializing param=encoder.layer.4.attention.self.query.weight]
Loading weights:  20%|█▉        | 78/391 [00:00<?, ?it/s, Materializing param=encoder.layer.4.attention.self.value.bias]  
Loading weights:  20%|█▉        | 78/391 [00:00<?, ?it/s, Materializing param=encoder.layer.4.attention.self.value.bias]
Loading weights:  20%|██        | 79/391 [00:00<?, ?it/s, Materializing param=encoder.layer.4.attention.self.value.weight]
Loading weights:  20%|██        | 79/391 [00:00<?, ?it/s, Materializing param=encoder.layer.4.attention.self.value.weight]
Loading weights:  20%|██        | 80/391 [00:00<?, ?it/s, Materializing param=encoder.layer.4.intermediate.dense.bias]    
Loading weights:  20%|██        | 80/391 [00:00<?, ?it/s, Materializing param=encoder.layer.4.intermediate.dense.bias]
Loading weights:  21%|██        | 81/391 [00:00<?, ?it/s, Materializing param=encoder.layer.4.intermediate.dense.weight]
Loading weights:  21%|██        | 81/391 [00:00<?, ?it/s, Materializing param=encoder.layer.4.intermediate.dense.weight]
Loading weights:  21%|██        | 82/391 [00:00<?, ?it/s, Materializing param=encoder.layer.4.output.LayerNorm.bias]    
Loading weights:  21%|██        | 82/391 [00:00<?, ?it/s, Materializing param=encoder.layer.4.output.LayerNorm.bias]
Loading weights:  21%|██        | 83/391 [00:00<?, ?it/s, Materializing param=encoder.layer.4.output.LayerNorm.weight]
Loading weights:  21%|██        | 83/391 [00:00<?, ?it/s, Materializing param=encoder.layer.4.output.LayerNorm.weight]
Loading weights:  21%|██▏       | 84/391 [00:00<?, ?it/s, Materializing param=encoder.layer.4.output.dense.bias]      
Loading weights:  21%|██▏       | 84/391 [00:00<?, ?it/s, Materializing param=encoder.layer.4.output.dense.bias]
Loading weights:  22%|██▏       | 85/391 [00:00<?, ?it/s, Materializing param=encoder.layer.4.output.dense.weight]
Loading weights:  22%|██▏       | 85/391 [00:00<?, ?it/s, Materializing param=encoder.layer.4.output.dense.weight]
Loading weights:  22%|██▏       | 86/391 [00:00<?, ?it/s, Materializing param=encoder.layer.5.attention.output.LayerNorm.bias]
Loading weights:  22%|██▏       | 86/391 [00:00<?, ?it/s, Materializing param=encoder.layer.5.attention.output.LayerNorm.bias]
Loading weights:  22%|██▏       | 87/391 [00:00<?, ?it/s, Materializing param=encoder.layer.5.attention.output.LayerNorm.weight]
Loading weights:  22%|██▏       | 87/391 [00:00<?, ?it/s, Materializing param=encoder.layer.5.attention.output.LayerNorm.weight]
Loading weights:  23%|██▎       | 88/391 [00:00<?, ?it/s, Materializing param=encoder.layer.5.attention.output.dense.bias]      
Loading weights:  23%|██▎       | 88/391 [00:00<?, ?it/s, Materializing param=encoder.layer.5.attention.output.dense.bias]
Loading weights:  23%|██▎       | 89/391 [00:00<?, ?it/s, Materializing param=encoder.layer.5.attention.output.dense.weight]
Loading weights:  23%|██▎       | 89/391 [00:00<?, ?it/s, Materializing param=encoder.layer.5.attention.output.dense.weight]
Loading weights:  23%|██▎       | 90/391 [00:00<?, ?it/s, Materializing param=encoder.layer.5.attention.self.key.bias]      
Loading weights:  23%|██▎       | 90/391 [00:00<?, ?it/s, Materializing param=encoder.layer.5.attention.self.key.bias]
Loading weights:  23%|██▎       | 91/391 [00:00<?, ?it/s, Materializing param=encoder.layer.5.attention.self.key.weight]
Loading weights:  23%|██▎       | 91/391 [00:00<?, ?it/s, Materializing param=encoder.layer.5.attention.self.key.weight]
Loading weights:  24%|██▎       | 92/391 [00:00<?, ?it/s, Materializing param=encoder.layer.5.attention.self.query.bias]
Loading weights:  24%|██▎       | 92/391 [00:00<?, ?it/s, Materializing param=encoder.layer.5.attention.self.query.bias]
Loading weights:  24%|██▍       | 93/391 [00:00<?, ?it/s, Materializing param=encoder.layer.5.attention.self.query.weight]
Loading weights:  24%|██▍       | 93/391 [00:00<?, ?it/s, Materializing param=encoder.layer.5.attention.self.query.weight]
Loading weights:  24%|██▍       | 94/391 [00:00<?, ?it/s, Materializing param=encoder.layer.5.attention.self.value.bias]  
Loading weights:  24%|██▍       | 94/391 [00:00<?, ?it/s, Materializing param=encoder.layer.5.attention.self.value.bias]
Loading weights:  24%|██▍       | 95/391 [00:00<?, ?it/s, Materializing param=encoder.layer.5.attention.self.value.weight]
Loading weights:  24%|██▍       | 95/391 [00:00<?, ?it/s, Materializing param=encoder.layer.5.attention.self.value.weight]
Loading weights:  25%|██▍       | 96/391 [00:00<?, ?it/s, Materializing param=encoder.layer.5.intermediate.dense.bias]    
Loading weights:  25%|██▍       | 96/391 [00:00<?, ?it/s, Materializing param=encoder.layer.5.intermediate.dense.bias]
Loading weights:  25%|██▍       | 97/391 [00:00<?, ?it/s, Materializing param=encoder.layer.5.intermediate.dense.weight]
Loading weights:  25%|██▍       | 97/391 [00:00<?, ?it/s, Materializing param=encoder.layer.5.intermediate.dense.weight]
Loading weights:  25%|██▌       | 98/391 [00:00<?, ?it/s, Materializing param=encoder.layer.5.output.LayerNorm.bias]    
Loading weights:  25%|██▌       | 98/391 [00:00<?, ?it/s, Materializing param=encoder.layer.5.output.LayerNorm.bias]
Loading weights:  25%|██▌       | 99/391 [00:00<?, ?it/s, Materializing param=encoder.layer.5.output.LayerNorm.weight]
Loading weights:  25%|██▌       | 99/391 [00:00<?, ?it/s, Materializing param=encoder.layer.5.output.LayerNorm.weight]
Loading weights:  26%|██▌       | 100/391 [00:00<?, ?it/s, Materializing param=encoder.layer.5.output.dense.bias]     
Loading weights:  26%|██▌       | 100/391 [00:00<?, ?it/s, Materializing param=encoder.layer.5.output.dense.bias]
Loading weights:  26%|██▌       | 101/391 [00:00<?, ?it/s, Materializing param=encoder.layer.5.output.dense.weight]
Loading weights:  26%|██▌       | 101/391 [00:00<?, ?it/s, Materializing param=encoder.layer.5.output.dense.weight]
Loading weights:  26%|██▌       | 102/391 [00:00<?, ?it/s, Materializing param=encoder.layer.6.attention.output.LayerNorm.bias]
Loading weights:  26%|██▌       | 102/391 [00:00<?, ?it/s, Materializing param=encoder.layer.6.attention.output.LayerNorm.bias]
Loading weights:  26%|██▋       | 103/391 [00:00<?, ?it/s, Materializing param=encoder.layer.6.attention.output.LayerNorm.weight]
Loading weights:  26%|██▋       | 103/391 [00:00<?, ?it/s, Materializing param=encoder.layer.6.attention.output.LayerNorm.weight]
Loading weights:  27%|██▋       | 104/391 [00:00<?, ?it/s, Materializing param=encoder.layer.6.attention.output.dense.bias]      
Loading weights:  27%|██▋       | 104/391 [00:00<00:00, 10686.65it/s, Materializing param=encoder.layer.6.attention.output.dense.bias]
Loading weights:  27%|██▋       | 105/391 [00:00<00:00, 10789.40it/s, Materializing param=encoder.layer.6.attention.output.dense.weight]
Loading weights:  27%|██▋       | 105/391 [00:00<00:00, 10789.40it/s, Materializing param=encoder.layer.6.attention.output.dense.weight]
Loading weights:  27%|██▋       | 106/391 [00:00<00:00, 10892.16it/s, Materializing param=encoder.layer.6.attention.self.key.bias]      
Loading weights:  27%|██▋       | 106/391 [00:00<00:00, 10892.16it/s, Materializing param=encoder.layer.6.attention.self.key.bias]
Loading weights:  27%|██▋       | 107/391 [00:00<00:00, 10994.92it/s, Materializing param=encoder.layer.6.attention.self.key.weight]
Loading weights:  27%|██▋       | 107/391 [00:00<00:00, 10994.92it/s, Materializing param=encoder.layer.6.attention.self.key.weight]
Loading weights:  28%|██▊       | 108/391 [00:00<00:00, 11097.67it/s, Materializing param=encoder.layer.6.attention.self.query.bias]
Loading weights:  28%|██▊       | 108/391 [00:00<00:00, 11097.67it/s, Materializing param=encoder.layer.6.attention.self.query.bias]
Loading weights:  28%|██▊       | 109/391 [00:00<00:00, 11200.43it/s, Materializing param=encoder.layer.6.attention.self.query.weight]
Loading weights:  28%|██▊       | 109/391 [00:00<00:00, 11200.43it/s, Materializing param=encoder.layer.6.attention.self.query.weight]
Loading weights:  28%|██▊       | 110/391 [00:00<00:00, 11303.19it/s, Materializing param=encoder.layer.6.attention.self.value.bias]  
Loading weights:  28%|██▊       | 110/391 [00:00<00:00, 11303.19it/s, Materializing param=encoder.layer.6.attention.self.value.bias]
Loading weights:  28%|██▊       | 111/391 [00:00<00:00, 11405.94it/s, Materializing param=encoder.layer.6.attention.self.value.weight]
Loading weights:  28%|██▊       | 111/391 [00:00<00:00, 11405.94it/s, Materializing param=encoder.layer.6.attention.self.value.weight]
Loading weights:  29%|██▊       | 112/391 [00:00<00:00, 11508.70it/s, Materializing param=encoder.layer.6.intermediate.dense.bias]    
Loading weights:  29%|██▊       | 112/391 [00:00<00:00, 11508.70it/s, Materializing param=encoder.layer.6.intermediate.dense.bias]
Loading weights:  29%|██▉       | 113/391 [00:00<00:00, 11611.45it/s, Materializing param=encoder.layer.6.intermediate.dense.weight]
Loading weights:  29%|██▉       | 113/391 [00:00<00:00, 11611.45it/s, Materializing param=encoder.layer.6.intermediate.dense.weight]
Loading weights:  29%|██▉       | 114/391 [00:00<00:00, 11714.21it/s, Materializing param=encoder.layer.6.output.LayerNorm.bias]    
Loading weights:  29%|██▉       | 114/391 [00:00<00:00, 11714.21it/s, Materializing param=encoder.layer.6.output.LayerNorm.bias]
Loading weights:  29%|██▉       | 115/391 [00:00<00:00, 11816.97it/s, Materializing param=encoder.layer.6.output.LayerNorm.weight]
Loading weights:  29%|██▉       | 115/391 [00:00<00:00, 11816.97it/s, Materializing param=encoder.layer.6.output.LayerNorm.weight]
Loading weights:  30%|██▉       | 116/391 [00:00<00:00, 11919.72it/s, Materializing param=encoder.layer.6.output.dense.bias]      
Loading weights:  30%|██▉       | 116/391 [00:00<00:00, 11919.72it/s, Materializing param=encoder.layer.6.output.dense.bias]
Loading weights:  30%|██▉       | 117/391 [00:00<00:00, 12022.48it/s, Materializing param=encoder.layer.6.output.dense.weight]
Loading weights:  30%|██▉       | 117/391 [00:00<00:00, 12022.48it/s, Materializing param=encoder.layer.6.output.dense.weight]
Loading weights:  30%|███       | 118/391 [00:00<00:00, 12125.24it/s, Materializing param=encoder.layer.7.attention.output.LayerNorm.bias]
Loading weights:  30%|███       | 118/391 [00:00<00:00, 12125.24it/s, Materializing param=encoder.layer.7.attention.output.LayerNorm.bias]
Loading weights:  30%|███       | 119/391 [00:00<00:00, 12227.99it/s, Materializing param=encoder.layer.7.attention.output.LayerNorm.weight]
Loading weights:  30%|███       | 119/391 [00:00<00:00, 12227.99it/s, Materializing param=encoder.layer.7.attention.output.LayerNorm.weight]
Loading weights:  31%|███       | 120/391 [00:00<00:00, 12330.75it/s, Materializing param=encoder.layer.7.attention.output.dense.bias]      
Loading weights:  31%|███       | 120/391 [00:00<00:00, 12330.75it/s, Materializing param=encoder.layer.7.attention.output.dense.bias]
Loading weights:  31%|███       | 121/391 [00:00<00:00, 12433.50it/s, Materializing param=encoder.layer.7.attention.output.dense.weight]
Loading weights:  31%|███       | 121/391 [00:00<00:00, 12433.50it/s, Materializing param=encoder.layer.7.attention.output.dense.weight]
Loading weights:  31%|███       | 122/391 [00:00<00:00, 12536.26it/s, Materializing param=encoder.layer.7.attention.self.key.bias]      
Loading weights:  31%|███       | 122/391 [00:00<00:00, 12536.26it/s, Materializing param=encoder.layer.7.attention.self.key.bias]
Loading weights:  31%|███▏      | 123/391 [00:00<00:00, 12639.02it/s, Materializing param=encoder.layer.7.attention.self.key.weight]
Loading weights:  31%|███▏      | 123/391 [00:00<00:00, 12639.02it/s, Materializing param=encoder.layer.7.attention.self.key.weight]
Loading weights:  32%|███▏      | 124/391 [00:00<00:00, 12741.77it/s, Materializing param=encoder.layer.7.attention.self.query.bias]
Loading weights:  32%|███▏      | 124/391 [00:00<00:00, 12741.77it/s, Materializing param=encoder.layer.7.attention.self.query.bias]
Loading weights:  32%|███▏      | 125/391 [00:00<00:00, 12844.53it/s, Materializing param=encoder.layer.7.attention.self.query.weight]
Loading weights:  32%|███▏      | 125/391 [00:00<00:00, 12844.53it/s, Materializing param=encoder.layer.7.attention.self.query.weight]
Loading weights:  32%|███▏      | 126/391 [00:00<00:00, 12947.29it/s, Materializing param=encoder.layer.7.attention.self.value.bias]  
Loading weights:  32%|███▏      | 126/391 [00:00<00:00, 12947.29it/s, Materializing param=encoder.layer.7.attention.self.value.bias]
Loading weights:  32%|███▏      | 127/391 [00:00<00:00, 13050.04it/s, Materializing param=encoder.layer.7.attention.self.value.weight]
Loading weights:  32%|███▏      | 127/391 [00:00<00:00, 13050.04it/s, Materializing param=encoder.layer.7.attention.self.value.weight]
Loading weights:  33%|███▎      | 128/391 [00:00<00:00, 13152.80it/s, Materializing param=encoder.layer.7.intermediate.dense.bias]    
Loading weights:  33%|███▎      | 128/391 [00:00<00:00, 13152.80it/s, Materializing param=encoder.layer.7.intermediate.dense.bias]
Loading weights:  33%|███▎      | 129/391 [00:00<00:00, 13255.55it/s, Materializing param=encoder.layer.7.intermediate.dense.weight]
Loading weights:  33%|███▎      | 129/391 [00:00<00:00, 13255.55it/s, Materializing param=encoder.layer.7.intermediate.dense.weight]
Loading weights:  33%|███▎      | 130/391 [00:00<00:00, 13358.31it/s, Materializing param=encoder.layer.7.output.LayerNorm.bias]    
Loading weights:  33%|███▎      | 130/391 [00:00<00:00, 13358.31it/s, Materializing param=encoder.layer.7.output.LayerNorm.bias]
Loading weights:  34%|███▎      | 131/391 [00:00<00:00, 13461.07it/s, Materializing param=encoder.layer.7.output.LayerNorm.weight]
Loading weights:  34%|███▎      | 131/391 [00:00<00:00, 13461.07it/s, Materializing param=encoder.layer.7.output.LayerNorm.weight]
Loading weights:  34%|███▍      | 132/391 [00:00<00:00, 13563.82it/s, Materializing param=encoder.layer.7.output.dense.bias]      
Loading weights:  34%|███▍      | 132/391 [00:00<00:00, 13563.82it/s, Materializing param=encoder.layer.7.output.dense.bias]
Loading weights:  34%|███▍      | 133/391 [00:00<00:00, 13666.58it/s, Materializing param=encoder.layer.7.output.dense.weight]
Loading weights:  34%|███▍      | 133/391 [00:00<00:00, 13666.58it/s, Materializing param=encoder.layer.7.output.dense.weight]
Loading weights:  34%|███▍      | 134/391 [00:00<00:00, 13769.34it/s, Materializing param=encoder.layer.8.attention.output.LayerNorm.bias]
Loading weights:  34%|███▍      | 134/391 [00:00<00:00, 13769.34it/s, Materializing param=encoder.layer.8.attention.output.LayerNorm.bias]
Loading weights:  35%|███▍      | 135/391 [00:00<00:00, 13872.09it/s, Materializing param=encoder.layer.8.attention.output.LayerNorm.weight]
Loading weights:  35%|███▍      | 135/391 [00:00<00:00, 13872.09it/s, Materializing param=encoder.layer.8.attention.output.LayerNorm.weight]
Loading weights:  35%|███▍      | 136/391 [00:00<00:00, 13974.85it/s, Materializing param=encoder.layer.8.attention.output.dense.bias]      
Loading weights:  35%|███▍      | 136/391 [00:00<00:00, 13974.85it/s, Materializing param=encoder.layer.8.attention.output.dense.bias]
Loading weights:  35%|███▌      | 137/391 [00:00<00:00, 14077.60it/s, Materializing param=encoder.layer.8.attention.output.dense.weight]
Loading weights:  35%|███▌      | 137/391 [00:00<00:00, 14077.60it/s, Materializing param=encoder.layer.8.attention.output.dense.weight]
Loading weights:  35%|███▌      | 138/391 [00:00<00:00, 14180.36it/s, Materializing param=encoder.layer.8.attention.self.key.bias]      
Loading weights:  35%|███▌      | 138/391 [00:00<00:00, 14180.36it/s, Materializing param=encoder.layer.8.attention.self.key.bias]
Loading weights:  36%|███▌      | 139/391 [00:00<00:00, 14283.12it/s, Materializing param=encoder.layer.8.attention.self.key.weight]
Loading weights:  36%|███▌      | 139/391 [00:00<00:00, 14283.12it/s, Materializing param=encoder.layer.8.attention.self.key.weight]
Loading weights:  36%|███▌      | 140/391 [00:00<00:00, 14385.87it/s, Materializing param=encoder.layer.8.attention.self.query.bias]
Loading weights:  36%|███▌      | 140/391 [00:00<00:00, 14385.87it/s, Materializing param=encoder.layer.8.attention.self.query.bias]
Loading weights:  36%|███▌      | 141/391 [00:00<00:00, 14488.63it/s, Materializing param=encoder.layer.8.attention.self.query.weight]
Loading weights:  36%|███▌      | 141/391 [00:00<00:00, 14488.63it/s, Materializing param=encoder.layer.8.attention.self.query.weight]
Loading weights:  36%|███▋      | 142/391 [00:00<00:00, 14591.39it/s, Materializing param=encoder.layer.8.attention.self.value.bias]  
Loading weights:  36%|███▋      | 142/391 [00:00<00:00, 14591.39it/s, Materializing param=encoder.layer.8.attention.self.value.bias]
Loading weights:  37%|███▋      | 143/391 [00:00<00:00, 14694.14it/s, Materializing param=encoder.layer.8.attention.self.value.weight]
Loading weights:  37%|███▋      | 143/391 [00:00<00:00, 14694.14it/s, Materializing param=encoder.layer.8.attention.self.value.weight]
Loading weights:  37%|███▋      | 144/391 [00:00<00:00, 14796.90it/s, Materializing param=encoder.layer.8.intermediate.dense.bias]    
Loading weights:  37%|███▋      | 144/391 [00:00<00:00, 14796.90it/s, Materializing param=encoder.layer.8.intermediate.dense.bias]
Loading weights:  37%|███▋      | 145/391 [00:00<00:00, 14899.65it/s, Materializing param=encoder.layer.8.intermediate.dense.weight]
Loading weights:  37%|███▋      | 145/391 [00:00<00:00, 14899.65it/s, Materializing param=encoder.layer.8.intermediate.dense.weight]
Loading weights:  37%|███▋      | 146/391 [00:00<00:00, 15002.41it/s, Materializing param=encoder.layer.8.output.LayerNorm.bias]    
Loading weights:  37%|███▋      | 146/391 [00:00<00:00, 15002.41it/s, Materializing param=encoder.layer.8.output.LayerNorm.bias]
Loading weights:  38%|███▊      | 147/391 [00:00<00:00, 15105.17it/s, Materializing param=encoder.layer.8.output.LayerNorm.weight]
Loading weights:  38%|███▊      | 147/391 [00:00<00:00, 15105.17it/s, Materializing param=encoder.layer.8.output.LayerNorm.weight]
Loading weights:  38%|███▊      | 148/391 [00:00<00:00, 15207.92it/s, Materializing param=encoder.layer.8.output.dense.bias]      
Loading weights:  38%|███▊      | 148/391 [00:00<00:00, 15207.92it/s, Materializing param=encoder.layer.8.output.dense.bias]
Loading weights:  38%|███▊      | 149/391 [00:00<00:00, 15310.68it/s, Materializing param=encoder.layer.8.output.dense.weight]
Loading weights:  38%|███▊      | 149/391 [00:00<00:00, 15310.68it/s, Materializing param=encoder.layer.8.output.dense.weight]
Loading weights:  38%|███▊      | 150/391 [00:00<00:00, 15413.44it/s, Materializing param=encoder.layer.9.attention.output.LayerNorm.bias]
Loading weights:  38%|███▊      | 150/391 [00:00<00:00, 15413.44it/s, Materializing param=encoder.layer.9.attention.output.LayerNorm.bias]
Loading weights:  39%|███▊      | 151/391 [00:00<00:00, 15516.19it/s, Materializing param=encoder.layer.9.attention.output.LayerNorm.weight]
Loading weights:  39%|███▊      | 151/391 [00:00<00:00, 15516.19it/s, Materializing param=encoder.layer.9.attention.output.LayerNorm.weight]
Loading weights:  39%|███▉      | 152/391 [00:00<00:00, 15618.95it/s, Materializing param=encoder.layer.9.attention.output.dense.bias]      
Loading weights:  39%|███▉      | 152/391 [00:00<00:00, 15618.95it/s, Materializing param=encoder.layer.9.attention.output.dense.bias]
Loading weights:  39%|███▉      | 153/391 [00:00<00:00, 15721.70it/s, Materializing param=encoder.layer.9.attention.output.dense.weight]
Loading weights:  39%|███▉      | 153/391 [00:00<00:00, 15721.70it/s, Materializing param=encoder.layer.9.attention.output.dense.weight]
Loading weights:  39%|███▉      | 154/391 [00:00<00:00, 15824.46it/s, Materializing param=encoder.layer.9.attention.self.key.bias]      
Loading weights:  39%|███▉      | 154/391 [00:00<00:00, 15824.46it/s, Materializing param=encoder.layer.9.attention.self.key.bias]
Loading weights:  40%|███▉      | 155/391 [00:00<00:00, 15927.22it/s, Materializing param=encoder.layer.9.attention.self.key.weight]
Loading weights:  40%|███▉      | 155/391 [00:00<00:00, 15927.22it/s, Materializing param=encoder.layer.9.attention.self.key.weight]
Loading weights:  40%|███▉      | 156/391 [00:00<00:00, 16029.97it/s, Materializing param=encoder.layer.9.attention.self.query.bias]
Loading weights:  40%|███▉      | 156/391 [00:00<00:00, 16029.97it/s, Materializing param=encoder.layer.9.attention.self.query.bias]
Loading weights:  40%|████      | 157/391 [00:00<00:00, 16132.73it/s, Materializing param=encoder.layer.9.attention.self.query.weight]
Loading weights:  40%|████      | 157/391 [00:00<00:00, 12788.01it/s, Materializing param=encoder.layer.9.attention.self.query.weight]
Loading weights:  40%|████      | 158/391 [00:00<00:00, 12869.46it/s, Materializing param=encoder.layer.9.attention.self.value.bias]  
Loading weights:  40%|████      | 158/391 [00:00<00:00, 12869.46it/s, Materializing param=encoder.layer.9.attention.self.value.bias]
Loading weights:  41%|████      | 159/391 [00:00<00:00, 12950.91it/s, Materializing param=encoder.layer.9.attention.self.value.weight]
Loading weights:  41%|████      | 159/391 [00:00<00:00, 12950.91it/s, Materializing param=encoder.layer.9.attention.self.value.weight]
Loading weights:  41%|████      | 160/391 [00:00<00:00, 13032.37it/s, Materializing param=encoder.layer.9.intermediate.dense.bias]    
Loading weights:  41%|████      | 160/391 [00:00<00:00, 13032.37it/s, Materializing param=encoder.layer.9.intermediate.dense.bias]
Loading weights:  41%|████      | 161/391 [00:00<00:00, 13113.82it/s, Materializing param=encoder.layer.9.intermediate.dense.weight]
Loading weights:  41%|████      | 161/391 [00:00<00:00, 13113.82it/s, Materializing param=encoder.layer.9.intermediate.dense.weight]
Loading weights:  41%|████▏     | 162/391 [00:00<00:00, 13195.27it/s, Materializing param=encoder.layer.9.output.LayerNorm.bias]    
Loading weights:  41%|████▏     | 162/391 [00:00<00:00, 13195.27it/s, Materializing param=encoder.layer.9.output.LayerNorm.bias]
Loading weights:  42%|████▏     | 163/391 [00:00<00:00, 13276.72it/s, Materializing param=encoder.layer.9.output.LayerNorm.weight]
Loading weights:  42%|████▏     | 163/391 [00:00<00:00, 13276.72it/s, Materializing param=encoder.layer.9.output.LayerNorm.weight]
Loading weights:  42%|████▏     | 164/391 [00:00<00:00, 13358.17it/s, Materializing param=encoder.layer.9.output.dense.bias]      
Loading weights:  42%|████▏     | 164/391 [00:00<00:00, 13358.17it/s, Materializing param=encoder.layer.9.output.dense.bias]
Loading weights:  42%|████▏     | 165/391 [00:00<00:00, 13439.63it/s, Materializing param=encoder.layer.9.output.dense.weight]
Loading weights:  42%|████▏     | 165/391 [00:00<00:00, 13439.63it/s, Materializing param=encoder.layer.9.output.dense.weight]
Loading weights:  42%|████▏     | 166/391 [00:00<00:00, 13521.08it/s, Materializing param=encoder.layer.10.attention.output.LayerNorm.bias]
Loading weights:  42%|████▏     | 166/391 [00:00<00:00, 13521.08it/s, Materializing param=encoder.layer.10.attention.output.LayerNorm.bias]
Loading weights:  43%|████▎     | 167/391 [00:00<00:00, 13602.53it/s, Materializing param=encoder.layer.10.attention.output.LayerNorm.weight]
Loading weights:  43%|████▎     | 167/391 [00:00<00:00, 13602.53it/s, Materializing param=encoder.layer.10.attention.output.LayerNorm.weight]
Loading weights:  43%|████▎     | 168/391 [00:00<00:00, 13683.98it/s, Materializing param=encoder.layer.10.attention.output.dense.bias]      
Loading weights:  43%|████▎     | 168/391 [00:00<00:00, 13683.98it/s, Materializing param=encoder.layer.10.attention.output.dense.bias]
Loading weights:  43%|████▎     | 169/391 [00:00<00:00, 13167.58it/s, Materializing param=encoder.layer.10.attention.output.dense.weight]
Loading weights:  43%|████▎     | 169/391 [00:00<00:00, 13167.58it/s, Materializing param=encoder.layer.10.attention.output.dense.weight]
Loading weights:  43%|████▎     | 170/391 [00:00<00:00, 13245.50it/s, Materializing param=encoder.layer.10.attention.self.key.bias]      
Loading weights:  43%|████▎     | 170/391 [00:00<00:00, 13245.50it/s, Materializing param=encoder.layer.10.attention.self.key.bias]
Loading weights:  44%|████▎     | 171/391 [00:00<00:00, 13323.41it/s, Materializing param=encoder.layer.10.attention.self.key.weight]
Loading weights:  44%|████▎     | 171/391 [00:00<00:00, 13323.41it/s, Materializing param=encoder.layer.10.attention.self.key.weight]
Loading weights:  44%|████▍     | 172/391 [00:00<00:00, 13401.33it/s, Materializing param=encoder.layer.10.attention.self.query.bias]
Loading weights:  44%|████▍     | 172/391 [00:00<00:00, 13401.33it/s, Materializing param=encoder.layer.10.attention.self.query.bias]
Loading weights:  44%|████▍     | 173/391 [00:00<00:00, 13479.24it/s, Materializing param=encoder.layer.10.attention.self.query.weight]
Loading weights:  44%|████▍     | 173/391 [00:00<00:00, 13479.24it/s, Materializing param=encoder.layer.10.attention.self.query.weight]
Loading weights:  45%|████▍     | 174/391 [00:00<00:00, 13557.16it/s, Materializing param=encoder.layer.10.attention.self.value.bias]  
Loading weights:  45%|████▍     | 174/391 [00:00<00:00, 13557.16it/s, Materializing param=encoder.layer.10.attention.self.value.bias]
Loading weights:  45%|████▍     | 175/391 [00:00<00:00, 13635.07it/s, Materializing param=encoder.layer.10.attention.self.value.weight]
Loading weights:  45%|████▍     | 175/391 [00:00<00:00, 13299.33it/s, Materializing param=encoder.layer.10.attention.self.value.weight]
Loading weights:  45%|████▌     | 176/391 [00:00<00:00, 13375.32it/s, Materializing param=encoder.layer.10.intermediate.dense.bias]    
Loading weights:  45%|████▌     | 176/391 [00:00<00:00, 13375.32it/s, Materializing param=encoder.layer.10.intermediate.dense.bias]
Loading weights:  45%|████▌     | 177/391 [00:00<00:00, 13451.32it/s, Materializing param=encoder.layer.10.intermediate.dense.weight]
Loading weights:  45%|████▌     | 177/391 [00:00<00:00, 13451.32it/s, Materializing param=encoder.layer.10.intermediate.dense.weight]
Loading weights:  46%|████▌     | 178/391 [00:00<00:00, 13527.32it/s, Materializing param=encoder.layer.10.output.LayerNorm.bias]    
Loading weights:  46%|████▌     | 178/391 [00:00<00:00, 13527.32it/s, Materializing param=encoder.layer.10.output.LayerNorm.bias]
Loading weights:  46%|████▌     | 179/391 [00:00<00:00, 13603.31it/s, Materializing param=encoder.layer.10.output.LayerNorm.weight]
Loading weights:  46%|████▌     | 179/391 [00:00<00:00, 13603.31it/s, Materializing param=encoder.layer.10.output.LayerNorm.weight]
Loading weights:  46%|████▌     | 180/391 [00:00<00:00, 13679.31it/s, Materializing param=encoder.layer.10.output.dense.bias]      
Loading weights:  46%|████▌     | 180/391 [00:00<00:00, 13679.31it/s, Materializing param=encoder.layer.10.output.dense.bias]
Loading weights:  46%|████▋     | 181/391 [00:00<00:00, 13755.30it/s, Materializing param=encoder.layer.10.output.dense.weight]
Loading weights:  46%|████▋     | 181/391 [00:00<00:00, 13755.30it/s, Materializing param=encoder.layer.10.output.dense.weight]
Loading weights:  47%|████▋     | 182/391 [00:00<00:00, 13831.30it/s, Materializing param=encoder.layer.11.attention.output.LayerNorm.bias]
Loading weights:  47%|████▋     | 182/391 [00:00<00:00, 13831.30it/s, Materializing param=encoder.layer.11.attention.output.LayerNorm.bias]
Loading weights:  47%|████▋     | 183/391 [00:00<00:00, 13907.30it/s, Materializing param=encoder.layer.11.attention.output.LayerNorm.weight]
Loading weights:  47%|████▋     | 183/391 [00:00<00:00, 13907.30it/s, Materializing param=encoder.layer.11.attention.output.LayerNorm.weight]
Loading weights:  47%|████▋     | 184/391 [00:00<00:00, 13983.29it/s, Materializing param=encoder.layer.11.attention.output.dense.bias]      
Loading weights:  47%|████▋     | 184/391 [00:00<00:00, 13983.29it/s, Materializing param=encoder.layer.11.attention.output.dense.bias]
Loading weights:  47%|████▋     | 185/391 [00:00<00:00, 14059.29it/s, Materializing param=encoder.layer.11.attention.output.dense.weight]
Loading weights:  47%|████▋     | 185/391 [00:00<00:00, 14059.29it/s, Materializing param=encoder.layer.11.attention.output.dense.weight]
Loading weights:  48%|████▊     | 186/391 [00:00<00:00, 14135.29it/s, Materializing param=encoder.layer.11.attention.self.key.bias]      
Loading weights:  48%|████▊     | 186/391 [00:00<00:00, 14135.29it/s, Materializing param=encoder.layer.11.attention.self.key.bias]
Loading weights:  48%|████▊     | 187/391 [00:00<00:00, 14211.28it/s, Materializing param=encoder.layer.11.attention.self.key.weight]
Loading weights:  48%|████▊     | 187/391 [00:00<00:00, 14211.28it/s, Materializing param=encoder.layer.11.attention.self.key.weight]
Loading weights:  48%|████▊     | 188/391 [00:00<00:00, 14287.28it/s, Materializing param=encoder.layer.11.attention.self.query.bias]
Loading weights:  48%|████▊     | 188/391 [00:00<00:00, 14287.28it/s, Materializing param=encoder.layer.11.attention.self.query.bias]
Loading weights:  48%|████▊     | 189/391 [00:00<00:00, 14363.27it/s, Materializing param=encoder.layer.11.attention.self.query.weight]
Loading weights:  48%|████▊     | 189/391 [00:00<00:00, 14363.27it/s, Materializing param=encoder.layer.11.attention.self.query.weight]
Loading weights:  49%|████▊     | 190/391 [00:00<00:00, 14439.27it/s, Materializing param=encoder.layer.11.attention.self.value.bias]  
Loading weights:  49%|████▊     | 190/391 [00:00<00:00, 14439.27it/s, Materializing param=encoder.layer.11.attention.self.value.bias]
Loading weights:  49%|████▉     | 191/391 [00:00<00:00, 14515.27it/s, Materializing param=encoder.layer.11.attention.self.value.weight]
Loading weights:  49%|████▉     | 191/391 [00:00<00:00, 14515.27it/s, Materializing param=encoder.layer.11.attention.self.value.weight]
Loading weights:  49%|████▉     | 192/391 [00:00<00:00, 14591.26it/s, Materializing param=encoder.layer.11.intermediate.dense.bias]    
Loading weights:  49%|████▉     | 192/391 [00:00<00:00, 14591.26it/s, Materializing param=encoder.layer.11.intermediate.dense.bias]
Loading weights:  49%|████▉     | 193/391 [00:00<00:00, 14667.26it/s, Materializing param=encoder.layer.11.intermediate.dense.weight]
Loading weights:  49%|████▉     | 193/391 [00:00<00:00, 14667.26it/s, Materializing param=encoder.layer.11.intermediate.dense.weight]
Loading weights:  50%|████▉     | 194/391 [00:00<00:00, 14743.25it/s, Materializing param=encoder.layer.11.output.LayerNorm.bias]    
Loading weights:  50%|████▉     | 194/391 [00:00<00:00, 14743.25it/s, Materializing param=encoder.layer.11.output.LayerNorm.bias]
Loading weights:  50%|████▉     | 195/391 [00:00<00:00, 14819.25it/s, Materializing param=encoder.layer.11.output.LayerNorm.weight]
Loading weights:  50%|████▉     | 195/391 [00:00<00:00, 14819.25it/s, Materializing param=encoder.layer.11.output.LayerNorm.weight]
Loading weights:  50%|█████     | 196/391 [00:00<00:00, 14895.25it/s, Materializing param=encoder.layer.11.output.dense.bias]      
Loading weights:  50%|█████     | 196/391 [00:00<00:00, 13822.57it/s, Materializing param=encoder.layer.11.output.dense.bias]
Loading weights:  50%|█████     | 197/391 [00:00<00:00, 13893.09it/s, Materializing param=encoder.layer.11.output.dense.weight]
Loading weights:  50%|█████     | 197/391 [00:00<00:00, 13893.09it/s, Materializing param=encoder.layer.11.output.dense.weight]
Loading weights:  51%|█████     | 198/391 [00:00<00:00, 13963.62it/s, Materializing param=encoder.layer.12.attention.output.LayerNorm.bias]
Loading weights:  51%|█████     | 198/391 [00:00<00:00, 13963.62it/s, Materializing param=encoder.layer.12.attention.output.LayerNorm.bias]
Loading weights:  51%|█████     | 199/391 [00:00<00:00, 14034.14it/s, Materializing param=encoder.layer.12.attention.output.LayerNorm.weight]
Loading weights:  51%|█████     | 199/391 [00:00<00:00, 14034.14it/s, Materializing param=encoder.layer.12.attention.output.LayerNorm.weight]
Loading weights:  51%|█████     | 200/391 [00:00<00:00, 14104.66it/s, Materializing param=encoder.layer.12.attention.output.dense.bias]      
Loading weights:  51%|█████     | 200/391 [00:00<00:00, 14104.66it/s, Materializing param=encoder.layer.12.attention.output.dense.bias]
Loading weights:  51%|█████▏    | 201/391 [00:00<00:00, 14175.19it/s, Materializing param=encoder.layer.12.attention.output.dense.weight]
Loading weights:  51%|█████▏    | 201/391 [00:00<00:00, 14175.19it/s, Materializing param=encoder.layer.12.attention.output.dense.weight]
Loading weights:  52%|█████▏    | 202/391 [00:00<00:00, 14245.71it/s, Materializing param=encoder.layer.12.attention.self.key.bias]      
Loading weights:  52%|█████▏    | 202/391 [00:00<00:00, 14245.71it/s, Materializing param=encoder.layer.12.attention.self.key.bias]
Loading weights:  52%|█████▏    | 203/391 [00:00<00:00, 14316.23it/s, Materializing param=encoder.layer.12.attention.self.key.weight]
Loading weights:  52%|█████▏    | 203/391 [00:00<00:00, 14316.23it/s, Materializing param=encoder.layer.12.attention.self.key.weight]
Loading weights:  52%|█████▏    | 204/391 [00:00<00:00, 14386.76it/s, Materializing param=encoder.layer.12.attention.self.query.bias]
Loading weights:  52%|█████▏    | 204/391 [00:00<00:00, 14386.76it/s, Materializing param=encoder.layer.12.attention.self.query.bias]
Loading weights:  52%|█████▏    | 205/391 [00:00<00:00, 14457.28it/s, Materializing param=encoder.layer.12.attention.self.query.weight]
Loading weights:  52%|█████▏    | 205/391 [00:00<00:00, 14457.28it/s, Materializing param=encoder.layer.12.attention.self.query.weight]
Loading weights:  53%|█████▎    | 206/391 [00:00<00:00, 14527.80it/s, Materializing param=encoder.layer.12.attention.self.value.bias]  
Loading weights:  53%|█████▎    | 206/391 [00:00<00:00, 14527.80it/s, Materializing param=encoder.layer.12.attention.self.value.bias]
Loading weights:  53%|█████▎    | 207/391 [00:00<00:00, 14598.33it/s, Materializing param=encoder.layer.12.attention.self.value.weight]
Loading weights:  53%|█████▎    | 207/391 [00:00<00:00, 14598.33it/s, Materializing param=encoder.layer.12.attention.self.value.weight]
Loading weights:  53%|█████▎    | 208/391 [00:00<00:00, 14668.85it/s, Materializing param=encoder.layer.12.intermediate.dense.bias]    
Loading weights:  53%|█████▎    | 208/391 [00:00<00:00, 14668.85it/s, Materializing param=encoder.layer.12.intermediate.dense.bias]
Loading weights:  53%|█████▎    | 209/391 [00:00<00:00, 14739.37it/s, Materializing param=encoder.layer.12.intermediate.dense.weight]
Loading weights:  53%|█████▎    | 209/391 [00:00<00:00, 14739.37it/s, Materializing param=encoder.layer.12.intermediate.dense.weight]
Loading weights:  54%|█████▎    | 210/391 [00:00<00:00, 14099.40it/s, Materializing param=encoder.layer.12.output.LayerNorm.bias]    
Loading weights:  54%|█████▎    | 210/391 [00:00<00:00, 14099.40it/s, Materializing param=encoder.layer.12.output.LayerNorm.bias]
Loading weights:  54%|█████▍    | 211/391 [00:00<00:00, 14166.54it/s, Materializing param=encoder.layer.12.output.LayerNorm.weight]
Loading weights:  54%|█████▍    | 211/391 [00:00<00:00, 14166.54it/s, Materializing param=encoder.layer.12.output.LayerNorm.weight]
Loading weights:  54%|█████▍    | 212/391 [00:00<00:00, 14233.68it/s, Materializing param=encoder.layer.12.output.dense.bias]      
Loading weights:  54%|█████▍    | 212/391 [00:00<00:00, 14233.68it/s, Materializing param=encoder.layer.12.output.dense.bias]
Loading weights:  54%|█████▍    | 213/391 [00:00<00:00, 14300.82it/s, Materializing param=encoder.layer.12.output.dense.weight]
Loading weights:  54%|█████▍    | 213/391 [00:00<00:00, 14300.82it/s, Materializing param=encoder.layer.12.output.dense.weight]
Loading weights:  55%|█████▍    | 214/391 [00:00<00:00, 14367.96it/s, Materializing param=encoder.layer.13.attention.output.LayerNorm.bias]
Loading weights:  55%|█████▍    | 214/391 [00:00<00:00, 14367.96it/s, Materializing param=encoder.layer.13.attention.output.LayerNorm.bias]
Loading weights:  55%|█████▍    | 215/391 [00:00<00:00, 14435.10it/s, Materializing param=encoder.layer.13.attention.output.LayerNorm.weight]
Loading weights:  55%|█████▍    | 215/391 [00:00<00:00, 14435.10it/s, Materializing param=encoder.layer.13.attention.output.LayerNorm.weight]
Loading weights:  55%|█████▌    | 216/391 [00:00<00:00, 14502.24it/s, Materializing param=encoder.layer.13.attention.output.dense.bias]      
Loading weights:  55%|█████▌    | 216/391 [00:00<00:00, 14502.24it/s, Materializing param=encoder.layer.13.attention.output.dense.bias]
Loading weights:  55%|█████▌    | 217/391 [00:00<00:00, 14569.38it/s, Materializing param=encoder.layer.13.attention.output.dense.weight]
Loading weights:  55%|█████▌    | 217/391 [00:00<00:00, 14569.38it/s, Materializing param=encoder.layer.13.attention.output.dense.weight]
Loading weights:  56%|█████▌    | 218/391 [00:00<00:00, 14636.52it/s, Materializing param=encoder.layer.13.attention.self.key.bias]      
Loading weights:  56%|█████▌    | 218/391 [00:00<00:00, 14636.52it/s, Materializing param=encoder.layer.13.attention.self.key.bias]
Loading weights:  56%|█████▌    | 219/391 [00:00<00:00, 14703.66it/s, Materializing param=encoder.layer.13.attention.self.key.weight]
Loading weights:  56%|█████▌    | 219/391 [00:00<00:00, 14703.66it/s, Materializing param=encoder.layer.13.attention.self.key.weight]
Loading weights:  56%|█████▋    | 220/391 [00:00<00:00, 14770.80it/s, Materializing param=encoder.layer.13.attention.self.query.bias]
Loading weights:  56%|█████▋    | 220/391 [00:00<00:00, 14770.80it/s, Materializing param=encoder.layer.13.attention.self.query.bias]
Loading weights:  57%|█████▋    | 221/391 [00:00<00:00, 14837.94it/s, Materializing param=encoder.layer.13.attention.self.query.weight]
Loading weights:  57%|█████▋    | 221/391 [00:00<00:00, 14837.94it/s, Materializing param=encoder.layer.13.attention.self.query.weight]
Loading weights:  57%|█████▋    | 222/391 [00:00<00:00, 14905.08it/s, Materializing param=encoder.layer.13.attention.self.value.bias]  
Loading weights:  57%|█████▋    | 222/391 [00:00<00:00, 14905.08it/s, Materializing param=encoder.layer.13.attention.self.value.bias]
Loading weights:  57%|█████▋    | 223/391 [00:00<00:00, 14972.22it/s, Materializing param=encoder.layer.13.attention.self.value.weight]
Loading weights:  57%|█████▋    | 223/391 [00:00<00:00, 14972.22it/s, Materializing param=encoder.layer.13.attention.self.value.weight]
Loading weights:  57%|█████▋    | 224/391 [00:00<00:00, 15039.36it/s, Materializing param=encoder.layer.13.intermediate.dense.bias]    
Loading weights:  57%|█████▋    | 224/391 [00:00<00:00, 15039.36it/s, Materializing param=encoder.layer.13.intermediate.dense.bias]
Loading weights:  58%|█████▊    | 225/391 [00:00<00:00, 15106.50it/s, Materializing param=encoder.layer.13.intermediate.dense.weight]
Loading weights:  58%|█████▊    | 225/391 [00:00<00:00, 15106.50it/s, Materializing param=encoder.layer.13.intermediate.dense.weight]
Loading weights:  58%|█████▊    | 226/391 [00:00<00:00, 15173.64it/s, Materializing param=encoder.layer.13.output.LayerNorm.bias]    
Loading weights:  58%|█████▊    | 226/391 [00:00<00:00, 15173.64it/s, Materializing param=encoder.layer.13.output.LayerNorm.bias]
Loading weights:  58%|█████▊    | 227/391 [00:00<00:00, 15240.78it/s, Materializing param=encoder.layer.13.output.LayerNorm.weight]
Loading weights:  58%|█████▊    | 227/391 [00:00<00:00, 15240.78it/s, Materializing param=encoder.layer.13.output.LayerNorm.weight]
Loading weights:  58%|█████▊    | 228/391 [00:00<00:00, 15307.92it/s, Materializing param=encoder.layer.13.output.dense.bias]      
Loading weights:  58%|█████▊    | 228/391 [00:00<00:00, 15307.92it/s, Materializing param=encoder.layer.13.output.dense.bias]
Loading weights:  59%|█████▊    | 229/391 [00:00<00:00, 15375.06it/s, Materializing param=encoder.layer.13.output.dense.weight]
Loading weights:  59%|█████▊    | 229/391 [00:00<00:00, 15375.06it/s, Materializing param=encoder.layer.13.output.dense.weight]
Loading weights:  59%|█████▉    | 230/391 [00:00<00:00, 15442.20it/s, Materializing param=encoder.layer.14.attention.output.LayerNorm.bias]
Loading weights:  59%|█████▉    | 230/391 [00:00<00:00, 15442.20it/s, Materializing param=encoder.layer.14.attention.output.LayerNorm.bias]
Loading weights:  59%|█████▉    | 231/391 [00:00<00:00, 15509.34it/s, Materializing param=encoder.layer.14.attention.output.LayerNorm.weight]
Loading weights:  59%|█████▉    | 231/391 [00:00<00:00, 14496.88it/s, Materializing param=encoder.layer.14.attention.output.LayerNorm.weight]
Loading weights:  59%|█████▉    | 232/391 [00:00<00:00, 14559.63it/s, Materializing param=encoder.layer.14.attention.output.dense.bias]      
Loading weights:  59%|█████▉    | 232/391 [00:00<00:00, 14559.63it/s, Materializing param=encoder.layer.14.attention.output.dense.bias]
Loading weights:  60%|█████▉    | 233/391 [00:00<00:00, 14622.39it/s, Materializing param=encoder.layer.14.attention.output.dense.weight]
Loading weights:  60%|█████▉    | 233/391 [00:00<00:00, 14622.39it/s, Materializing param=encoder.layer.14.attention.output.dense.weight]
Loading weights:  60%|█████▉    | 234/391 [00:00<00:00, 14685.15it/s, Materializing param=encoder.layer.14.attention.self.key.bias]      
Loading weights:  60%|█████▉    | 234/391 [00:00<00:00, 14685.15it/s, Materializing param=encoder.layer.14.attention.self.key.bias]
Loading weights:  60%|██████    | 235/391 [00:00<00:00, 14747.90it/s, Materializing param=encoder.layer.14.attention.self.key.weight]
Loading weights:  60%|██████    | 235/391 [00:00<00:00, 14747.90it/s, Materializing param=encoder.layer.14.attention.self.key.weight]
Loading weights:  60%|██████    | 236/391 [00:00<00:00, 14810.66it/s, Materializing param=encoder.layer.14.attention.self.query.bias]
Loading weights:  60%|██████    | 236/391 [00:00<00:00, 14810.66it/s, Materializing param=encoder.layer.14.attention.self.query.bias]
Loading weights:  61%|██████    | 237/391 [00:00<00:00, 14873.42it/s, Materializing param=encoder.layer.14.attention.self.query.weight]
Loading weights:  61%|██████    | 237/391 [00:00<00:00, 14873.42it/s, Materializing param=encoder.layer.14.attention.self.query.weight]
Loading weights:  61%|██████    | 238/391 [00:00<00:00, 14936.18it/s, Materializing param=encoder.layer.14.attention.self.value.bias]  
Loading weights:  61%|██████    | 238/391 [00:00<00:00, 14936.18it/s, Materializing param=encoder.layer.14.attention.self.value.bias]
Loading weights:  61%|██████    | 239/391 [00:00<00:00, 14998.93it/s, Materializing param=encoder.layer.14.attention.self.value.weight]
Loading weights:  61%|██████    | 239/391 [00:00<00:00, 14998.93it/s, Materializing param=encoder.layer.14.attention.self.value.weight]
Loading weights:  61%|██████▏   | 240/391 [00:00<00:00, 15061.69it/s, Materializing param=encoder.layer.14.intermediate.dense.bias]    
Loading weights:  61%|██████▏   | 240/391 [00:00<00:00, 15061.69it/s, Materializing param=encoder.layer.14.intermediate.dense.bias]
Loading weights:  62%|██████▏   | 241/391 [00:00<00:00, 15124.45it/s, Materializing param=encoder.layer.14.intermediate.dense.weight]
Loading weights:  62%|██████▏   | 241/391 [00:00<00:00, 15124.45it/s, Materializing param=encoder.layer.14.intermediate.dense.weight]
Loading weights:  62%|██████▏   | 242/391 [00:00<00:00, 15187.20it/s, Materializing param=encoder.layer.14.output.LayerNorm.bias]    
Loading weights:  62%|██████▏   | 242/391 [00:00<00:00, 15187.20it/s, Materializing param=encoder.layer.14.output.LayerNorm.bias]
Loading weights:  62%|██████▏   | 243/391 [00:00<00:00, 15249.96it/s, Materializing param=encoder.layer.14.output.LayerNorm.weight]
Loading weights:  62%|██████▏   | 243/391 [00:00<00:00, 15249.96it/s, Materializing param=encoder.layer.14.output.LayerNorm.weight]
Loading weights:  62%|██████▏   | 244/391 [00:00<00:00, 15312.72it/s, Materializing param=encoder.layer.14.output.dense.bias]      
Loading weights:  62%|██████▏   | 244/391 [00:00<00:00, 15312.72it/s, Materializing param=encoder.layer.14.output.dense.bias]
Loading weights:  63%|██████▎   | 245/391 [00:00<00:00, 15375.47it/s, Materializing param=encoder.layer.14.output.dense.weight]
Loading weights:  63%|██████▎   | 245/391 [00:00<00:00, 15375.47it/s, Materializing param=encoder.layer.14.output.dense.weight]
Loading weights:  63%|██████▎   | 246/391 [00:00<00:00, 15438.23it/s, Materializing param=encoder.layer.15.attention.output.LayerNorm.bias]
Loading weights:  63%|██████▎   | 246/391 [00:00<00:00, 15438.23it/s, Materializing param=encoder.layer.15.attention.output.LayerNorm.bias]
Loading weights:  63%|██████▎   | 247/391 [00:00<00:00, 15500.99it/s, Materializing param=encoder.layer.15.attention.output.LayerNorm.weight]
Loading weights:  63%|██████▎   | 247/391 [00:00<00:00, 15500.99it/s, Materializing param=encoder.layer.15.attention.output.LayerNorm.weight]
Loading weights:  63%|██████▎   | 248/391 [00:00<00:00, 15563.75it/s, Materializing param=encoder.layer.15.attention.output.dense.bias]      
Loading weights:  63%|██████▎   | 248/391 [00:00<00:00, 15563.75it/s, Materializing param=encoder.layer.15.attention.output.dense.bias]
Loading weights:  64%|██████▎   | 249/391 [00:00<00:00, 15626.50it/s, Materializing param=encoder.layer.15.attention.output.dense.weight]
Loading weights:  64%|██████▎   | 249/391 [00:00<00:00, 15626.50it/s, Materializing param=encoder.layer.15.attention.output.dense.weight]
Loading weights:  64%|██████▍   | 250/391 [00:00<00:00, 14845.62it/s, Materializing param=encoder.layer.15.attention.self.key.bias]      
Loading weights:  64%|██████▍   | 250/391 [00:00<00:00, 14845.62it/s, Materializing param=encoder.layer.15.attention.self.key.bias]
Loading weights:  64%|██████▍   | 251/391 [00:00<00:00, 14905.00it/s, Materializing param=encoder.layer.15.attention.self.key.weight]
Loading weights:  64%|██████▍   | 251/391 [00:00<00:00, 14905.00it/s, Materializing param=encoder.layer.15.attention.self.key.weight]
Loading weights:  64%|██████▍   | 252/391 [00:00<00:00, 14964.39it/s, Materializing param=encoder.layer.15.attention.self.query.bias]
Loading weights:  64%|██████▍   | 252/391 [00:00<00:00, 14964.39it/s, Materializing param=encoder.layer.15.attention.self.query.bias]
Loading weights:  65%|██████▍   | 253/391 [00:00<00:00, 15023.77it/s, Materializing param=encoder.layer.15.attention.self.query.weight]
Loading weights:  65%|██████▍   | 253/391 [00:00<00:00, 15023.77it/s, Materializing param=encoder.layer.15.attention.self.query.weight]
Loading weights:  65%|██████▍   | 254/391 [00:00<00:00, 15083.15it/s, Materializing param=encoder.layer.15.attention.self.value.bias]  
Loading weights:  65%|██████▍   | 254/391 [00:00<00:00, 15083.15it/s, Materializing param=encoder.layer.15.attention.self.value.bias]
Loading weights:  65%|██████▌   | 255/391 [00:00<00:00, 15142.53it/s, Materializing param=encoder.layer.15.attention.self.value.weight]
Loading weights:  65%|██████▌   | 255/391 [00:00<00:00, 15142.53it/s, Materializing param=encoder.layer.15.attention.self.value.weight]
Loading weights:  65%|██████▌   | 256/391 [00:00<00:00, 15201.92it/s, Materializing param=encoder.layer.15.intermediate.dense.bias]    
Loading weights:  65%|██████▌   | 256/391 [00:00<00:00, 15201.92it/s, Materializing param=encoder.layer.15.intermediate.dense.bias]
Loading weights:  66%|██████▌   | 257/391 [00:00<00:00, 15261.30it/s, Materializing param=encoder.layer.15.intermediate.dense.weight]
Loading weights:  66%|██████▌   | 257/391 [00:00<00:00, 15261.30it/s, Materializing param=encoder.layer.15.intermediate.dense.weight]
Loading weights:  66%|██████▌   | 258/391 [00:00<00:00, 15320.68it/s, Materializing param=encoder.layer.15.output.LayerNorm.bias]    
Loading weights:  66%|██████▌   | 258/391 [00:00<00:00, 15320.68it/s, Materializing param=encoder.layer.15.output.LayerNorm.bias]
Loading weights:  66%|██████▌   | 259/391 [00:00<00:00, 15380.06it/s, Materializing param=encoder.layer.15.output.LayerNorm.weight]
Loading weights:  66%|██████▌   | 259/391 [00:00<00:00, 15380.06it/s, Materializing param=encoder.layer.15.output.LayerNorm.weight]
Loading weights:  66%|██████▋   | 260/391 [00:00<00:00, 15439.45it/s, Materializing param=encoder.layer.15.output.dense.bias]      
Loading weights:  66%|██████▋   | 260/391 [00:00<00:00, 15439.45it/s, Materializing param=encoder.layer.15.output.dense.bias]
Loading weights:  67%|██████▋   | 261/391 [00:00<00:00, 15498.83it/s, Materializing param=encoder.layer.15.output.dense.weight]
Loading weights:  67%|██████▋   | 261/391 [00:00<00:00, 15498.83it/s, Materializing param=encoder.layer.15.output.dense.weight]
Loading weights:  67%|██████▋   | 262/391 [00:00<00:00, 15558.21it/s, Materializing param=encoder.layer.16.attention.output.LayerNorm.bias]
Loading weights:  67%|██████▋   | 262/391 [00:00<00:00, 15558.21it/s, Materializing param=encoder.layer.16.attention.output.LayerNorm.bias]
Loading weights:  67%|██████▋   | 263/391 [00:00<00:00, 15617.59it/s, Materializing param=encoder.layer.16.attention.output.LayerNorm.weight]
Loading weights:  67%|██████▋   | 263/391 [00:00<00:00, 15617.59it/s, Materializing param=encoder.layer.16.attention.output.LayerNorm.weight]
Loading weights:  68%|██████▊   | 264/391 [00:00<00:00, 15676.98it/s, Materializing param=encoder.layer.16.attention.output.dense.bias]      
Loading weights:  68%|██████▊   | 264/391 [00:00<00:00, 15676.98it/s, Materializing param=encoder.layer.16.attention.output.dense.bias]
Loading weights:  68%|██████▊   | 265/391 [00:00<00:00, 15736.36it/s, Materializing param=encoder.layer.16.attention.output.dense.weight]
Loading weights:  68%|██████▊   | 265/391 [00:00<00:00, 15736.36it/s, Materializing param=encoder.layer.16.attention.output.dense.weight]
Loading weights:  68%|██████▊   | 266/391 [00:00<00:00, 15795.74it/s, Materializing param=encoder.layer.16.attention.self.key.bias]      
Loading weights:  68%|██████▊   | 266/391 [00:00<00:00, 15795.74it/s, Materializing param=encoder.layer.16.attention.self.key.bias]
Loading weights:  68%|██████▊   | 267/391 [00:00<00:00, 15855.12it/s, Materializing param=encoder.layer.16.attention.self.key.weight]
Loading weights:  68%|██████▊   | 267/391 [00:00<00:00, 15855.12it/s, Materializing param=encoder.layer.16.attention.self.key.weight]
Loading weights:  69%|██████▊   | 268/391 [00:00<00:00, 15914.51it/s, Materializing param=encoder.layer.16.attention.self.query.bias]
Loading weights:  69%|██████▊   | 268/391 [00:00<00:00, 15914.51it/s, Materializing param=encoder.layer.16.attention.self.query.bias]
Loading weights:  69%|██████▉   | 269/391 [00:00<00:00, 15973.89it/s, Materializing param=encoder.layer.16.attention.self.query.weight]
Loading weights:  69%|██████▉   | 269/391 [00:00<00:00, 15973.89it/s, Materializing param=encoder.layer.16.attention.self.query.weight]
Loading weights:  69%|██████▉   | 270/391 [00:00<00:00, 16033.27it/s, Materializing param=encoder.layer.16.attention.self.value.bias]  
Loading weights:  69%|██████▉   | 270/391 [00:00<00:00, 16033.27it/s, Materializing param=encoder.layer.16.attention.self.value.bias]
Loading weights:  69%|██████▉   | 271/391 [00:00<00:00, 16092.65it/s, Materializing param=encoder.layer.16.attention.self.value.weight]
Loading weights:  69%|██████▉   | 271/391 [00:00<00:00, 16092.65it/s, Materializing param=encoder.layer.16.attention.self.value.weight]
Loading weights:  70%|██████▉   | 272/391 [00:00<00:00, 16152.04it/s, Materializing param=encoder.layer.16.intermediate.dense.bias]    
Loading weights:  70%|██████▉   | 272/391 [00:00<00:00, 16152.04it/s, Materializing param=encoder.layer.16.intermediate.dense.bias]
Loading weights:  70%|██████▉   | 273/391 [00:00<00:00, 16211.42it/s, Materializing param=encoder.layer.16.intermediate.dense.weight]
Loading weights:  70%|██████▉   | 273/391 [00:00<00:00, 16211.42it/s, Materializing param=encoder.layer.16.intermediate.dense.weight]
Loading weights:  70%|███████   | 274/391 [00:00<00:00, 16270.80it/s, Materializing param=encoder.layer.16.output.LayerNorm.bias]    
Loading weights:  70%|███████   | 274/391 [00:00<00:00, 16270.80it/s, Materializing param=encoder.layer.16.output.LayerNorm.bias]
Loading weights:  70%|███████   | 275/391 [00:00<00:00, 16330.18it/s, Materializing param=encoder.layer.16.output.LayerNorm.weight]
Loading weights:  70%|███████   | 275/391 [00:00<00:00, 16330.18it/s, Materializing param=encoder.layer.16.output.LayerNorm.weight]
Loading weights:  71%|███████   | 276/391 [00:00<00:00, 16389.57it/s, Materializing param=encoder.layer.16.output.dense.bias]      
Loading weights:  71%|███████   | 276/391 [00:00<00:00, 16389.57it/s, Materializing param=encoder.layer.16.output.dense.bias]
Loading weights:  71%|███████   | 277/391 [00:00<00:00, 16448.95it/s, Materializing param=encoder.layer.16.output.dense.weight]
Loading weights:  71%|███████   | 277/391 [00:00<00:00, 16448.95it/s, Materializing param=encoder.layer.16.output.dense.weight]
Loading weights:  71%|███████   | 278/391 [00:00<00:00, 16508.33it/s, Materializing param=encoder.layer.17.attention.output.LayerNorm.bias]
Loading weights:  71%|███████   | 278/391 [00:00<00:00, 16508.33it/s, Materializing param=encoder.layer.17.attention.output.LayerNorm.bias]
Loading weights:  71%|███████▏  | 279/391 [00:00<00:00, 16567.71it/s, Materializing param=encoder.layer.17.attention.output.LayerNorm.weight]
Loading weights:  71%|███████▏  | 279/391 [00:00<00:00, 16567.71it/s, Materializing param=encoder.layer.17.attention.output.LayerNorm.weight]
Loading weights:  72%|███████▏  | 280/391 [00:00<00:00, 16627.10it/s, Materializing param=encoder.layer.17.attention.output.dense.bias]      
Loading weights:  72%|███████▏  | 280/391 [00:00<00:00, 16627.10it/s, Materializing param=encoder.layer.17.attention.output.dense.bias]
Loading weights:  72%|███████▏  | 281/391 [00:00<00:00, 16686.48it/s, Materializing param=encoder.layer.17.attention.output.dense.weight]
Loading weights:  72%|███████▏  | 281/391 [00:00<00:00, 16686.48it/s, Materializing param=encoder.layer.17.attention.output.dense.weight]
Loading weights:  72%|███████▏  | 282/391 [00:00<00:00, 16745.86it/s, Materializing param=encoder.layer.17.attention.self.key.bias]      
Loading weights:  72%|███████▏  | 282/391 [00:00<00:00, 16745.86it/s, Materializing param=encoder.layer.17.attention.self.key.bias]
Loading weights:  72%|███████▏  | 283/391 [00:00<00:00, 16805.24it/s, Materializing param=encoder.layer.17.attention.self.key.weight]
Loading weights:  72%|███████▏  | 283/391 [00:00<00:00, 16805.24it/s, Materializing param=encoder.layer.17.attention.self.key.weight]
Loading weights:  73%|███████▎  | 284/391 [00:00<00:00, 16864.63it/s, Materializing param=encoder.layer.17.attention.self.query.bias]
Loading weights:  73%|███████▎  | 284/391 [00:00<00:00, 16864.63it/s, Materializing param=encoder.layer.17.attention.self.query.bias]
Loading weights:  73%|███████▎  | 285/391 [00:00<00:00, 16924.01it/s, Materializing param=encoder.layer.17.attention.self.query.weight]
Loading weights:  73%|███████▎  | 285/391 [00:00<00:00, 16924.01it/s, Materializing param=encoder.layer.17.attention.self.query.weight]
Loading weights:  73%|███████▎  | 286/391 [00:00<00:00, 16983.39it/s, Materializing param=encoder.layer.17.attention.self.value.bias]  
Loading weights:  73%|███████▎  | 286/391 [00:00<00:00, 16983.39it/s, Materializing param=encoder.layer.17.attention.self.value.bias]
Loading weights:  73%|███████▎  | 287/391 [00:00<00:00, 17042.77it/s, Materializing param=encoder.layer.17.attention.self.value.weight]
Loading weights:  73%|███████▎  | 287/391 [00:00<00:00, 17042.77it/s, Materializing param=encoder.layer.17.attention.self.value.weight]
Loading weights:  74%|███████▎  | 288/391 [00:00<00:00, 17102.16it/s, Materializing param=encoder.layer.17.intermediate.dense.bias]    
Loading weights:  74%|███████▎  | 288/391 [00:00<00:00, 17102.16it/s, Materializing param=encoder.layer.17.intermediate.dense.bias]
Loading weights:  74%|███████▍  | 289/391 [00:00<00:00, 17161.54it/s, Materializing param=encoder.layer.17.intermediate.dense.weight]
Loading weights:  74%|███████▍  | 289/391 [00:00<00:00, 17161.54it/s, Materializing param=encoder.layer.17.intermediate.dense.weight]
Loading weights:  74%|███████▍  | 290/391 [00:00<00:00, 17220.92it/s, Materializing param=encoder.layer.17.output.LayerNorm.bias]    
Loading weights:  74%|███████▍  | 290/391 [00:00<00:00, 17220.92it/s, Materializing param=encoder.layer.17.output.LayerNorm.bias]
Loading weights:  74%|███████▍  | 291/391 [00:00<00:00, 17280.30it/s, Materializing param=encoder.layer.17.output.LayerNorm.weight]
Loading weights:  74%|███████▍  | 291/391 [00:00<00:00, 17280.30it/s, Materializing param=encoder.layer.17.output.LayerNorm.weight]
Loading weights:  75%|███████▍  | 292/391 [00:00<00:00, 17339.69it/s, Materializing param=encoder.layer.17.output.dense.bias]      
Loading weights:  75%|███████▍  | 292/391 [00:00<00:00, 17339.69it/s, Materializing param=encoder.layer.17.output.dense.bias]
Loading weights:  75%|███████▍  | 293/391 [00:00<00:00, 17399.07it/s, Materializing param=encoder.layer.17.output.dense.weight]
Loading weights:  75%|███████▍  | 293/391 [00:00<00:00, 17399.07it/s, Materializing param=encoder.layer.17.output.dense.weight]
Loading weights:  75%|███████▌  | 294/391 [00:00<00:00, 17458.45it/s, Materializing param=encoder.layer.18.attention.output.LayerNorm.bias]
Loading weights:  75%|███████▌  | 294/391 [00:00<00:00, 17458.45it/s, Materializing param=encoder.layer.18.attention.output.LayerNorm.bias]
Loading weights:  75%|███████▌  | 295/391 [00:00<00:00, 17517.83it/s, Materializing param=encoder.layer.18.attention.output.LayerNorm.weight]
Loading weights:  75%|███████▌  | 295/391 [00:00<00:00, 17517.83it/s, Materializing param=encoder.layer.18.attention.output.LayerNorm.weight]
Loading weights:  76%|███████▌  | 296/391 [00:00<00:00, 17577.22it/s, Materializing param=encoder.layer.18.attention.output.dense.bias]      
Loading weights:  76%|███████▌  | 296/391 [00:00<00:00, 17577.22it/s, Materializing param=encoder.layer.18.attention.output.dense.bias]
Loading weights:  76%|███████▌  | 297/391 [00:00<00:00, 17636.60it/s, Materializing param=encoder.layer.18.attention.output.dense.weight]
Loading weights:  76%|███████▌  | 297/391 [00:00<00:00, 17636.60it/s, Materializing param=encoder.layer.18.attention.output.dense.weight]
Loading weights:  76%|███████▌  | 298/391 [00:00<00:00, 17695.98it/s, Materializing param=encoder.layer.18.attention.self.key.bias]      
Loading weights:  76%|███████▌  | 298/391 [00:00<00:00, 17695.98it/s, Materializing param=encoder.layer.18.attention.self.key.bias]
Loading weights:  76%|███████▋  | 299/391 [00:00<00:00, 17755.36it/s, Materializing param=encoder.layer.18.attention.self.key.weight]
Loading weights:  76%|███████▋  | 299/391 [00:00<00:00, 17755.36it/s, Materializing param=encoder.layer.18.attention.self.key.weight]
Loading weights:  77%|███████▋  | 300/391 [00:00<00:00, 17814.75it/s, Materializing param=encoder.layer.18.attention.self.query.bias]
Loading weights:  77%|███████▋  | 300/391 [00:00<00:00, 17814.75it/s, Materializing param=encoder.layer.18.attention.self.query.bias]
Loading weights:  77%|███████▋  | 301/391 [00:00<00:00, 17874.13it/s, Materializing param=encoder.layer.18.attention.self.query.weight]
Loading weights:  77%|███████▋  | 301/391 [00:00<00:00, 17874.13it/s, Materializing param=encoder.layer.18.attention.self.query.weight]
Loading weights:  77%|███████▋  | 302/391 [00:00<00:00, 17933.51it/s, Materializing param=encoder.layer.18.attention.self.value.bias]  
Loading weights:  77%|███████▋  | 302/391 [00:00<00:00, 17933.51it/s, Materializing param=encoder.layer.18.attention.self.value.bias]
Loading weights:  77%|███████▋  | 303/391 [00:00<00:00, 17992.89it/s, Materializing param=encoder.layer.18.attention.self.value.weight]
Loading weights:  77%|███████▋  | 303/391 [00:00<00:00, 17992.89it/s, Materializing param=encoder.layer.18.attention.self.value.weight]
Loading weights:  78%|███████▊  | 304/391 [00:00<00:00, 18052.28it/s, Materializing param=encoder.layer.18.intermediate.dense.bias]    
Loading weights:  78%|███████▊  | 304/391 [00:00<00:00, 18052.28it/s, Materializing param=encoder.layer.18.intermediate.dense.bias]
Loading weights:  78%|███████▊  | 305/391 [00:00<00:00, 18111.66it/s, Materializing param=encoder.layer.18.intermediate.dense.weight]
Loading weights:  78%|███████▊  | 305/391 [00:00<00:00, 18111.66it/s, Materializing param=encoder.layer.18.intermediate.dense.weight]
Loading weights:  78%|███████▊  | 306/391 [00:00<00:00, 18171.04it/s, Materializing param=encoder.layer.18.output.LayerNorm.bias]    
Loading weights:  78%|███████▊  | 306/391 [00:00<00:00, 18171.04it/s, Materializing param=encoder.layer.18.output.LayerNorm.bias]
Loading weights:  79%|███████▊  | 307/391 [00:00<00:00, 18230.42it/s, Materializing param=encoder.layer.18.output.LayerNorm.weight]
Loading weights:  79%|███████▊  | 307/391 [00:00<00:00, 18230.42it/s, Materializing param=encoder.layer.18.output.LayerNorm.weight]
Loading weights:  79%|███████▉  | 308/391 [00:00<00:00, 18289.81it/s, Materializing param=encoder.layer.18.output.dense.bias]      
Loading weights:  79%|███████▉  | 308/391 [00:00<00:00, 18289.81it/s, Materializing param=encoder.layer.18.output.dense.bias]
Loading weights:  79%|███████▉  | 309/391 [00:00<00:00, 18349.19it/s, Materializing param=encoder.layer.18.output.dense.weight]
Loading weights:  79%|███████▉  | 309/391 [00:00<00:00, 18349.19it/s, Materializing param=encoder.layer.18.output.dense.weight]
Loading weights:  79%|███████▉  | 310/391 [00:00<00:00, 18408.57it/s, Materializing param=encoder.layer.19.attention.output.LayerNorm.bias]
Loading weights:  79%|███████▉  | 310/391 [00:00<00:00, 18408.57it/s, Materializing param=encoder.layer.19.attention.output.LayerNorm.bias]
Loading weights:  80%|███████▉  | 311/391 [00:00<00:00, 18467.95it/s, Materializing param=encoder.layer.19.attention.output.LayerNorm.weight]
Loading weights:  80%|███████▉  | 311/391 [00:00<00:00, 18467.95it/s, Materializing param=encoder.layer.19.attention.output.LayerNorm.weight]
Loading weights:  80%|███████▉  | 312/391 [00:00<00:00, 18527.34it/s, Materializing param=encoder.layer.19.attention.output.dense.bias]      
Loading weights:  80%|███████▉  | 312/391 [00:00<00:00, 18527.34it/s, Materializing param=encoder.layer.19.attention.output.dense.bias]
Loading weights:  80%|████████  | 313/391 [00:00<00:00, 18586.72it/s, Materializing param=encoder.layer.19.attention.output.dense.weight]
Loading weights:  80%|████████  | 313/391 [00:00<00:00, 18586.72it/s, Materializing param=encoder.layer.19.attention.output.dense.weight]
Loading weights:  80%|████████  | 314/391 [00:00<00:00, 18646.10it/s, Materializing param=encoder.layer.19.attention.self.key.bias]      
Loading weights:  80%|████████  | 314/391 [00:00<00:00, 18646.10it/s, Materializing param=encoder.layer.19.attention.self.key.bias]
Loading weights:  81%|████████  | 315/391 [00:00<00:00, 18705.48it/s, Materializing param=encoder.layer.19.attention.self.key.weight]
Loading weights:  81%|████████  | 315/391 [00:00<00:00, 18705.48it/s, Materializing param=encoder.layer.19.attention.self.key.weight]
Loading weights:  81%|████████  | 316/391 [00:00<00:00, 15686.51it/s, Materializing param=encoder.layer.19.attention.self.query.bias]
Loading weights:  81%|████████  | 316/391 [00:00<00:00, 15686.51it/s, Materializing param=encoder.layer.19.attention.self.query.bias]
Loading weights:  81%|████████  | 317/391 [00:00<00:00, 15736.15it/s, Materializing param=encoder.layer.19.attention.self.query.weight]
Loading weights:  81%|████████  | 317/391 [00:00<00:00, 15736.15it/s, Materializing param=encoder.layer.19.attention.self.query.weight]
Loading weights:  81%|████████▏ | 318/391 [00:00<00:00, 15785.79it/s, Materializing param=encoder.layer.19.attention.self.value.bias]  
Loading weights:  81%|████████▏ | 318/391 [00:00<00:00, 15785.79it/s, Materializing param=encoder.layer.19.attention.self.value.bias]
Loading weights:  82%|████████▏ | 319/391 [00:00<00:00, 15835.43it/s, Materializing param=encoder.layer.19.attention.self.value.weight]
Loading weights:  82%|████████▏ | 319/391 [00:00<00:00, 15835.43it/s, Materializing param=encoder.layer.19.attention.self.value.weight]
Loading weights:  82%|████████▏ | 320/391 [00:00<00:00, 15885.07it/s, Materializing param=encoder.layer.19.intermediate.dense.bias]    
Loading weights:  82%|████████▏ | 320/391 [00:00<00:00, 15885.07it/s, Materializing param=encoder.layer.19.intermediate.dense.bias]
Loading weights:  82%|████████▏ | 321/391 [00:00<00:00, 15934.71it/s, Materializing param=encoder.layer.19.intermediate.dense.weight]
Loading weights:  82%|████████▏ | 321/391 [00:00<00:00, 15934.71it/s, Materializing param=encoder.layer.19.intermediate.dense.weight]
Loading weights:  82%|████████▏ | 322/391 [00:00<00:00, 15984.35it/s, Materializing param=encoder.layer.19.output.LayerNorm.bias]    
Loading weights:  82%|████████▏ | 322/391 [00:00<00:00, 15984.35it/s, Materializing param=encoder.layer.19.output.LayerNorm.bias]
Loading weights:  83%|████████▎ | 323/391 [00:00<00:00, 16033.99it/s, Materializing param=encoder.layer.19.output.LayerNorm.weight]
Loading weights:  83%|████████▎ | 323/391 [00:00<00:00, 16033.99it/s, Materializing param=encoder.layer.19.output.LayerNorm.weight]
Loading weights:  83%|████████▎ | 324/391 [00:00<00:00, 16083.63it/s, Materializing param=encoder.layer.19.output.dense.bias]      
Loading weights:  83%|████████▎ | 324/391 [00:00<00:00, 16083.63it/s, Materializing param=encoder.layer.19.output.dense.bias]
Loading weights:  83%|████████▎ | 325/391 [00:00<00:00, 16133.27it/s, Materializing param=encoder.layer.19.output.dense.weight]
Loading weights:  83%|████████▎ | 325/391 [00:00<00:00, 16133.27it/s, Materializing param=encoder.layer.19.output.dense.weight]
Loading weights:  83%|████████▎ | 326/391 [00:00<00:00, 16182.92it/s, Materializing param=encoder.layer.20.attention.output.LayerNorm.bias]
Loading weights:  83%|████████▎ | 326/391 [00:00<00:00, 16182.92it/s, Materializing param=encoder.layer.20.attention.output.LayerNorm.bias]
Loading weights:  84%|████████▎ | 327/391 [00:00<00:00, 15809.68it/s, Materializing param=encoder.layer.20.attention.output.LayerNorm.weight]
Loading weights:  84%|████████▎ | 327/391 [00:00<00:00, 15809.68it/s, Materializing param=encoder.layer.20.attention.output.LayerNorm.weight]
Loading weights:  84%|████████▍ | 328/391 [00:00<00:00, 15858.03it/s, Materializing param=encoder.layer.20.attention.output.dense.bias]      
Loading weights:  84%|████████▍ | 328/391 [00:00<00:00, 15858.03it/s, Materializing param=encoder.layer.20.attention.output.dense.bias]
Loading weights:  84%|████████▍ | 329/391 [00:00<00:00, 15906.38it/s, Materializing param=encoder.layer.20.attention.output.dense.weight]
Loading weights:  84%|████████▍ | 329/391 [00:00<00:00, 15906.38it/s, Materializing param=encoder.layer.20.attention.output.dense.weight]
Loading weights:  84%|████████▍ | 330/391 [00:00<00:00, 15954.73it/s, Materializing param=encoder.layer.20.attention.self.key.bias]      
Loading weights:  84%|████████▍ | 330/391 [00:00<00:00, 15954.73it/s, Materializing param=encoder.layer.20.attention.self.key.bias]
Loading weights:  85%|████████▍ | 331/391 [00:00<00:00, 16003.07it/s, Materializing param=encoder.layer.20.attention.self.key.weight]
Loading weights:  85%|████████▍ | 331/391 [00:00<00:00, 16003.07it/s, Materializing param=encoder.layer.20.attention.self.key.weight]
Loading weights:  85%|████████▍ | 332/391 [00:00<00:00, 16051.42it/s, Materializing param=encoder.layer.20.attention.self.query.bias]
Loading weights:  85%|████████▍ | 332/391 [00:00<00:00, 16051.42it/s, Materializing param=encoder.layer.20.attention.self.query.bias]
Loading weights:  85%|████████▌ | 333/391 [00:00<00:00, 16099.77it/s, Materializing param=encoder.layer.20.attention.self.query.weight]
Loading weights:  85%|████████▌ | 333/391 [00:00<00:00, 16099.77it/s, Materializing param=encoder.layer.20.attention.self.query.weight]
Loading weights:  85%|████████▌ | 334/391 [00:00<00:00, 16148.12it/s, Materializing param=encoder.layer.20.attention.self.value.bias]  
Loading weights:  85%|████████▌ | 334/391 [00:00<00:00, 16148.12it/s, Materializing param=encoder.layer.20.attention.self.value.bias]
Loading weights:  86%|████████▌ | 335/391 [00:00<00:00, 16196.46it/s, Materializing param=encoder.layer.20.attention.self.value.weight]
Loading weights:  86%|████████▌ | 335/391 [00:00<00:00, 16196.46it/s, Materializing param=encoder.layer.20.attention.self.value.weight]
Loading weights:  86%|████████▌ | 336/391 [00:00<00:00, 16244.81it/s, Materializing param=encoder.layer.20.intermediate.dense.bias]    
Loading weights:  86%|████████▌ | 336/391 [00:00<00:00, 16244.81it/s, Materializing param=encoder.layer.20.intermediate.dense.bias]
Loading weights:  86%|████████▌ | 337/391 [00:00<00:00, 16293.16it/s, Materializing param=encoder.layer.20.intermediate.dense.weight]
Loading weights:  86%|████████▌ | 337/391 [00:00<00:00, 16293.16it/s, Materializing param=encoder.layer.20.intermediate.dense.weight]
Loading weights:  86%|████████▋ | 338/391 [00:00<00:00, 16341.51it/s, Materializing param=encoder.layer.20.output.LayerNorm.bias]    
Loading weights:  86%|████████▋ | 338/391 [00:00<00:00, 16341.51it/s, Materializing param=encoder.layer.20.output.LayerNorm.bias]
Loading weights:  87%|████████▋ | 339/391 [00:00<00:00, 16389.85it/s, Materializing param=encoder.layer.20.output.LayerNorm.weight]
Loading weights:  87%|████████▋ | 339/391 [00:00<00:00, 16389.85it/s, Materializing param=encoder.layer.20.output.LayerNorm.weight]
Loading weights:  87%|████████▋ | 340/391 [00:00<00:00, 16438.20it/s, Materializing param=encoder.layer.20.output.dense.bias]      
Loading weights:  87%|████████▋ | 340/391 [00:00<00:00, 16438.20it/s, Materializing param=encoder.layer.20.output.dense.bias]
Loading weights:  87%|████████▋ | 341/391 [00:00<00:00, 16486.55it/s, Materializing param=encoder.layer.20.output.dense.weight]
Loading weights:  87%|████████▋ | 341/391 [00:00<00:00, 16486.55it/s, Materializing param=encoder.layer.20.output.dense.weight]
Loading weights:  87%|████████▋ | 342/391 [00:00<00:00, 16534.90it/s, Materializing param=encoder.layer.21.attention.output.LayerNorm.bias]
Loading weights:  87%|████████▋ | 342/391 [00:00<00:00, 16534.90it/s, Materializing param=encoder.layer.21.attention.output.LayerNorm.bias]
Loading weights:  88%|████████▊ | 343/391 [00:00<00:00, 16583.25it/s, Materializing param=encoder.layer.21.attention.output.LayerNorm.weight]
Loading weights:  88%|████████▊ | 343/391 [00:00<00:00, 16583.25it/s, Materializing param=encoder.layer.21.attention.output.LayerNorm.weight]
Loading weights:  88%|████████▊ | 344/391 [00:00<00:00, 16631.59it/s, Materializing param=encoder.layer.21.attention.output.dense.bias]      
Loading weights:  88%|████████▊ | 344/391 [00:00<00:00, 16631.59it/s, Materializing param=encoder.layer.21.attention.output.dense.bias]
Loading weights:  88%|████████▊ | 345/391 [00:00<00:00, 16679.94it/s, Materializing param=encoder.layer.21.attention.output.dense.weight]
Loading weights:  88%|████████▊ | 345/391 [00:00<00:00, 16679.94it/s, Materializing param=encoder.layer.21.attention.output.dense.weight]
Loading weights:  88%|████████▊ | 346/391 [00:00<00:00, 16728.29it/s, Materializing param=encoder.layer.21.attention.self.key.bias]      
Loading weights:  88%|████████▊ | 346/391 [00:00<00:00, 16728.29it/s, Materializing param=encoder.layer.21.attention.self.key.bias]
Loading weights:  89%|████████▊ | 347/391 [00:00<00:00, 16776.64it/s, Materializing param=encoder.layer.21.attention.self.key.weight]
Loading weights:  89%|████████▊ | 347/391 [00:00<00:00, 16776.64it/s, Materializing param=encoder.layer.21.attention.self.key.weight]
Loading weights:  89%|████████▉ | 348/391 [00:00<00:00, 16824.98it/s, Materializing param=encoder.layer.21.attention.self.query.bias]
Loading weights:  89%|████████▉ | 348/391 [00:00<00:00, 16824.98it/s, Materializing param=encoder.layer.21.attention.self.query.bias]
Loading weights:  89%|████████▉ | 349/391 [00:00<00:00, 16873.33it/s, Materializing param=encoder.layer.21.attention.self.query.weight]
Loading weights:  89%|████████▉ | 349/391 [00:00<00:00, 16873.33it/s, Materializing param=encoder.layer.21.attention.self.query.weight]
Loading weights:  90%|████████▉ | 350/391 [00:00<00:00, 16921.68it/s, Materializing param=encoder.layer.21.attention.self.value.bias]  
Loading weights:  90%|████████▉ | 350/391 [00:00<00:00, 16921.68it/s, Materializing param=encoder.layer.21.attention.self.value.bias]
Loading weights:  90%|████████▉ | 351/391 [00:00<00:00, 16970.03it/s, Materializing param=encoder.layer.21.attention.self.value.weight]
Loading weights:  90%|████████▉ | 351/391 [00:00<00:00, 16970.03it/s, Materializing param=encoder.layer.21.attention.self.value.weight]
Loading weights:  90%|█████████ | 352/391 [00:00<00:00, 17018.37it/s, Materializing param=encoder.layer.21.intermediate.dense.bias]    
Loading weights:  90%|█████████ | 352/391 [00:00<00:00, 17018.37it/s, Materializing param=encoder.layer.21.intermediate.dense.bias]
Loading weights:  90%|█████████ | 353/391 [00:00<00:00, 17066.72it/s, Materializing param=encoder.layer.21.intermediate.dense.weight]
Loading weights:  90%|█████████ | 353/391 [00:00<00:00, 17066.72it/s, Materializing param=encoder.layer.21.intermediate.dense.weight]
Loading weights:  91%|█████████ | 354/391 [00:00<00:00, 17115.07it/s, Materializing param=encoder.layer.21.output.LayerNorm.bias]    
Loading weights:  91%|█████████ | 354/391 [00:00<00:00, 17115.07it/s, Materializing param=encoder.layer.21.output.LayerNorm.bias]
Loading weights:  91%|█████████ | 355/391 [00:00<00:00, 17163.42it/s, Materializing param=encoder.layer.21.output.LayerNorm.weight]
Loading weights:  91%|█████████ | 355/391 [00:00<00:00, 17163.42it/s, Materializing param=encoder.layer.21.output.LayerNorm.weight]
Loading weights:  91%|█████████ | 356/391 [00:00<00:00, 17211.76it/s, Materializing param=encoder.layer.21.output.dense.bias]      
Loading weights:  91%|█████████ | 356/391 [00:00<00:00, 17211.76it/s, Materializing param=encoder.layer.21.output.dense.bias]
Loading weights:  91%|█████████▏| 357/391 [00:00<00:00, 17260.11it/s, Materializing param=encoder.layer.21.output.dense.weight]
Loading weights:  91%|█████████▏| 357/391 [00:00<00:00, 17260.11it/s, Materializing param=encoder.layer.21.output.dense.weight]
Loading weights:  92%|█████████▏| 358/391 [00:00<00:00, 17308.46it/s, Materializing param=encoder.layer.22.attention.output.LayerNorm.bias]
Loading weights:  92%|█████████▏| 358/391 [00:00<00:00, 17308.46it/s, Materializing param=encoder.layer.22.attention.output.LayerNorm.bias]
Loading weights:  92%|█████████▏| 359/391 [00:00<00:00, 17356.81it/s, Materializing param=encoder.layer.22.attention.output.LayerNorm.weight]
Loading weights:  92%|█████████▏| 359/391 [00:00<00:00, 17356.81it/s, Materializing param=encoder.layer.22.attention.output.LayerNorm.weight]
Loading weights:  92%|█████████▏| 360/391 [00:00<00:00, 17405.16it/s, Materializing param=encoder.layer.22.attention.output.dense.bias]      
Loading weights:  92%|█████████▏| 360/391 [00:00<00:00, 17405.16it/s, Materializing param=encoder.layer.22.attention.output.dense.bias]
Loading weights:  92%|█████████▏| 361/391 [00:00<00:00, 17453.50it/s, Materializing param=encoder.layer.22.attention.output.dense.weight]
Loading weights:  92%|█████████▏| 361/391 [00:00<00:00, 17453.50it/s, Materializing param=encoder.layer.22.attention.output.dense.weight]
Loading weights:  93%|█████████▎| 362/391 [00:00<00:00, 17501.85it/s, Materializing param=encoder.layer.22.attention.self.key.bias]      
Loading weights:  93%|█████████▎| 362/391 [00:00<00:00, 17501.85it/s, Materializing param=encoder.layer.22.attention.self.key.bias]
Loading weights:  93%|█████████▎| 363/391 [00:00<00:00, 17550.20it/s, Materializing param=encoder.layer.22.attention.self.key.weight]
Loading weights:  93%|█████████▎| 363/391 [00:00<00:00, 17550.20it/s, Materializing param=encoder.layer.22.attention.self.key.weight]
Loading weights:  93%|█████████▎| 364/391 [00:00<00:00, 17598.55it/s, Materializing param=encoder.layer.22.attention.self.query.bias]
Loading weights:  93%|█████████▎| 364/391 [00:00<00:00, 17598.55it/s, Materializing param=encoder.layer.22.attention.self.query.bias]
Loading weights:  93%|█████████▎| 365/391 [00:00<00:00, 17646.89it/s, Materializing param=encoder.layer.22.attention.self.query.weight]
Loading weights:  93%|█████████▎| 365/391 [00:00<00:00, 17646.89it/s, Materializing param=encoder.layer.22.attention.self.query.weight]
Loading weights:  94%|█████████▎| 366/391 [00:00<00:00, 17695.24it/s, Materializing param=encoder.layer.22.attention.self.value.bias]  
Loading weights:  94%|█████████▎| 366/391 [00:00<00:00, 17695.24it/s, Materializing param=encoder.layer.22.attention.self.value.bias]
Loading weights:  94%|█████████▍| 367/391 [00:00<00:00, 17743.59it/s, Materializing param=encoder.layer.22.attention.self.value.weight]
Loading weights:  94%|█████████▍| 367/391 [00:00<00:00, 17743.59it/s, Materializing param=encoder.layer.22.attention.self.value.weight]
Loading weights:  94%|█████████▍| 368/391 [00:00<00:00, 17791.94it/s, Materializing param=encoder.layer.22.intermediate.dense.bias]    
Loading weights:  94%|█████████▍| 368/391 [00:00<00:00, 17791.94it/s, Materializing param=encoder.layer.22.intermediate.dense.bias]
Loading weights:  94%|█████████▍| 369/391 [00:00<00:00, 17840.28it/s, Materializing param=encoder.layer.22.intermediate.dense.weight]
Loading weights:  94%|█████████▍| 369/391 [00:00<00:00, 17840.28it/s, Materializing param=encoder.layer.22.intermediate.dense.weight]
Loading weights:  95%|█████████▍| 370/391 [00:00<00:00, 17888.63it/s, Materializing param=encoder.layer.22.output.LayerNorm.bias]    
Loading weights:  95%|█████████▍| 370/391 [00:00<00:00, 17888.63it/s, Materializing param=encoder.layer.22.output.LayerNorm.bias]
Loading weights:  95%|█████████▍| 371/391 [00:00<00:00, 17936.98it/s, Materializing param=encoder.layer.22.output.LayerNorm.weight]
Loading weights:  95%|█████████▍| 371/391 [00:00<00:00, 17936.98it/s, Materializing param=encoder.layer.22.output.LayerNorm.weight]
Loading weights:  95%|█████████▌| 372/391 [00:00<00:00, 17985.33it/s, Materializing param=encoder.layer.22.output.dense.bias]      
Loading weights:  95%|█████████▌| 372/391 [00:00<00:00, 17985.33it/s, Materializing param=encoder.layer.22.output.dense.bias]
Loading weights:  95%|█████████▌| 373/391 [00:00<00:00, 18033.67it/s, Materializing param=encoder.layer.22.output.dense.weight]
Loading weights:  95%|█████████▌| 373/391 [00:00<00:00, 18033.67it/s, Materializing param=encoder.layer.22.output.dense.weight]
Loading weights:  96%|█████████▌| 374/391 [00:00<00:00, 18082.02it/s, Materializing param=encoder.layer.23.attention.output.LayerNorm.bias]
Loading weights:  96%|█████████▌| 374/391 [00:00<00:00, 18082.02it/s, Materializing param=encoder.layer.23.attention.output.LayerNorm.bias]
Loading weights:  96%|█████████▌| 375/391 [00:00<00:00, 18130.37it/s, Materializing param=encoder.layer.23.attention.output.LayerNorm.weight]
Loading weights:  96%|█████████▌| 375/391 [00:00<00:00, 18130.37it/s, Materializing param=encoder.layer.23.attention.output.LayerNorm.weight]
Loading weights:  96%|█████████▌| 376/391 [00:00<00:00, 18178.72it/s, Materializing param=encoder.layer.23.attention.output.dense.bias]      
Loading weights:  96%|█████████▌| 376/391 [00:00<00:00, 18178.72it/s, Materializing param=encoder.layer.23.attention.output.dense.bias]
Loading weights:  96%|█████████▋| 377/391 [00:00<00:00, 18227.07it/s, Materializing param=encoder.layer.23.attention.output.dense.weight]
Loading weights:  96%|█████████▋| 377/391 [00:00<00:00, 18227.07it/s, Materializing param=encoder.layer.23.attention.output.dense.weight]
Loading weights:  97%|█████████▋| 378/391 [00:00<00:00, 18275.41it/s, Materializing param=encoder.layer.23.attention.self.key.bias]      
Loading weights:  97%|█████████▋| 378/391 [00:00<00:00, 18275.41it/s, Materializing param=encoder.layer.23.attention.self.key.bias]
Loading weights:  97%|█████████▋| 379/391 [00:00<00:00, 18323.76it/s, Materializing param=encoder.layer.23.attention.self.key.weight]
Loading weights:  97%|█████████▋| 379/391 [00:00<00:00, 18323.76it/s, Materializing param=encoder.layer.23.attention.self.key.weight]
Loading weights:  97%|█████████▋| 380/391 [00:00<00:00, 18372.11it/s, Materializing param=encoder.layer.23.attention.self.query.bias]
Loading weights:  97%|█████████▋| 380/391 [00:00<00:00, 18372.11it/s, Materializing param=encoder.layer.23.attention.self.query.bias]
Loading weights:  97%|█████████▋| 381/391 [00:00<00:00, 18420.46it/s, Materializing param=encoder.layer.23.attention.self.query.weight]
Loading weights:  97%|█████████▋| 381/391 [00:00<00:00, 18420.46it/s, Materializing param=encoder.layer.23.attention.self.query.weight]
Loading weights:  98%|█████████▊| 382/391 [00:00<00:00, 18468.80it/s, Materializing param=encoder.layer.23.attention.self.value.bias]  
Loading weights:  98%|█████████▊| 382/391 [00:00<00:00, 18468.80it/s, Materializing param=encoder.layer.23.attention.self.value.bias]
Loading weights:  98%|█████████▊| 383/391 [00:00<00:00, 18517.15it/s, Materializing param=encoder.layer.23.attention.self.value.weight]
Loading weights:  98%|█████████▊| 383/391 [00:00<00:00, 18517.15it/s, Materializing param=encoder.layer.23.attention.self.value.weight]
Loading weights:  98%|█████████▊| 384/391 [00:00<00:00, 18565.50it/s, Materializing param=encoder.layer.23.intermediate.dense.bias]    
Loading weights:  98%|█████████▊| 384/391 [00:00<00:00, 18565.50it/s, Materializing param=encoder.layer.23.intermediate.dense.bias]
Loading weights:  98%|█████████▊| 385/391 [00:00<00:00, 18613.85it/s, Materializing param=encoder.layer.23.intermediate.dense.weight]
Loading weights:  98%|█████████▊| 385/391 [00:00<00:00, 18613.85it/s, Materializing param=encoder.layer.23.intermediate.dense.weight]
Loading weights:  99%|█████████▊| 386/391 [00:00<00:00, 18662.19it/s, Materializing param=encoder.layer.23.output.LayerNorm.bias]    
Loading weights:  99%|█████████▊| 386/391 [00:00<00:00, 18662.19it/s, Materializing param=encoder.layer.23.output.LayerNorm.bias]
Loading weights:  99%|█████████▉| 387/391 [00:00<00:00, 18710.54it/s, Materializing param=encoder.layer.23.output.LayerNorm.weight]
Loading weights:  99%|█████████▉| 387/391 [00:00<00:00, 18710.54it/s, Materializing param=encoder.layer.23.output.LayerNorm.weight]
Loading weights:  99%|█████████▉| 388/391 [00:00<00:00, 18758.89it/s, Materializing param=encoder.layer.23.output.dense.bias]      
Loading weights:  99%|█████████▉| 388/391 [00:00<00:00, 18758.89it/s, Materializing param=encoder.layer.23.output.dense.bias]
Loading weights:  99%|█████████▉| 389/391 [00:00<00:00, 18807.24it/s, Materializing param=encoder.layer.23.output.dense.weight]
Loading weights:  99%|█████████▉| 389/391 [00:00<00:00, 18807.24it/s, Materializing param=encoder.layer.23.output.dense.weight]
Loading weights: 100%|█████████▉| 390/391 [00:00<00:00, 18855.58it/s, Materializing param=pooler.dense.bias]                   
Loading weights: 100%|█████████▉| 390/391 [00:00<00:00, 18855.58it/s, Materializing param=pooler.dense.bias]
Loading weights: 100%|██████████| 391/391 [00:00<00:00, 18903.93it/s, Materializing param=pooler.dense.weight]
Loading weights: 100%|██████████| 391/391 [00:00<00:00, 18903.93it/s, Materializing param=pooler.dense.weight]
Loading weights: 100%|██████████| 391/391 [00:00<00:00, 18903.93it/s, Materializing param=pooler.dense.weight]

Processing: 0item [00:00, ?item/s]
Processing: 0item [00:00, ?item/s]

Processing: 0item [00:00, ?item/s]
Processing: 0item [00:00, ?item/s]

Processing: 0item [00:00, ?item/s]
Processing: 0item [00:00, ?item/s]

Processing: 0item [00:00, ?item/s]
Processing: 0item [00:00, ?item/s]

Processing: 0item [00:00, ?item/s]
Processing: 0item [00:00, ?item/s]

Processing: 0item [00:00, ?item/s]
Processing: 0item [00:00, ?item/s]

Processing: 0item [00:00, ?item/s]
Processing: 0item [00:00, ?item/s]

Processing:   0%|          | 0/4 [00:00<?, ?item/s]
Processing: 100%|██████████| 4/4 [00:00<?, ?item/s]

Loading weights:   0%|          | 0/391 [00:00<?, ?it/s]
Loading weights:   0%|          | 1/391 [00:00<?, ?it/s, Materializing param=embeddings.LayerNorm.bias]
Loading weights:   0%|          | 1/391 [00:00<00:00, 499.14it/s, Materializing param=embeddings.LayerNorm.bias]
Loading weights:   1%|          | 2/391 [00:00<00:00, 998.29it/s, Materializing param=embeddings.LayerNorm.weight]
Loading weights:   1%|          | 2/391 [00:00<00:00, 998.29it/s, Materializing param=embeddings.LayerNorm.weight]
Loading weights:   1%|          | 3/391 [00:00<00:00, 1497.43it/s, Materializing param=embeddings.position_embeddings.weight]
Loading weights:   1%|          | 3/391 [00:00<00:00, 1497.43it/s, Materializing param=embeddings.position_embeddings.weight]
Loading weights:   1%|          | 4/391 [00:00<00:00, 1996.57it/s, Materializing param=embeddings.token_type_embeddings.weight]
Loading weights:   1%|          | 4/391 [00:00<00:00, 1996.57it/s, Materializing param=embeddings.token_type_embeddings.weight]
Loading weights:   1%|▏         | 5/391 [00:00<00:00, 2495.72it/s, Materializing param=embeddings.word_embeddings.weight]      
Loading weights:   1%|▏         | 5/391 [00:00<00:00, 2495.72it/s, Materializing param=embeddings.word_embeddings.weight]
Loading weights:   2%|▏         | 6/391 [00:00<00:00, 883.38it/s, Materializing param=encoder.layer.0.attention.output.LayerNorm.bias]
Loading weights:   2%|▏         | 6/391 [00:00<00:00, 883.38it/s, Materializing param=encoder.layer.0.attention.output.LayerNorm.bias]
Loading weights:   2%|▏         | 7/391 [00:00<00:00, 1030.61it/s, Materializing param=encoder.layer.0.attention.output.LayerNorm.weight]
Loading weights:   2%|▏         | 7/391 [00:00<00:00, 978.80it/s, Materializing param=encoder.layer.0.attention.output.LayerNorm.weight] 
Loading weights:   2%|▏         | 8/391 [00:00<00:00, 1118.63it/s, Materializing param=encoder.layer.0.attention.output.dense.bias]     
Loading weights:   2%|▏         | 8/391 [00:00<00:00, 1118.63it/s, Materializing param=encoder.layer.0.attention.output.dense.bias]
Loading weights:   2%|▏         | 9/391 [00:00<00:00, 1258.46it/s, Materializing param=encoder.layer.0.attention.output.dense.weight]
Loading weights:   2%|▏         | 9/391 [00:00<00:00, 1258.46it/s, Materializing param=encoder.layer.0.attention.output.dense.weight]
Loading weights:   3%|▎         | 10/391 [00:00<00:00, 1398.29it/s, Materializing param=encoder.layer.0.attention.self.key.bias]     
Loading weights:   3%|▎         | 10/391 [00:00<00:00, 1398.29it/s, Materializing param=encoder.layer.0.attention.self.key.bias]
Loading weights:   3%|▎         | 11/391 [00:00<00:00, 1538.12it/s, Materializing param=encoder.layer.0.attention.self.key.weight]
Loading weights:   3%|▎         | 11/391 [00:00<00:00, 1538.12it/s, Materializing param=encoder.layer.0.attention.self.key.weight]
Loading weights:   3%|▎         | 12/391 [00:00<00:00, 437.98it/s, Materializing param=encoder.layer.0.attention.self.query.bias] 
Loading weights:   3%|▎         | 12/391 [00:00<00:00, 437.98it/s, Materializing param=encoder.layer.0.attention.self.query.bias]
Loading weights:   3%|▎         | 13/391 [00:00<00:00, 474.48it/s, Materializing param=encoder.layer.0.attention.self.query.weight]
Loading weights:   3%|▎         | 13/391 [00:00<00:00, 474.48it/s, Materializing param=encoder.layer.0.attention.self.query.weight]
Loading weights:   4%|▎         | 14/391 [00:00<00:00, 510.98it/s, Materializing param=encoder.layer.0.attention.self.value.bias]  
Loading weights:   4%|▎         | 14/391 [00:00<00:00, 510.98it/s, Materializing param=encoder.layer.0.attention.self.value.bias]
Loading weights:   4%|▍         | 15/391 [00:00<00:00, 547.48it/s, Materializing param=encoder.layer.0.attention.self.value.weight]
Loading weights:   4%|▍         | 15/391 [00:00<00:00, 547.48it/s, Materializing param=encoder.layer.0.attention.self.value.weight]
Loading weights:   4%|▍         | 16/391 [00:00<00:00, 583.98it/s, Materializing param=encoder.layer.0.intermediate.dense.bias]    
Loading weights:   4%|▍         | 16/391 [00:00<00:00, 583.98it/s, Materializing param=encoder.layer.0.intermediate.dense.bias]
Loading weights:   4%|▍         | 17/391 [00:00<00:00, 620.48it/s, Materializing param=encoder.layer.0.intermediate.dense.weight]
Loading weights:   4%|▍         | 17/391 [00:00<00:00, 620.48it/s, Materializing param=encoder.layer.0.intermediate.dense.weight]
Loading weights:   5%|▍         | 18/391 [00:00<00:00, 656.97it/s, Materializing param=encoder.layer.0.output.LayerNorm.bias]    
Loading weights:   5%|▍         | 18/391 [00:00<00:00, 656.97it/s, Materializing param=encoder.layer.0.output.LayerNorm.bias]
Loading weights:   5%|▍         | 19/391 [00:00<00:00, 693.47it/s, Materializing param=encoder.layer.0.output.LayerNorm.weight]
Loading weights:   5%|▍         | 19/391 [00:00<00:00, 693.47it/s, Materializing param=encoder.layer.0.output.LayerNorm.weight]
Loading weights:   5%|▌         | 20/391 [00:00<00:00, 729.97it/s, Materializing param=encoder.layer.0.output.dense.bias]      
Loading weights:   5%|▌         | 20/391 [00:00<00:00, 680.21it/s, Materializing param=encoder.layer.0.output.dense.bias]
Loading weights:   5%|▌         | 21/391 [00:00<00:00, 714.22it/s, Materializing param=encoder.layer.0.output.dense.weight]
Loading weights:   5%|▌         | 21/391 [00:00<00:00, 714.22it/s, Materializing param=encoder.layer.0.output.dense.weight]
Loading weights:   6%|▌         | 22/391 [00:00<00:00, 748.23it/s, Materializing param=encoder.layer.1.attention.output.LayerNorm.bias]
Loading weights:   6%|▌         | 22/391 [00:00<00:00, 748.23it/s, Materializing param=encoder.layer.1.attention.output.LayerNorm.bias]
Loading weights:   6%|▌         | 23/391 [00:00<00:00, 782.24it/s, Materializing param=encoder.layer.1.attention.output.LayerNorm.weight]
Loading weights:   6%|▌         | 23/391 [00:00<00:00, 782.24it/s, Materializing param=encoder.layer.1.attention.output.LayerNorm.weight]
Loading weights:   6%|▌         | 24/391 [00:00<00:00, 816.25it/s, Materializing param=encoder.layer.1.attention.output.dense.bias]      
Loading weights:   6%|▌         | 24/391 [00:00<00:00, 816.25it/s, Materializing param=encoder.layer.1.attention.output.dense.bias]
Loading weights:   6%|▋         | 25/391 [00:00<00:00, 850.26it/s, Materializing param=encoder.layer.1.attention.output.dense.weight]
Loading weights:   6%|▋         | 25/391 [00:00<00:00, 850.26it/s, Materializing param=encoder.layer.1.attention.output.dense.weight]
Loading weights:   7%|▋         | 26/391 [00:00<00:00, 884.27it/s, Materializing param=encoder.layer.1.attention.self.key.bias]      
Loading weights:   7%|▋         | 26/391 [00:00<00:00, 884.27it/s, Materializing param=encoder.layer.1.attention.self.key.bias]
Loading weights:   7%|▋         | 27/391 [00:00<00:00, 918.28it/s, Materializing param=encoder.layer.1.attention.self.key.weight]
Loading weights:   7%|▋         | 27/391 [00:00<00:00, 918.28it/s, Materializing param=encoder.layer.1.attention.self.key.weight]
Loading weights:   7%|▋         | 28/391 [00:00<00:00, 952.29it/s, Materializing param=encoder.layer.1.attention.self.query.bias]
Loading weights:   7%|▋         | 28/391 [00:00<00:00, 952.29it/s, Materializing param=encoder.layer.1.attention.self.query.bias]
Loading weights:   7%|▋         | 29/391 [00:00<00:00, 986.30it/s, Materializing param=encoder.layer.1.attention.self.query.weight]
Loading weights:   7%|▋         | 29/391 [00:00<00:00, 986.30it/s, Materializing param=encoder.layer.1.attention.self.query.weight]
Loading weights:   8%|▊         | 30/391 [00:00<00:00, 1020.31it/s, Materializing param=encoder.layer.1.attention.self.value.bias] 
Loading weights:   8%|▊         | 30/391 [00:00<00:00, 1020.31it/s, Materializing param=encoder.layer.1.attention.self.value.bias]
Loading weights:   8%|▊         | 31/391 [00:00<00:00, 1054.32it/s, Materializing param=encoder.layer.1.attention.self.value.weight]
Loading weights:   8%|▊         | 31/391 [00:00<00:00, 1054.32it/s, Materializing param=encoder.layer.1.attention.self.value.weight]
Loading weights:   8%|▊         | 32/391 [00:00<00:00, 1088.33it/s, Materializing param=encoder.layer.1.intermediate.dense.bias]    
Loading weights:   8%|▊         | 32/391 [00:00<00:00, 1088.33it/s, Materializing param=encoder.layer.1.intermediate.dense.bias]
Loading weights:   8%|▊         | 33/391 [00:00<00:00, 1122.34it/s, Materializing param=encoder.layer.1.intermediate.dense.weight]
Loading weights:   8%|▊         | 33/391 [00:00<00:00, 1122.34it/s, Materializing param=encoder.layer.1.intermediate.dense.weight]
Loading weights:   9%|▊         | 34/391 [00:00<00:00, 1156.36it/s, Materializing param=encoder.layer.1.output.LayerNorm.bias]    
Loading weights:   9%|▊         | 34/391 [00:00<00:00, 1156.36it/s, Materializing param=encoder.layer.1.output.LayerNorm.bias]
Loading weights:   9%|▉         | 35/391 [00:00<00:00, 1190.37it/s, Materializing param=encoder.layer.1.output.LayerNorm.weight]
Loading weights:   9%|▉         | 35/391 [00:00<00:00, 1190.37it/s, Materializing param=encoder.layer.1.output.LayerNorm.weight]
Loading weights:   9%|▉         | 36/391 [00:00<00:00, 1224.38it/s, Materializing param=encoder.layer.1.output.dense.bias]      
Loading weights:   9%|▉         | 36/391 [00:00<00:00, 1224.38it/s, Materializing param=encoder.layer.1.output.dense.bias]
Loading weights:   9%|▉         | 37/391 [00:00<00:00, 1258.39it/s, Materializing param=encoder.layer.1.output.dense.weight]
Loading weights:   9%|▉         | 37/391 [00:00<00:00, 1258.39it/s, Materializing param=encoder.layer.1.output.dense.weight]
Loading weights:  10%|▉         | 38/391 [00:00<00:00, 1292.40it/s, Materializing param=encoder.layer.2.attention.output.LayerNorm.bias]
Loading weights:  10%|▉         | 38/391 [00:00<00:00, 1292.40it/s, Materializing param=encoder.layer.2.attention.output.LayerNorm.bias]
Loading weights:  10%|▉         | 39/391 [00:00<00:00, 1326.41it/s, Materializing param=encoder.layer.2.attention.output.LayerNorm.weight]
Loading weights:  10%|▉         | 39/391 [00:00<00:00, 1326.41it/s, Materializing param=encoder.layer.2.attention.output.LayerNorm.weight]
Loading weights:  10%|█         | 40/391 [00:00<00:00, 1360.42it/s, Materializing param=encoder.layer.2.attention.output.dense.bias]      
Loading weights:  10%|█         | 40/391 [00:00<00:00, 1360.42it/s, Materializing param=encoder.layer.2.attention.output.dense.bias]
Loading weights:  10%|█         | 41/391 [00:00<00:00, 1394.43it/s, Materializing param=encoder.layer.2.attention.output.dense.weight]
Loading weights:  10%|█         | 41/391 [00:00<00:00, 1394.43it/s, Materializing param=encoder.layer.2.attention.output.dense.weight]
Loading weights:  11%|█         | 42/391 [00:00<00:00, 1428.44it/s, Materializing param=encoder.layer.2.attention.self.key.bias]      
Loading weights:  11%|█         | 42/391 [00:00<00:00, 1428.44it/s, Materializing param=encoder.layer.2.attention.self.key.bias]
Loading weights:  11%|█         | 43/391 [00:00<00:00, 1462.45it/s, Materializing param=encoder.layer.2.attention.self.key.weight]
Loading weights:  11%|█         | 43/391 [00:00<00:00, 1369.15it/s, Materializing param=encoder.layer.2.attention.self.key.weight]
Loading weights:  11%|█▏        | 44/391 [00:00<00:00, 1400.99it/s, Materializing param=encoder.layer.2.attention.self.query.bias]
Loading weights:  11%|█▏        | 44/391 [00:00<00:00, 1400.99it/s, Materializing param=encoder.layer.2.attention.self.query.bias]
Loading weights:  12%|█▏        | 45/391 [00:00<00:00, 1432.83it/s, Materializing param=encoder.layer.2.attention.self.query.weight]
Loading weights:  12%|█▏        | 45/391 [00:00<00:00, 1432.83it/s, Materializing param=encoder.layer.2.attention.self.query.weight]
Loading weights:  12%|█▏        | 46/391 [00:00<00:00, 1464.67it/s, Materializing param=encoder.layer.2.attention.self.value.bias]  
Loading weights:  12%|█▏        | 46/391 [00:00<00:00, 1464.67it/s, Materializing param=encoder.layer.2.attention.self.value.bias]
Loading weights:  12%|█▏        | 47/391 [00:00<00:00, 1496.51it/s, Materializing param=encoder.layer.2.attention.self.value.weight]
Loading weights:  12%|█▏        | 47/391 [00:00<00:00, 1496.51it/s, Materializing param=encoder.layer.2.attention.self.value.weight]
Loading weights:  12%|█▏        | 48/391 [00:00<00:00, 1528.35it/s, Materializing param=encoder.layer.2.intermediate.dense.bias]    
Loading weights:  12%|█▏        | 48/391 [00:00<00:00, 1528.35it/s, Materializing param=encoder.layer.2.intermediate.dense.bias]
Loading weights:  13%|█▎        | 49/391 [00:00<00:00, 1560.19it/s, Materializing param=encoder.layer.2.intermediate.dense.weight]
Loading weights:  13%|█▎        | 49/391 [00:00<00:00, 1560.19it/s, Materializing param=encoder.layer.2.intermediate.dense.weight]
Loading weights:  13%|█▎        | 50/391 [00:00<00:00, 1592.03it/s, Materializing param=encoder.layer.2.output.LayerNorm.bias]    
Loading weights:  13%|█▎        | 50/391 [00:00<00:00, 1592.03it/s, Materializing param=encoder.layer.2.output.LayerNorm.bias]
Loading weights:  13%|█▎        | 51/391 [00:00<00:00, 1623.87it/s, Materializing param=encoder.layer.2.output.LayerNorm.weight]
Loading weights:  13%|█▎        | 51/391 [00:00<00:00, 1623.87it/s, Materializing param=encoder.layer.2.output.LayerNorm.weight]
Loading weights:  13%|█▎        | 52/391 [00:00<00:00, 1655.71it/s, Materializing param=encoder.layer.2.output.dense.bias]      
Loading weights:  13%|█▎        | 52/391 [00:00<00:00, 1655.71it/s, Materializing param=encoder.layer.2.output.dense.bias]
Loading weights:  14%|█▎        | 53/391 [00:00<00:00, 1687.55it/s, Materializing param=encoder.layer.2.output.dense.weight]
Loading weights:  14%|█▎        | 53/391 [00:00<00:00, 1687.55it/s, Materializing param=encoder.layer.2.output.dense.weight]
Loading weights:  14%|█▍        | 54/391 [00:00<00:00, 1719.39it/s, Materializing param=encoder.layer.3.attention.output.LayerNorm.bias]
Loading weights:  14%|█▍        | 54/391 [00:00<00:00, 1719.39it/s, Materializing param=encoder.layer.3.attention.output.LayerNorm.bias]
Loading weights:  14%|█▍        | 55/391 [00:00<00:00, 1751.24it/s, Materializing param=encoder.layer.3.attention.output.LayerNorm.weight]
Loading weights:  14%|█▍        | 55/391 [00:00<00:00, 1751.24it/s, Materializing param=encoder.layer.3.attention.output.LayerNorm.weight]
Loading weights:  14%|█▍        | 56/391 [00:00<00:00, 1783.08it/s, Materializing param=encoder.layer.3.attention.output.dense.bias]      
Loading weights:  14%|█▍        | 56/391 [00:00<00:00, 1783.08it/s, Materializing param=encoder.layer.3.attention.output.dense.bias]
Loading weights:  15%|█▍        | 57/391 [00:00<00:00, 1814.92it/s, Materializing param=encoder.layer.3.attention.output.dense.weight]
Loading weights:  15%|█▍        | 57/391 [00:00<00:00, 1814.92it/s, Materializing param=encoder.layer.3.attention.output.dense.weight]
Loading weights:  15%|█▍        | 58/391 [00:00<00:00, 1846.76it/s, Materializing param=encoder.layer.3.attention.self.key.bias]      
Loading weights:  15%|█▍        | 58/391 [00:00<00:00, 1846.76it/s, Materializing param=encoder.layer.3.attention.self.key.bias]
Loading weights:  15%|█▌        | 59/391 [00:00<00:00, 1878.60it/s, Materializing param=encoder.layer.3.attention.self.key.weight]
Loading weights:  15%|█▌        | 59/391 [00:00<00:00, 1878.60it/s, Materializing param=encoder.layer.3.attention.self.key.weight]
Loading weights:  15%|█▌        | 60/391 [00:00<00:00, 1910.44it/s, Materializing param=encoder.layer.3.attention.self.query.bias]
Loading weights:  15%|█▌        | 60/391 [00:00<00:00, 1910.44it/s, Materializing param=encoder.layer.3.attention.self.query.bias]
Loading weights:  16%|█▌        | 61/391 [00:00<00:00, 1942.28it/s, Materializing param=encoder.layer.3.attention.self.query.weight]
Loading weights:  16%|█▌        | 61/391 [00:00<00:00, 1942.28it/s, Materializing param=encoder.layer.3.attention.self.query.weight]
Loading weights:  16%|█▌        | 62/391 [00:00<00:00, 1883.95it/s, Materializing param=encoder.layer.3.attention.self.value.bias]  
Loading weights:  16%|█▌        | 62/391 [00:00<00:00, 1883.95it/s, Materializing param=encoder.layer.3.attention.self.value.bias]
Loading weights:  16%|█▌        | 63/391 [00:00<00:00, 1914.33it/s, Materializing param=encoder.layer.3.attention.self.value.weight]
Loading weights:  16%|█▌        | 63/391 [00:00<00:00, 1914.33it/s, Materializing param=encoder.layer.3.attention.self.value.weight]
Loading weights:  16%|█▋        | 64/391 [00:00<00:00, 1944.72it/s, Materializing param=encoder.layer.3.intermediate.dense.bias]    
Loading weights:  16%|█▋        | 64/391 [00:00<00:00, 1944.72it/s, Materializing param=encoder.layer.3.intermediate.dense.bias]
Loading weights:  17%|█▋        | 65/391 [00:00<00:00, 1975.11it/s, Materializing param=encoder.layer.3.intermediate.dense.weight]
Loading weights:  17%|█▋        | 65/391 [00:00<00:00, 1975.11it/s, Materializing param=encoder.layer.3.intermediate.dense.weight]
Loading weights:  17%|█▋        | 66/391 [00:00<00:00, 2005.49it/s, Materializing param=encoder.layer.3.output.LayerNorm.bias]    
Loading weights:  17%|█▋        | 66/391 [00:00<00:00, 2005.49it/s, Materializing param=encoder.layer.3.output.LayerNorm.bias]
Loading weights:  17%|█▋        | 67/391 [00:00<00:00, 2035.88it/s, Materializing param=encoder.layer.3.output.LayerNorm.weight]
Loading weights:  17%|█▋        | 67/391 [00:00<00:00, 2035.88it/s, Materializing param=encoder.layer.3.output.LayerNorm.weight]
Loading weights:  17%|█▋        | 68/391 [00:00<00:00, 2066.26it/s, Materializing param=encoder.layer.3.output.dense.bias]      
Loading weights:  17%|█▋        | 68/391 [00:00<00:00, 2066.26it/s, Materializing param=encoder.layer.3.output.dense.bias]
Loading weights:  18%|█▊        | 69/391 [00:00<00:00, 2096.65it/s, Materializing param=encoder.layer.3.output.dense.weight]
Loading weights:  18%|█▊        | 69/391 [00:00<00:00, 2096.65it/s, Materializing param=encoder.layer.3.output.dense.weight]
Loading weights:  18%|█▊        | 70/391 [00:00<00:00, 2127.04it/s, Materializing param=encoder.layer.4.attention.output.LayerNorm.bias]
Loading weights:  18%|█▊        | 70/391 [00:00<00:00, 2127.04it/s, Materializing param=encoder.layer.4.attention.output.LayerNorm.bias]
Loading weights:  18%|█▊        | 71/391 [00:00<00:00, 2157.42it/s, Materializing param=encoder.layer.4.attention.output.LayerNorm.weight]
Loading weights:  18%|█▊        | 71/391 [00:00<00:00, 2157.42it/s, Materializing param=encoder.layer.4.attention.output.LayerNorm.weight]
Loading weights:  18%|█▊        | 72/391 [00:00<00:00, 2187.81it/s, Materializing param=encoder.layer.4.attention.output.dense.bias]      
Loading weights:  18%|█▊        | 72/391 [00:00<00:00, 2187.81it/s, Materializing param=encoder.layer.4.attention.output.dense.bias]
Loading weights:  19%|█▊        | 73/391 [00:00<00:00, 2218.20it/s, Materializing param=encoder.layer.4.attention.output.dense.weight]
Loading weights:  19%|█▊        | 73/391 [00:00<00:00, 2218.20it/s, Materializing param=encoder.layer.4.attention.output.dense.weight]
Loading weights:  19%|█▉        | 74/391 [00:00<00:00, 2248.58it/s, Materializing param=encoder.layer.4.attention.self.key.bias]      
Loading weights:  19%|█▉        | 74/391 [00:00<00:00, 2248.58it/s, Materializing param=encoder.layer.4.attention.self.key.bias]
Loading weights:  19%|█▉        | 75/391 [00:00<00:00, 2278.97it/s, Materializing param=encoder.layer.4.attention.self.key.weight]
Loading weights:  19%|█▉        | 75/391 [00:00<00:00, 2278.97it/s, Materializing param=encoder.layer.4.attention.self.key.weight]
Loading weights:  19%|█▉        | 76/391 [00:00<00:00, 2309.35it/s, Materializing param=encoder.layer.4.attention.self.query.bias]
Loading weights:  19%|█▉        | 76/391 [00:00<00:00, 2309.35it/s, Materializing param=encoder.layer.4.attention.self.query.bias]
Loading weights:  20%|█▉        | 77/391 [00:00<00:00, 2339.74it/s, Materializing param=encoder.layer.4.attention.self.query.weight]
Loading weights:  20%|█▉        | 77/391 [00:00<00:00, 2339.74it/s, Materializing param=encoder.layer.4.attention.self.query.weight]
Loading weights:  20%|█▉        | 78/391 [00:00<00:00, 2370.13it/s, Materializing param=encoder.layer.4.attention.self.value.bias]  
Loading weights:  20%|█▉        | 78/391 [00:00<00:00, 2370.13it/s, Materializing param=encoder.layer.4.attention.self.value.bias]
Loading weights:  20%|██        | 79/391 [00:00<00:00, 2400.51it/s, Materializing param=encoder.layer.4.attention.self.value.weight]
Loading weights:  20%|██        | 79/391 [00:00<00:00, 2400.51it/s, Materializing param=encoder.layer.4.attention.self.value.weight]
Loading weights:  20%|██        | 80/391 [00:00<00:00, 2430.90it/s, Materializing param=encoder.layer.4.intermediate.dense.bias]    
Loading weights:  20%|██        | 80/391 [00:00<00:00, 2430.90it/s, Materializing param=encoder.layer.4.intermediate.dense.bias]
Loading weights:  21%|██        | 81/391 [00:00<00:00, 2461.29it/s, Materializing param=encoder.layer.4.intermediate.dense.weight]
Loading weights:  21%|██        | 81/391 [00:00<00:00, 2461.29it/s, Materializing param=encoder.layer.4.intermediate.dense.weight]
Loading weights:  21%|██        | 82/391 [00:00<00:00, 2491.67it/s, Materializing param=encoder.layer.4.output.LayerNorm.bias]    
Loading weights:  21%|██        | 82/391 [00:00<00:00, 2491.67it/s, Materializing param=encoder.layer.4.output.LayerNorm.bias]
Loading weights:  21%|██        | 83/391 [00:00<00:00, 2522.06it/s, Materializing param=encoder.layer.4.output.LayerNorm.weight]
Loading weights:  21%|██        | 83/391 [00:00<00:00, 2522.06it/s, Materializing param=encoder.layer.4.output.LayerNorm.weight]
Loading weights:  21%|██▏       | 84/391 [00:00<00:00, 2552.44it/s, Materializing param=encoder.layer.4.output.dense.bias]      
Loading weights:  21%|██▏       | 84/391 [00:00<00:00, 2552.44it/s, Materializing param=encoder.layer.4.output.dense.bias]
Loading weights:  22%|██▏       | 85/391 [00:00<00:00, 2582.83it/s, Materializing param=encoder.layer.4.output.dense.weight]
Loading weights:  22%|██▏       | 85/391 [00:00<00:00, 2582.83it/s, Materializing param=encoder.layer.4.output.dense.weight]
Loading weights:  22%|██▏       | 86/391 [00:00<00:00, 2613.22it/s, Materializing param=encoder.layer.5.attention.output.LayerNorm.bias]
Loading weights:  22%|██▏       | 86/391 [00:00<00:00, 2613.22it/s, Materializing param=encoder.layer.5.attention.output.LayerNorm.bias]
Loading weights:  22%|██▏       | 87/391 [00:00<00:00, 2490.83it/s, Materializing param=encoder.layer.5.attention.output.LayerNorm.weight]
Loading weights:  22%|██▏       | 87/391 [00:00<00:00, 2490.83it/s, Materializing param=encoder.layer.5.attention.output.LayerNorm.weight]
Loading weights:  23%|██▎       | 88/391 [00:00<00:00, 2519.46it/s, Materializing param=encoder.layer.5.attention.output.dense.bias]      
Loading weights:  23%|██▎       | 88/391 [00:00<00:00, 2519.46it/s, Materializing param=encoder.layer.5.attention.output.dense.bias]
Loading weights:  23%|██▎       | 89/391 [00:00<00:00, 2548.09it/s, Materializing param=encoder.layer.5.attention.output.dense.weight]
Loading weights:  23%|██▎       | 89/391 [00:00<00:00, 2548.09it/s, Materializing param=encoder.layer.5.attention.output.dense.weight]
Loading weights:  23%|██▎       | 90/391 [00:00<00:00, 2576.72it/s, Materializing param=encoder.layer.5.attention.self.key.bias]      
Loading weights:  23%|██▎       | 90/391 [00:00<00:00, 2576.72it/s, Materializing param=encoder.layer.5.attention.self.key.bias]
Loading weights:  23%|██▎       | 91/391 [00:00<00:00, 2605.35it/s, Materializing param=encoder.layer.5.attention.self.key.weight]
Loading weights:  23%|██▎       | 91/391 [00:00<00:00, 2605.35it/s, Materializing param=encoder.layer.5.attention.self.key.weight]
Loading weights:  24%|██▎       | 92/391 [00:00<00:00, 2596.59it/s, Materializing param=encoder.layer.5.attention.self.query.bias]
Loading weights:  24%|██▎       | 92/391 [00:00<00:00, 2596.59it/s, Materializing param=encoder.layer.5.attention.self.query.bias]
Loading weights:  24%|██▍       | 93/391 [00:00<00:00, 2624.81it/s, Materializing param=encoder.layer.5.attention.self.query.weight]
Loading weights:  24%|██▍       | 93/391 [00:00<00:00, 2624.81it/s, Materializing param=encoder.layer.5.attention.self.query.weight]
Loading weights:  24%|██▍       | 94/391 [00:00<00:00, 2653.03it/s, Materializing param=encoder.layer.5.attention.self.value.bias]  
Loading weights:  24%|██▍       | 94/391 [00:00<00:00, 2653.03it/s, Materializing param=encoder.layer.5.attention.self.value.bias]
Loading weights:  24%|██▍       | 95/391 [00:00<00:00, 2681.26it/s, Materializing param=encoder.layer.5.attention.self.value.weight]
Loading weights:  24%|██▍       | 95/391 [00:00<00:00, 2681.26it/s, Materializing param=encoder.layer.5.attention.self.value.weight]
Loading weights:  25%|██▍       | 96/391 [00:00<00:00, 2564.54it/s, Materializing param=encoder.layer.5.intermediate.dense.bias]    
Loading weights:  25%|██▍       | 96/391 [00:00<00:00, 2564.54it/s, Materializing param=encoder.layer.5.intermediate.dense.bias]
Loading weights:  25%|██▍       | 97/391 [00:00<00:00, 2591.25it/s, Materializing param=encoder.layer.5.intermediate.dense.weight]
Loading weights:  25%|██▍       | 97/391 [00:00<00:00, 2591.25it/s, Materializing param=encoder.layer.5.intermediate.dense.weight]
Loading weights:  25%|██▌       | 98/391 [00:00<00:00, 2560.86it/s, Materializing param=encoder.layer.5.output.LayerNorm.bias]    
Loading weights:  25%|██▌       | 98/391 [00:00<00:00, 2560.86it/s, Materializing param=encoder.layer.5.output.LayerNorm.bias]
Loading weights:  25%|██▌       | 99/391 [00:00<00:00, 2489.23it/s, Materializing param=encoder.layer.5.output.LayerNorm.weight]
Loading weights:  25%|██▌       | 99/391 [00:00<00:00, 2489.23it/s, Materializing param=encoder.layer.5.output.LayerNorm.weight]
Loading weights:  26%|██▌       | 100/391 [00:00<00:00, 2514.37it/s, Materializing param=encoder.layer.5.output.dense.bias]     
Loading weights:  26%|██▌       | 100/391 [00:00<00:00, 2514.37it/s, Materializing param=encoder.layer.5.output.dense.bias]
Loading weights:  26%|██▌       | 101/391 [00:00<00:00, 2539.52it/s, Materializing param=encoder.layer.5.output.dense.weight]
Loading weights:  26%|██▌       | 101/391 [00:00<00:00, 2539.52it/s, Materializing param=encoder.layer.5.output.dense.weight]
Loading weights:  26%|██▌       | 102/391 [00:00<00:00, 2564.66it/s, Materializing param=encoder.layer.6.attention.output.LayerNorm.bias]
Loading weights:  26%|██▌       | 102/391 [00:00<00:00, 2564.66it/s, Materializing param=encoder.layer.6.attention.output.LayerNorm.bias]
Loading weights:  26%|██▋       | 103/391 [00:00<00:00, 2589.81it/s, Materializing param=encoder.layer.6.attention.output.LayerNorm.weight]
Loading weights:  26%|██▋       | 103/391 [00:00<00:00, 2589.81it/s, Materializing param=encoder.layer.6.attention.output.LayerNorm.weight]
Loading weights:  27%|██▋       | 104/391 [00:00<00:00, 2577.27it/s, Materializing param=encoder.layer.6.attention.output.dense.bias]      
Loading weights:  27%|██▋       | 104/391 [00:00<00:00, 2577.27it/s, Materializing param=encoder.layer.6.attention.output.dense.bias]
Loading weights:  27%|██▋       | 105/391 [00:00<00:00, 2602.05it/s, Materializing param=encoder.layer.6.attention.output.dense.weight]
Loading weights:  27%|██▋       | 105/391 [00:00<00:00, 2602.05it/s, Materializing param=encoder.layer.6.attention.output.dense.weight]
Loading weights:  27%|██▋       | 106/391 [00:00<00:00, 2626.83it/s, Materializing param=encoder.layer.6.attention.self.key.bias]      
Loading weights:  27%|██▋       | 106/391 [00:00<00:00, 2626.83it/s, Materializing param=encoder.layer.6.attention.self.key.bias]
Loading weights:  27%|██▋       | 107/391 [00:00<00:00, 2651.61it/s, Materializing param=encoder.layer.6.attention.self.key.weight]
Loading weights:  27%|██▋       | 107/391 [00:00<00:00, 2651.61it/s, Materializing param=encoder.layer.6.attention.self.key.weight]
Loading weights:  28%|██▊       | 108/391 [00:00<00:00, 2676.39it/s, Materializing param=encoder.layer.6.attention.self.query.bias]
Loading weights:  28%|██▊       | 108/391 [00:00<00:00, 2676.39it/s, Materializing param=encoder.layer.6.attention.self.query.bias]
Loading weights:  28%|██▊       | 109/391 [00:00<00:00, 2701.17it/s, Materializing param=encoder.layer.6.attention.self.query.weight]
Loading weights:  28%|██▊       | 109/391 [00:00<00:00, 2701.17it/s, Materializing param=encoder.layer.6.attention.self.query.weight]
Loading weights:  28%|██▊       | 110/391 [00:00<00:00, 2725.96it/s, Materializing param=encoder.layer.6.attention.self.value.bias]  
Loading weights:  28%|██▊       | 110/391 [00:00<00:00, 2725.96it/s, Materializing param=encoder.layer.6.attention.self.value.bias]
Loading weights:  28%|██▊       | 111/391 [00:00<00:00, 2750.74it/s, Materializing param=encoder.layer.6.attention.self.value.weight]
Loading weights:  28%|██▊       | 111/391 [00:00<00:00, 2750.74it/s, Materializing param=encoder.layer.6.attention.self.value.weight]
Loading weights:  29%|██▊       | 112/391 [00:00<00:00, 2633.77it/s, Materializing param=encoder.layer.6.intermediate.dense.bias]    
Loading weights:  29%|██▊       | 112/391 [00:00<00:00, 2633.77it/s, Materializing param=encoder.layer.6.intermediate.dense.bias]
Loading weights:  29%|██▉       | 113/391 [00:00<00:00, 2657.29it/s, Materializing param=encoder.layer.6.intermediate.dense.weight]
Loading weights:  29%|██▉       | 113/391 [00:00<00:00, 2657.29it/s, Materializing param=encoder.layer.6.intermediate.dense.weight]
Loading weights:  29%|██▉       | 114/391 [00:00<00:00, 2680.80it/s, Materializing param=encoder.layer.6.output.LayerNorm.bias]    
Loading weights:  29%|██▉       | 114/391 [00:00<00:00, 2680.80it/s, Materializing param=encoder.layer.6.output.LayerNorm.bias]
Loading weights:  29%|██▉       | 115/391 [00:00<00:00, 2704.32it/s, Materializing param=encoder.layer.6.output.LayerNorm.weight]
Loading weights:  29%|██▉       | 115/391 [00:00<00:00, 2704.32it/s, Materializing param=encoder.layer.6.output.LayerNorm.weight]
Loading weights:  30%|██▉       | 116/391 [00:00<00:00, 2727.83it/s, Materializing param=encoder.layer.6.output.dense.bias]      
Loading weights:  30%|██▉       | 116/391 [00:00<00:00, 2727.83it/s, Materializing param=encoder.layer.6.output.dense.bias]
Loading weights:  30%|██▉       | 117/391 [00:00<00:00, 2751.35it/s, Materializing param=encoder.layer.6.output.dense.weight]
Loading weights:  30%|██▉       | 117/391 [00:00<00:00, 2751.35it/s, Materializing param=encoder.layer.6.output.dense.weight]
Loading weights:  30%|███       | 118/391 [00:00<00:00, 2774.87it/s, Materializing param=encoder.layer.7.attention.output.LayerNorm.bias]
Loading weights:  30%|███       | 118/391 [00:00<00:00, 2774.87it/s, Materializing param=encoder.layer.7.attention.output.LayerNorm.bias]
Loading weights:  30%|███       | 119/391 [00:00<00:00, 2798.38it/s, Materializing param=encoder.layer.7.attention.output.LayerNorm.weight]
Loading weights:  30%|███       | 119/391 [00:00<00:00, 2672.32it/s, Materializing param=encoder.layer.7.attention.output.LayerNorm.weight]
Loading weights:  31%|███       | 120/391 [00:00<00:00, 2694.77it/s, Materializing param=encoder.layer.7.attention.output.dense.bias]      
Loading weights:  31%|███       | 120/391 [00:00<00:00, 2694.77it/s, Materializing param=encoder.layer.7.attention.output.dense.bias]
Loading weights:  31%|███       | 121/391 [00:00<00:00, 2717.23it/s, Materializing param=encoder.layer.7.attention.output.dense.weight]
Loading weights:  31%|███       | 121/391 [00:00<00:00, 2717.23it/s, Materializing param=encoder.layer.7.attention.output.dense.weight]
Loading weights:  31%|███       | 122/391 [00:00<00:00, 2739.69it/s, Materializing param=encoder.layer.7.attention.self.key.bias]      
Loading weights:  31%|███       | 122/391 [00:00<00:00, 2739.69it/s, Materializing param=encoder.layer.7.attention.self.key.bias]
Loading weights:  31%|███▏      | 123/391 [00:00<00:00, 2762.14it/s, Materializing param=encoder.layer.7.attention.self.key.weight]
Loading weights:  31%|███▏      | 123/391 [00:00<00:00, 2762.14it/s, Materializing param=encoder.layer.7.attention.self.key.weight]
Loading weights:  32%|███▏      | 124/391 [00:00<00:00, 2784.60it/s, Materializing param=encoder.layer.7.attention.self.query.bias]
Loading weights:  32%|███▏      | 124/391 [00:00<00:00, 2784.60it/s, Materializing param=encoder.layer.7.attention.self.query.bias]
Loading weights:  32%|███▏      | 125/391 [00:00<00:00, 2807.06it/s, Materializing param=encoder.layer.7.attention.self.query.weight]
Loading weights:  32%|███▏      | 125/391 [00:00<00:00, 2807.06it/s, Materializing param=encoder.layer.7.attention.self.query.weight]
Loading weights:  32%|███▏      | 126/391 [00:00<00:00, 2829.51it/s, Materializing param=encoder.layer.7.attention.self.value.bias]  
Loading weights:  32%|███▏      | 126/391 [00:00<00:00, 2829.51it/s, Materializing param=encoder.layer.7.attention.self.value.bias]
Loading weights:  32%|███▏      | 127/391 [00:00<00:00, 2851.97it/s, Materializing param=encoder.layer.7.attention.self.value.weight]
Loading weights:  32%|███▏      | 127/391 [00:00<00:00, 2851.97it/s, Materializing param=encoder.layer.7.attention.self.value.weight]
Loading weights:  33%|███▎      | 128/391 [00:00<00:00, 2874.43it/s, Materializing param=encoder.layer.7.intermediate.dense.bias]    
Loading weights:  33%|███▎      | 128/391 [00:00<00:00, 2874.43it/s, Materializing param=encoder.layer.7.intermediate.dense.bias]
Loading weights:  33%|███▎      | 129/391 [00:00<00:00, 2896.88it/s, Materializing param=encoder.layer.7.intermediate.dense.weight]
Loading weights:  33%|███▎      | 129/391 [00:00<00:00, 2896.88it/s, Materializing param=encoder.layer.7.intermediate.dense.weight]
Loading weights:  33%|███▎      | 130/391 [00:00<00:00, 2678.20it/s, Materializing param=encoder.layer.7.output.LayerNorm.bias]    
Loading weights:  33%|███▎      | 130/391 [00:00<00:00, 2678.20it/s, Materializing param=encoder.layer.7.output.LayerNorm.bias]
Loading weights:  34%|███▎      | 131/391 [00:00<00:00, 2698.80it/s, Materializing param=encoder.layer.7.output.LayerNorm.weight]
Loading weights:  34%|███▎      | 131/391 [00:00<00:00, 2698.80it/s, Materializing param=encoder.layer.7.output.LayerNorm.weight]
Loading weights:  34%|███▍      | 132/391 [00:00<00:00, 2690.90it/s, Materializing param=encoder.layer.7.output.dense.bias]      
Loading weights:  34%|███▍      | 132/391 [00:00<00:00, 2690.90it/s, Materializing param=encoder.layer.7.output.dense.bias]
Loading weights:  34%|███▍      | 133/391 [00:00<00:00, 2711.29it/s, Materializing param=encoder.layer.7.output.dense.weight]
Loading weights:  34%|███▍      | 133/391 [00:00<00:00, 2711.29it/s, Materializing param=encoder.layer.7.output.dense.weight]
Loading weights:  34%|███▍      | 134/391 [00:00<00:00, 2731.68it/s, Materializing param=encoder.layer.8.attention.output.LayerNorm.bias]
Loading weights:  34%|███▍      | 134/391 [00:00<00:00, 2731.68it/s, Materializing param=encoder.layer.8.attention.output.LayerNorm.bias]
Loading weights:  35%|███▍      | 135/391 [00:00<00:00, 2752.06it/s, Materializing param=encoder.layer.8.attention.output.LayerNorm.weight]
Loading weights:  35%|███▍      | 135/391 [00:00<00:00, 2752.06it/s, Materializing param=encoder.layer.8.attention.output.LayerNorm.weight]
Loading weights:  35%|███▍      | 136/391 [00:00<00:00, 2772.45it/s, Materializing param=encoder.layer.8.attention.output.dense.bias]      
Loading weights:  35%|███▍      | 136/391 [00:00<00:00, 2772.45it/s, Materializing param=encoder.layer.8.attention.output.dense.bias]
Loading weights:  35%|███▌      | 137/391 [00:00<00:00, 2792.83it/s, Materializing param=encoder.layer.8.attention.output.dense.weight]
Loading weights:  35%|███▌      | 137/391 [00:00<00:00, 2792.83it/s, Materializing param=encoder.layer.8.attention.output.dense.weight]
Loading weights:  35%|███▌      | 138/391 [00:00<00:00, 2813.22it/s, Materializing param=encoder.layer.8.attention.self.key.bias]      
Loading weights:  35%|███▌      | 138/391 [00:00<00:00, 2813.22it/s, Materializing param=encoder.layer.8.attention.self.key.bias]
Loading weights:  36%|███▌      | 139/391 [00:00<00:00, 2833.60it/s, Materializing param=encoder.layer.8.attention.self.key.weight]
Loading weights:  36%|███▌      | 139/391 [00:00<00:00, 2833.60it/s, Materializing param=encoder.layer.8.attention.self.key.weight]
Loading weights:  36%|███▌      | 140/391 [00:00<00:00, 2853.99it/s, Materializing param=encoder.layer.8.attention.self.query.bias]
Loading weights:  36%|███▌      | 140/391 [00:00<00:00, 2853.99it/s, Materializing param=encoder.layer.8.attention.self.query.bias]
Loading weights:  36%|███▌      | 141/391 [00:00<00:00, 2874.37it/s, Materializing param=encoder.layer.8.attention.self.query.weight]
Loading weights:  36%|███▌      | 141/391 [00:00<00:00, 2874.37it/s, Materializing param=encoder.layer.8.attention.self.query.weight]
Loading weights:  36%|███▋      | 142/391 [00:00<00:00, 2894.76it/s, Materializing param=encoder.layer.8.attention.self.value.bias]  
Loading weights:  36%|███▋      | 142/391 [00:00<00:00, 2894.76it/s, Materializing param=encoder.layer.8.attention.self.value.bias]
Loading weights:  37%|███▋      | 143/391 [00:00<00:00, 2915.15it/s, Materializing param=encoder.layer.8.attention.self.value.weight]
Loading weights:  37%|███▋      | 143/391 [00:00<00:00, 2915.15it/s, Materializing param=encoder.layer.8.attention.self.value.weight]
Loading weights:  37%|███▋      | 144/391 [00:00<00:00, 2819.86it/s, Materializing param=encoder.layer.8.intermediate.dense.bias]    
Loading weights:  37%|███▋      | 144/391 [00:00<00:00, 2819.86it/s, Materializing param=encoder.layer.8.intermediate.dense.bias]
Loading weights:  37%|███▋      | 145/391 [00:00<00:00, 2839.44it/s, Materializing param=encoder.layer.8.intermediate.dense.weight]
Loading weights:  37%|███▋      | 145/391 [00:00<00:00, 2839.44it/s, Materializing param=encoder.layer.8.intermediate.dense.weight]
Loading weights:  37%|███▋      | 146/391 [00:00<00:00, 2859.02it/s, Materializing param=encoder.layer.8.output.LayerNorm.bias]    
Loading weights:  37%|███▋      | 146/391 [00:00<00:00, 2859.02it/s, Materializing param=encoder.layer.8.output.LayerNorm.bias]
Loading weights:  38%|███▊      | 147/391 [00:00<00:00, 2878.61it/s, Materializing param=encoder.layer.8.output.LayerNorm.weight]
Loading weights:  38%|███▊      | 147/391 [00:00<00:00, 2878.61it/s, Materializing param=encoder.layer.8.output.LayerNorm.weight]
Loading weights:  38%|███▊      | 148/391 [00:00<00:00, 2898.19it/s, Materializing param=encoder.layer.8.output.dense.bias]      
Loading weights:  38%|███▊      | 148/391 [00:00<00:00, 2898.19it/s, Materializing param=encoder.layer.8.output.dense.bias]
Loading weights:  38%|███▊      | 149/391 [00:00<00:00, 2917.77it/s, Materializing param=encoder.layer.8.output.dense.weight]
Loading weights:  38%|███▊      | 149/391 [00:00<00:00, 2917.77it/s, Materializing param=encoder.layer.8.output.dense.weight]
Loading weights:  38%|███▊      | 150/391 [00:00<00:00, 2826.48it/s, Materializing param=encoder.layer.9.attention.output.LayerNorm.bias]
Loading weights:  38%|███▊      | 150/391 [00:00<00:00, 2826.48it/s, Materializing param=encoder.layer.9.attention.output.LayerNorm.bias]
Loading weights:  39%|███▊      | 151/391 [00:00<00:00, 2845.32it/s, Materializing param=encoder.layer.9.attention.output.LayerNorm.weight]
Loading weights:  39%|███▊      | 151/391 [00:00<00:00, 2845.32it/s, Materializing param=encoder.layer.9.attention.output.LayerNorm.weight]
Loading weights:  39%|███▉      | 152/391 [00:00<00:00, 2864.16it/s, Materializing param=encoder.layer.9.attention.output.dense.bias]      
Loading weights:  39%|███▉      | 152/391 [00:00<00:00, 2864.16it/s, Materializing param=encoder.layer.9.attention.output.dense.bias]
Loading weights:  39%|███▉      | 153/391 [00:00<00:00, 2883.01it/s, Materializing param=encoder.layer.9.attention.output.dense.weight]
Loading weights:  39%|███▉      | 153/391 [00:00<00:00, 2883.01it/s, Materializing param=encoder.layer.9.attention.output.dense.weight]
Loading weights:  39%|███▉      | 154/391 [00:00<00:00, 2901.85it/s, Materializing param=encoder.layer.9.attention.self.key.bias]      
Loading weights:  39%|███▉      | 154/391 [00:00<00:00, 2901.85it/s, Materializing param=encoder.layer.9.attention.self.key.bias]
Loading weights:  40%|███▉      | 155/391 [00:00<00:00, 2920.69it/s, Materializing param=encoder.layer.9.attention.self.key.weight]
Loading weights:  40%|███▉      | 155/391 [00:00<00:00, 2920.69it/s, Materializing param=encoder.layer.9.attention.self.key.weight]
Loading weights:  40%|███▉      | 156/391 [00:00<00:00, 2939.54it/s, Materializing param=encoder.layer.9.attention.self.query.bias]
Loading weights:  40%|███▉      | 156/391 [00:00<00:00, 2939.54it/s, Materializing param=encoder.layer.9.attention.self.query.bias]
Loading weights:  40%|████      | 157/391 [00:00<00:00, 2850.80it/s, Materializing param=encoder.layer.9.attention.self.query.weight]
Loading weights:  40%|████      | 157/391 [00:00<00:00, 2850.80it/s, Materializing param=encoder.layer.9.attention.self.query.weight]
Loading weights:  40%|████      | 158/391 [00:00<00:00, 2868.96it/s, Materializing param=encoder.layer.9.attention.self.value.bias]  
Loading weights:  40%|████      | 158/391 [00:00<00:00, 2868.96it/s, Materializing param=encoder.layer.9.attention.self.value.bias]
Loading weights:  41%|████      | 159/391 [00:00<00:00, 2887.11it/s, Materializing param=encoder.layer.9.attention.self.value.weight]
Loading weights:  41%|████      | 159/391 [00:00<00:00, 2887.11it/s, Materializing param=encoder.layer.9.attention.self.value.weight]
Loading weights:  41%|████      | 160/391 [00:00<00:00, 2788.27it/s, Materializing param=encoder.layer.9.intermediate.dense.bias]    
Loading weights:  41%|████      | 160/391 [00:00<00:00, 2788.27it/s, Materializing param=encoder.layer.9.intermediate.dense.bias]
Loading weights:  41%|████      | 161/391 [00:00<00:00, 2805.69it/s, Materializing param=encoder.layer.9.intermediate.dense.weight]
Loading weights:  41%|████      | 161/391 [00:00<00:00, 2805.69it/s, Materializing param=encoder.layer.9.intermediate.dense.weight]
Loading weights:  41%|████▏     | 162/391 [00:00<00:00, 2765.39it/s, Materializing param=encoder.layer.9.output.LayerNorm.bias]    
Loading weights:  41%|████▏     | 162/391 [00:00<00:00, 2765.39it/s, Materializing param=encoder.layer.9.output.LayerNorm.bias]
Loading weights:  42%|████▏     | 163/391 [00:00<00:00, 2782.46it/s, Materializing param=encoder.layer.9.output.LayerNorm.weight]
Loading weights:  42%|████▏     | 163/391 [00:00<00:00, 2782.46it/s, Materializing param=encoder.layer.9.output.LayerNorm.weight]
Loading weights:  42%|████▏     | 164/391 [00:00<00:00, 2799.53it/s, Materializing param=encoder.layer.9.output.dense.bias]      
Loading weights:  42%|████▏     | 164/391 [00:00<00:00, 2799.53it/s, Materializing param=encoder.layer.9.output.dense.bias]
Loading weights:  42%|████▏     | 165/391 [00:00<00:00, 2816.60it/s, Materializing param=encoder.layer.9.output.dense.weight]
Loading weights:  42%|████▏     | 165/391 [00:00<00:00, 2816.60it/s, Materializing param=encoder.layer.9.output.dense.weight]
Loading weights:  42%|████▏     | 166/391 [00:00<00:00, 2833.67it/s, Materializing param=encoder.layer.10.attention.output.LayerNorm.bias]
Loading weights:  42%|████▏     | 166/391 [00:00<00:00, 2833.67it/s, Materializing param=encoder.layer.10.attention.output.LayerNorm.bias]
Loading weights:  43%|████▎     | 167/391 [00:00<00:00, 2850.74it/s, Materializing param=encoder.layer.10.attention.output.LayerNorm.weight]
Loading weights:  43%|████▎     | 167/391 [00:00<00:00, 2850.74it/s, Materializing param=encoder.layer.10.attention.output.LayerNorm.weight]
Loading weights:  43%|████▎     | 168/391 [00:00<00:00, 2867.81it/s, Materializing param=encoder.layer.10.attention.output.dense.bias]      
Loading weights:  43%|████▎     | 168/391 [00:00<00:00, 2867.81it/s, Materializing param=encoder.layer.10.attention.output.dense.bias]
Loading weights:  43%|████▎     | 169/391 [00:00<00:00, 2884.88it/s, Materializing param=encoder.layer.10.attention.output.dense.weight]
Loading weights:  43%|████▎     | 169/391 [00:00<00:00, 2884.88it/s, Materializing param=encoder.layer.10.attention.output.dense.weight]
Loading weights:  43%|████▎     | 170/391 [00:00<00:00, 2901.95it/s, Materializing param=encoder.layer.10.attention.self.key.bias]      
Loading weights:  43%|████▎     | 170/391 [00:00<00:00, 2901.95it/s, Materializing param=encoder.layer.10.attention.self.key.bias]
Loading weights:  44%|████▎     | 171/391 [00:00<00:00, 2919.02it/s, Materializing param=encoder.layer.10.attention.self.key.weight]
Loading weights:  44%|████▎     | 171/391 [00:00<00:00, 2919.02it/s, Materializing param=encoder.layer.10.attention.self.key.weight]
Loading weights:  44%|████▍     | 172/391 [00:00<00:00, 2838.72it/s, Materializing param=encoder.layer.10.attention.self.query.bias]
Loading weights:  44%|████▍     | 172/391 [00:00<00:00, 2838.72it/s, Materializing param=encoder.layer.10.attention.self.query.bias]
Loading weights:  44%|████▍     | 173/391 [00:00<00:00, 2855.22it/s, Materializing param=encoder.layer.10.attention.self.query.weight]
Loading weights:  44%|████▍     | 173/391 [00:00<00:00, 2855.22it/s, Materializing param=encoder.layer.10.attention.self.query.weight]
Loading weights:  45%|████▍     | 174/391 [00:00<00:00, 2871.73it/s, Materializing param=encoder.layer.10.attention.self.value.bias]  
Loading weights:  45%|████▍     | 174/391 [00:00<00:00, 2871.73it/s, Materializing param=encoder.layer.10.attention.self.value.bias]
Loading weights:  45%|████▍     | 175/391 [00:00<00:00, 2795.76it/s, Materializing param=encoder.layer.10.attention.self.value.weight]
Loading weights:  45%|████▍     | 175/391 [00:00<00:00, 2795.76it/s, Materializing param=encoder.layer.10.attention.self.value.weight]
Loading weights:  45%|████▌     | 176/391 [00:00<00:00, 2811.73it/s, Materializing param=encoder.layer.10.intermediate.dense.bias]    
Loading weights:  45%|████▌     | 176/391 [00:00<00:00, 2811.73it/s, Materializing param=encoder.layer.10.intermediate.dense.bias]
Loading weights:  45%|████▌     | 177/391 [00:00<00:00, 2827.71it/s, Materializing param=encoder.layer.10.intermediate.dense.weight]
Loading weights:  45%|████▌     | 177/391 [00:00<00:00, 2827.71it/s, Materializing param=encoder.layer.10.intermediate.dense.weight]
Loading weights:  46%|████▌     | 178/391 [00:00<00:00, 2843.68it/s, Materializing param=encoder.layer.10.output.LayerNorm.bias]    
Loading weights:  46%|████▌     | 178/391 [00:00<00:00, 2843.68it/s, Materializing param=encoder.layer.10.output.LayerNorm.bias]
Loading weights:  46%|████▌     | 179/391 [00:00<00:00, 2859.66it/s, Materializing param=encoder.layer.10.output.LayerNorm.weight]
Loading weights:  46%|████▌     | 179/391 [00:00<00:00, 2859.66it/s, Materializing param=encoder.layer.10.output.LayerNorm.weight]
Loading weights:  46%|████▌     | 180/391 [00:00<00:00, 2875.63it/s, Materializing param=encoder.layer.10.output.dense.bias]      
Loading weights:  46%|████▌     | 180/391 [00:00<00:00, 2875.63it/s, Materializing param=encoder.layer.10.output.dense.bias]
Loading weights:  46%|████▋     | 181/391 [00:00<00:00, 2891.61it/s, Materializing param=encoder.layer.10.output.dense.weight]
Loading weights:  46%|████▋     | 181/391 [00:00<00:00, 2891.61it/s, Materializing param=encoder.layer.10.output.dense.weight]
Loading weights:  47%|████▋     | 182/391 [00:00<00:00, 2907.59it/s, Materializing param=encoder.layer.11.attention.output.LayerNorm.bias]
Loading weights:  47%|████▋     | 182/391 [00:00<00:00, 2795.76it/s, Materializing param=encoder.layer.11.attention.output.LayerNorm.bias]
Loading weights:  47%|████▋     | 183/391 [00:00<00:00, 2811.12it/s, Materializing param=encoder.layer.11.attention.output.LayerNorm.weight]
Loading weights:  47%|████▋     | 183/391 [00:00<00:00, 2811.12it/s, Materializing param=encoder.layer.11.attention.output.LayerNorm.weight]
Loading weights:  47%|████▋     | 184/391 [00:00<00:00, 2826.48it/s, Materializing param=encoder.layer.11.attention.output.dense.bias]      
Loading weights:  47%|████▋     | 184/391 [00:00<00:00, 2826.48it/s, Materializing param=encoder.layer.11.attention.output.dense.bias]
Loading weights:  47%|████▋     | 185/391 [00:00<00:00, 2841.85it/s, Materializing param=encoder.layer.11.attention.output.dense.weight]
Loading weights:  47%|████▋     | 185/391 [00:00<00:00, 2841.85it/s, Materializing param=encoder.layer.11.attention.output.dense.weight]
Loading weights:  48%|████▊     | 186/391 [00:00<00:00, 2857.21it/s, Materializing param=encoder.layer.11.attention.self.key.bias]      
Loading weights:  48%|████▊     | 186/391 [00:00<00:00, 2857.21it/s, Materializing param=encoder.layer.11.attention.self.key.bias]
Loading weights:  48%|████▊     | 187/391 [00:00<00:00, 2872.57it/s, Materializing param=encoder.layer.11.attention.self.key.weight]
Loading weights:  48%|████▊     | 187/391 [00:00<00:00, 2872.57it/s, Materializing param=encoder.layer.11.attention.self.key.weight]
Loading weights:  48%|████▊     | 188/391 [00:00<00:00, 2887.93it/s, Materializing param=encoder.layer.11.attention.self.query.bias]
Loading weights:  48%|████▊     | 188/391 [00:00<00:00, 2887.93it/s, Materializing param=encoder.layer.11.attention.self.query.bias]
Loading weights:  48%|████▊     | 189/391 [00:00<00:00, 2903.29it/s, Materializing param=encoder.layer.11.attention.self.query.weight]
Loading weights:  48%|████▊     | 189/391 [00:00<00:00, 2903.29it/s, Materializing param=encoder.layer.11.attention.self.query.weight]
Loading weights:  49%|████▊     | 190/391 [00:00<00:00, 2918.65it/s, Materializing param=encoder.layer.11.attention.self.value.bias]  
Loading weights:  49%|████▊     | 190/391 [00:00<00:00, 2918.65it/s, Materializing param=encoder.layer.11.attention.self.value.bias]
Loading weights:  49%|████▉     | 191/391 [00:00<00:00, 2934.01it/s, Materializing param=encoder.layer.11.attention.self.value.weight]
Loading weights:  49%|████▉     | 191/391 [00:00<00:00, 2934.01it/s, Materializing param=encoder.layer.11.attention.self.value.weight]
Loading weights:  49%|████▉     | 192/391 [00:00<00:00, 2860.59it/s, Materializing param=encoder.layer.11.intermediate.dense.bias]    
Loading weights:  49%|████▉     | 192/391 [00:00<00:00, 2860.59it/s, Materializing param=encoder.layer.11.intermediate.dense.bias]
Loading weights:  49%|████▉     | 193/391 [00:00<00:00, 2875.48it/s, Materializing param=encoder.layer.11.intermediate.dense.weight]
Loading weights:  49%|████▉     | 193/391 [00:00<00:00, 2875.48it/s, Materializing param=encoder.layer.11.intermediate.dense.weight]
Loading weights:  50%|████▉     | 194/391 [00:00<00:00, 2827.04it/s, Materializing param=encoder.layer.11.output.LayerNorm.bias]    
Loading weights:  50%|████▉     | 194/391 [00:00<00:00, 2827.04it/s, Materializing param=encoder.layer.11.output.LayerNorm.bias]
Loading weights:  50%|████▉     | 195/391 [00:00<00:00, 2841.61it/s, Materializing param=encoder.layer.11.output.LayerNorm.weight]
Loading weights:  50%|████▉     | 195/391 [00:00<00:00, 2841.61it/s, Materializing param=encoder.layer.11.output.LayerNorm.weight]
Loading weights:  50%|█████     | 196/391 [00:00<00:00, 2856.18it/s, Materializing param=encoder.layer.11.output.dense.bias]      
Loading weights:  50%|█████     | 196/391 [00:00<00:00, 2856.18it/s, Materializing param=encoder.layer.11.output.dense.bias]
Loading weights:  50%|█████     | 197/391 [00:00<00:00, 2870.75it/s, Materializing param=encoder.layer.11.output.dense.weight]
Loading weights:  50%|█████     | 197/391 [00:00<00:00, 2788.14it/s, Materializing param=encoder.layer.11.output.dense.weight]
Loading weights:  51%|█████     | 198/391 [00:00<00:00, 2802.30it/s, Materializing param=encoder.layer.12.attention.output.LayerNorm.bias]
Loading weights:  51%|█████     | 198/391 [00:00<00:00, 2802.30it/s, Materializing param=encoder.layer.12.attention.output.LayerNorm.bias]
Loading weights:  51%|█████     | 199/391 [00:00<00:00, 2816.45it/s, Materializing param=encoder.layer.12.attention.output.LayerNorm.weight]
Loading weights:  51%|█████     | 199/391 [00:00<00:00, 2816.45it/s, Materializing param=encoder.layer.12.attention.output.LayerNorm.weight]
Loading weights:  51%|█████     | 200/391 [00:00<00:00, 2830.60it/s, Materializing param=encoder.layer.12.attention.output.dense.bias]      
Loading weights:  51%|█████     | 200/391 [00:00<00:00, 2830.60it/s, Materializing param=encoder.layer.12.attention.output.dense.bias]
Loading weights:  51%|█████▏    | 201/391 [00:00<00:00, 2844.76it/s, Materializing param=encoder.layer.12.attention.output.dense.weight]
Loading weights:  51%|█████▏    | 201/391 [00:00<00:00, 2844.76it/s, Materializing param=encoder.layer.12.attention.output.dense.weight]
Loading weights:  52%|█████▏    | 202/391 [00:00<00:00, 2858.91it/s, Materializing param=encoder.layer.12.attention.self.key.bias]      
Loading weights:  52%|█████▏    | 202/391 [00:00<00:00, 2858.91it/s, Materializing param=encoder.layer.12.attention.self.key.bias]
Loading weights:  52%|█████▏    | 203/391 [00:00<00:00, 2873.06it/s, Materializing param=encoder.layer.12.attention.self.key.weight]
Loading weights:  52%|█████▏    | 203/391 [00:00<00:00, 2873.06it/s, Materializing param=encoder.layer.12.attention.self.key.weight]
Loading weights:  52%|█████▏    | 204/391 [00:00<00:00, 2887.22it/s, Materializing param=encoder.layer.12.attention.self.query.bias]
Loading weights:  52%|█████▏    | 204/391 [00:00<00:00, 2887.22it/s, Materializing param=encoder.layer.12.attention.self.query.bias]
Loading weights:  52%|█████▏    | 205/391 [00:00<00:00, 2901.37it/s, Materializing param=encoder.layer.12.attention.self.query.weight]
Loading weights:  52%|█████▏    | 205/391 [00:00<00:00, 2901.37it/s, Materializing param=encoder.layer.12.attention.self.query.weight]
Loading weights:  53%|█████▎    | 206/391 [00:00<00:00, 2835.11it/s, Materializing param=encoder.layer.12.attention.self.value.bias]  
Loading weights:  53%|█████▎    | 206/391 [00:00<00:00, 2835.11it/s, Materializing param=encoder.layer.12.attention.self.value.bias]
Loading weights:  53%|█████▎    | 207/391 [00:00<00:00, 2848.88it/s, Materializing param=encoder.layer.12.attention.self.value.weight]
Loading weights:  53%|█████▎    | 207/391 [00:00<00:00, 2848.88it/s, Materializing param=encoder.layer.12.attention.self.value.weight]
Loading weights:  53%|█████▎    | 208/391 [00:00<00:00, 2838.50it/s, Materializing param=encoder.layer.12.intermediate.dense.bias]    
Loading weights:  53%|█████▎    | 208/391 [00:00<00:00, 2838.50it/s, Materializing param=encoder.layer.12.intermediate.dense.bias]
Loading weights:  53%|█████▎    | 209/391 [00:00<00:00, 2774.84it/s, Materializing param=encoder.layer.12.intermediate.dense.weight]
Loading weights:  53%|█████▎    | 209/391 [00:00<00:00, 2774.84it/s, Materializing param=encoder.layer.12.intermediate.dense.weight]
Loading weights:  54%|█████▎    | 210/391 [00:00<00:00, 2788.11it/s, Materializing param=encoder.layer.12.output.LayerNorm.bias]    
Loading weights:  54%|█████▎    | 210/391 [00:00<00:00, 2788.11it/s, Materializing param=encoder.layer.12.output.LayerNorm.bias]
Loading weights:  54%|█████▍    | 211/391 [00:00<00:00, 2801.39it/s, Materializing param=encoder.layer.12.output.LayerNorm.weight]
Loading weights:  54%|█████▍    | 211/391 [00:00<00:00, 2801.39it/s, Materializing param=encoder.layer.12.output.LayerNorm.weight]
Loading weights:  54%|█████▍    | 212/391 [00:00<00:00, 2814.67it/s, Materializing param=encoder.layer.12.output.dense.bias]      
Loading weights:  54%|█████▍    | 212/391 [00:00<00:00, 2814.67it/s, Materializing param=encoder.layer.12.output.dense.bias]
Loading weights:  54%|█████▍    | 213/391 [00:00<00:00, 2827.94it/s, Materializing param=encoder.layer.12.output.dense.weight]
Loading weights:  54%|█████▍    | 213/391 [00:00<00:00, 2827.94it/s, Materializing param=encoder.layer.12.output.dense.weight]
Loading weights:  55%|█████▍    | 214/391 [00:00<00:00, 2841.22it/s, Materializing param=encoder.layer.13.attention.output.LayerNorm.bias]
Loading weights:  55%|█████▍    | 214/391 [00:00<00:00, 2841.22it/s, Materializing param=encoder.layer.13.attention.output.LayerNorm.bias]
Loading weights:  55%|█████▍    | 215/391 [00:00<00:00, 2854.50it/s, Materializing param=encoder.layer.13.attention.output.LayerNorm.weight]
Loading weights:  55%|█████▍    | 215/391 [00:00<00:00, 2854.50it/s, Materializing param=encoder.layer.13.attention.output.LayerNorm.weight]
Loading weights:  55%|█████▌    | 216/391 [00:00<00:00, 2867.77it/s, Materializing param=encoder.layer.13.attention.output.dense.bias]      
Loading weights:  55%|█████▌    | 216/391 [00:00<00:00, 2867.77it/s, Materializing param=encoder.layer.13.attention.output.dense.bias]
Loading weights:  55%|█████▌    | 217/391 [00:00<00:00, 2881.05it/s, Materializing param=encoder.layer.13.attention.output.dense.weight]
Loading weights:  55%|█████▌    | 217/391 [00:00<00:00, 2881.05it/s, Materializing param=encoder.layer.13.attention.output.dense.weight]
Loading weights:  56%|█████▌    | 218/391 [00:00<00:00, 2894.33it/s, Materializing param=encoder.layer.13.attention.self.key.bias]      
Loading weights:  56%|█████▌    | 218/391 [00:00<00:00, 2894.33it/s, Materializing param=encoder.layer.13.attention.self.key.bias]
Loading weights:  56%|█████▌    | 219/391 [00:00<00:00, 2907.60it/s, Materializing param=encoder.layer.13.attention.self.key.weight]
Loading weights:  56%|█████▌    | 219/391 [00:00<00:00, 2907.60it/s, Materializing param=encoder.layer.13.attention.self.key.weight]
Loading weights:  56%|█████▋    | 220/391 [00:00<00:00, 2920.88it/s, Materializing param=encoder.layer.13.attention.self.query.bias]
Loading weights:  56%|█████▋    | 220/391 [00:00<00:00, 2920.88it/s, Materializing param=encoder.layer.13.attention.self.query.bias]
Loading weights:  57%|█████▋    | 221/391 [00:00<00:00, 2934.16it/s, Materializing param=encoder.layer.13.attention.self.query.weight]
Loading weights:  57%|█████▋    | 221/391 [00:00<00:00, 2934.16it/s, Materializing param=encoder.layer.13.attention.self.query.weight]
Loading weights:  57%|█████▋    | 222/391 [00:00<00:00, 2816.36it/s, Materializing param=encoder.layer.13.attention.self.value.bias]  
Loading weights:  57%|█████▋    | 222/391 [00:00<00:00, 2816.36it/s, Materializing param=encoder.layer.13.attention.self.value.bias]
Loading weights:  57%|█████▋    | 223/391 [00:00<00:00, 2829.04it/s, Materializing param=encoder.layer.13.attention.self.value.weight]
Loading weights:  57%|█████▋    | 223/391 [00:00<00:00, 2829.04it/s, Materializing param=encoder.layer.13.attention.self.value.weight]
Loading weights:  57%|█████▋    | 224/391 [00:00<00:00, 2841.73it/s, Materializing param=encoder.layer.13.intermediate.dense.bias]    
Loading weights:  57%|█████▋    | 224/391 [00:00<00:00, 2841.73it/s, Materializing param=encoder.layer.13.intermediate.dense.bias]
Loading weights:  58%|█████▊    | 225/391 [00:00<00:00, 2854.42it/s, Materializing param=encoder.layer.13.intermediate.dense.weight]
Loading weights:  58%|█████▊    | 225/391 [00:00<00:00, 2854.42it/s, Materializing param=encoder.layer.13.intermediate.dense.weight]
Loading weights:  58%|█████▊    | 226/391 [00:00<00:00, 2867.10it/s, Materializing param=encoder.layer.13.output.LayerNorm.bias]    
Loading weights:  58%|█████▊    | 226/391 [00:00<00:00, 2867.10it/s, Materializing param=encoder.layer.13.output.LayerNorm.bias]
Loading weights:  58%|█████▊    | 227/391 [00:00<00:00, 2879.79it/s, Materializing param=encoder.layer.13.output.LayerNorm.weight]
Loading weights:  58%|█████▊    | 227/391 [00:00<00:00, 2879.79it/s, Materializing param=encoder.layer.13.output.LayerNorm.weight]
Loading weights:  58%|█████▊    | 228/391 [00:00<00:00, 2892.47it/s, Materializing param=encoder.layer.13.output.dense.bias]      
Loading weights:  58%|█████▊    | 228/391 [00:00<00:00, 2892.47it/s, Materializing param=encoder.layer.13.output.dense.bias]
Loading weights:  59%|█████▊    | 229/391 [00:00<00:00, 2905.16it/s, Materializing param=encoder.layer.13.output.dense.weight]
Loading weights:  59%|█████▊    | 229/391 [00:00<00:00, 2905.16it/s, Materializing param=encoder.layer.13.output.dense.weight]
Loading weights:  59%|█████▉    | 230/391 [00:00<00:00, 2917.85it/s, Materializing param=encoder.layer.14.attention.output.LayerNorm.bias]
Loading weights:  59%|█████▉    | 230/391 [00:00<00:00, 2917.85it/s, Materializing param=encoder.layer.14.attention.output.LayerNorm.bias]
Loading weights:  59%|█████▉    | 231/391 [00:00<00:00, 2930.53it/s, Materializing param=encoder.layer.14.attention.output.LayerNorm.weight]
Loading weights:  59%|█████▉    | 231/391 [00:00<00:00, 2854.97it/s, Materializing param=encoder.layer.14.attention.output.LayerNorm.weight]
Loading weights:  59%|█████▉    | 232/391 [00:00<00:00, 2867.33it/s, Materializing param=encoder.layer.14.attention.output.dense.bias]      
Loading weights:  59%|█████▉    | 232/391 [00:00<00:00, 2867.33it/s, Materializing param=encoder.layer.14.attention.output.dense.bias]
Loading weights:  60%|█████▉    | 233/391 [00:00<00:00, 2879.68it/s, Materializing param=encoder.layer.14.attention.output.dense.weight]
Loading weights:  60%|█████▉    | 233/391 [00:00<00:00, 2879.68it/s, Materializing param=encoder.layer.14.attention.output.dense.weight]
Loading weights:  60%|█████▉    | 234/391 [00:00<00:00, 2892.04it/s, Materializing param=encoder.layer.14.attention.self.key.bias]      
Loading weights:  60%|█████▉    | 234/391 [00:00<00:00, 2892.04it/s, Materializing param=encoder.layer.14.attention.self.key.bias]
Loading weights:  60%|██████    | 235/391 [00:00<00:00, 2904.40it/s, Materializing param=encoder.layer.14.attention.self.key.weight]
Loading weights:  60%|██████    | 235/391 [00:00<00:00, 2904.40it/s, Materializing param=encoder.layer.14.attention.self.key.weight]
Loading weights:  60%|██████    | 236/391 [00:00<00:00, 2916.76it/s, Materializing param=encoder.layer.14.attention.self.query.bias]
Loading weights:  60%|██████    | 236/391 [00:00<00:00, 2916.76it/s, Materializing param=encoder.layer.14.attention.self.query.bias]
Loading weights:  61%|██████    | 237/391 [00:00<00:00, 2929.12it/s, Materializing param=encoder.layer.14.attention.self.query.weight]
Loading weights:  61%|██████    | 237/391 [00:00<00:00, 2929.12it/s, Materializing param=encoder.layer.14.attention.self.query.weight]
Loading weights:  61%|██████    | 238/391 [00:00<00:00, 2941.48it/s, Materializing param=encoder.layer.14.attention.self.value.bias]  
Loading weights:  61%|██████    | 238/391 [00:00<00:00, 2941.48it/s, Materializing param=encoder.layer.14.attention.self.value.bias]
Loading weights:  61%|██████    | 239/391 [00:00<00:00, 2953.84it/s, Materializing param=encoder.layer.14.attention.self.value.weight]
Loading weights:  61%|██████    | 239/391 [00:00<00:00, 2953.84it/s, Materializing param=encoder.layer.14.attention.self.value.weight]
Loading weights:  61%|██████▏   | 240/391 [00:00<00:00, 2966.20it/s, Materializing param=encoder.layer.14.intermediate.dense.bias]    
Loading weights:  61%|██████▏   | 240/391 [00:00<00:00, 2966.20it/s, Materializing param=encoder.layer.14.intermediate.dense.bias]
Loading weights:  62%|██████▏   | 241/391 [00:00<00:00, 2978.56it/s, Materializing param=encoder.layer.14.intermediate.dense.weight]
Loading weights:  62%|██████▏   | 241/391 [00:00<00:00, 2906.23it/s, Materializing param=encoder.layer.14.intermediate.dense.weight]
Loading weights:  62%|██████▏   | 242/391 [00:00<00:00, 2918.29it/s, Materializing param=encoder.layer.14.output.LayerNorm.bias]    
Loading weights:  62%|██████▏   | 242/391 [00:00<00:00, 2918.29it/s, Materializing param=encoder.layer.14.output.LayerNorm.bias]
Loading weights:  62%|██████▏   | 243/391 [00:00<00:00, 2930.35it/s, Materializing param=encoder.layer.14.output.LayerNorm.weight]
Loading weights:  62%|██████▏   | 243/391 [00:00<00:00, 2930.35it/s, Materializing param=encoder.layer.14.output.LayerNorm.weight]
Loading weights:  62%|██████▏   | 244/391 [00:00<00:00, 2942.41it/s, Materializing param=encoder.layer.14.output.dense.bias]      
Loading weights:  62%|██████▏   | 244/391 [00:00<00:00, 2942.41it/s, Materializing param=encoder.layer.14.output.dense.bias]
Loading weights:  63%|██████▎   | 245/391 [00:00<00:00, 2954.47it/s, Materializing param=encoder.layer.14.output.dense.weight]
Loading weights:  63%|██████▎   | 245/391 [00:00<00:00, 2954.47it/s, Materializing param=encoder.layer.14.output.dense.weight]
Loading weights:  63%|██████▎   | 246/391 [00:00<00:00, 2896.54it/s, Materializing param=encoder.layer.15.attention.output.LayerNorm.bias]
Loading weights:  63%|██████▎   | 246/391 [00:00<00:00, 2896.54it/s, Materializing param=encoder.layer.15.attention.output.LayerNorm.bias]
Loading weights:  63%|██████▎   | 247/391 [00:00<00:00, 2908.31it/s, Materializing param=encoder.layer.15.attention.output.LayerNorm.weight]
Loading weights:  63%|██████▎   | 247/391 [00:00<00:00, 2841.28it/s, Materializing param=encoder.layer.15.attention.output.LayerNorm.weight]
Loading weights:  63%|██████▎   | 248/391 [00:00<00:00, 2852.78it/s, Materializing param=encoder.layer.15.attention.output.dense.bias]      
Loading weights:  63%|██████▎   | 248/391 [00:00<00:00, 2852.78it/s, Materializing param=encoder.layer.15.attention.output.dense.bias]
Loading weights:  64%|██████▎   | 249/391 [00:00<00:00, 2864.29it/s, Materializing param=encoder.layer.15.attention.output.dense.weight]
Loading weights:  64%|██████▎   | 249/391 [00:00<00:00, 2864.29it/s, Materializing param=encoder.layer.15.attention.output.dense.weight]
Loading weights:  64%|██████▍   | 250/391 [00:00<00:00, 2875.79it/s, Materializing param=encoder.layer.15.attention.self.key.bias]      
Loading weights:  64%|██████▍   | 250/391 [00:00<00:00, 2875.79it/s, Materializing param=encoder.layer.15.attention.self.key.bias]
Loading weights:  64%|██████▍   | 251/391 [00:00<00:00, 2887.29it/s, Materializing param=encoder.layer.15.attention.self.key.weight]
Loading weights:  64%|██████▍   | 251/391 [00:00<00:00, 2887.29it/s, Materializing param=encoder.layer.15.attention.self.key.weight]
Loading weights:  64%|██████▍   | 252/391 [00:00<00:00, 2898.80it/s, Materializing param=encoder.layer.15.attention.self.query.bias]
Loading weights:  64%|██████▍   | 252/391 [00:00<00:00, 2898.80it/s, Materializing param=encoder.layer.15.attention.self.query.bias]
Loading weights:  65%|██████▍   | 253/391 [00:00<00:00, 2910.30it/s, Materializing param=encoder.layer.15.attention.self.query.weight]
Loading weights:  65%|██████▍   | 253/391 [00:00<00:00, 2910.30it/s, Materializing param=encoder.layer.15.attention.self.query.weight]
Loading weights:  65%|██████▍   | 254/391 [00:00<00:00, 2921.80it/s, Materializing param=encoder.layer.15.attention.self.value.bias]  
Loading weights:  65%|██████▍   | 254/391 [00:00<00:00, 2921.80it/s, Materializing param=encoder.layer.15.attention.self.value.bias]
Loading weights:  65%|██████▌   | 255/391 [00:00<00:00, 2933.30it/s, Materializing param=encoder.layer.15.attention.self.value.weight]
Loading weights:  65%|██████▌   | 255/391 [00:00<00:00, 2933.30it/s, Materializing param=encoder.layer.15.attention.self.value.weight]
Loading weights:  65%|██████▌   | 256/391 [00:00<00:00, 2944.81it/s, Materializing param=encoder.layer.15.intermediate.dense.bias]    
Loading weights:  65%|██████▌   | 256/391 [00:00<00:00, 2944.81it/s, Materializing param=encoder.layer.15.intermediate.dense.bias]
Loading weights:  66%|██████▌   | 257/391 [00:00<00:00, 2956.31it/s, Materializing param=encoder.layer.15.intermediate.dense.weight]
Loading weights:  66%|██████▌   | 257/391 [00:00<00:00, 2956.31it/s, Materializing param=encoder.layer.15.intermediate.dense.weight]
Loading weights:  66%|██████▌   | 258/391 [00:00<00:00, 2872.45it/s, Materializing param=encoder.layer.15.output.LayerNorm.bias]    
Loading weights:  66%|██████▌   | 258/391 [00:00<00:00, 2872.45it/s, Materializing param=encoder.layer.15.output.LayerNorm.bias]
Loading weights:  66%|██████▌   | 259/391 [00:00<00:00, 2883.59it/s, Materializing param=encoder.layer.15.output.LayerNorm.weight]
Loading weights:  66%|██████▌   | 259/391 [00:00<00:00, 2883.59it/s, Materializing param=encoder.layer.15.output.LayerNorm.weight]
Loading weights:  66%|██████▋   | 260/391 [00:00<00:00, 2894.72it/s, Materializing param=encoder.layer.15.output.dense.bias]      
Loading weights:  66%|██████▋   | 260/391 [00:00<00:00, 2894.72it/s, Materializing param=encoder.layer.15.output.dense.bias]
Loading weights:  67%|██████▋   | 261/391 [00:00<00:00, 2905.85it/s, Materializing param=encoder.layer.15.output.dense.weight]
Loading weights:  67%|██████▋   | 261/391 [00:00<00:00, 2905.85it/s, Materializing param=encoder.layer.15.output.dense.weight]
Loading weights:  67%|██████▋   | 262/391 [00:00<00:00, 2897.79it/s, Materializing param=encoder.layer.16.attention.output.LayerNorm.bias]
Loading weights:  67%|██████▋   | 262/391 [00:00<00:00, 2897.79it/s, Materializing param=encoder.layer.16.attention.output.LayerNorm.bias]
Loading weights:  67%|██████▋   | 263/391 [00:00<00:00, 2908.85it/s, Materializing param=encoder.layer.16.attention.output.LayerNorm.weight]
Loading weights:  67%|██████▋   | 263/391 [00:00<00:00, 2908.85it/s, Materializing param=encoder.layer.16.attention.output.LayerNorm.weight]
Loading weights:  68%|██████▊   | 264/391 [00:00<00:00, 2919.91it/s, Materializing param=encoder.layer.16.attention.output.dense.bias]      
Loading weights:  68%|██████▊   | 264/391 [00:00<00:00, 2919.91it/s, Materializing param=encoder.layer.16.attention.output.dense.bias]
Loading weights:  68%|██████▊   | 265/391 [00:00<00:00, 2861.53it/s, Materializing param=encoder.layer.16.attention.output.dense.weight]
Loading weights:  68%|██████▊   | 265/391 [00:00<00:00, 2861.53it/s, Materializing param=encoder.layer.16.attention.output.dense.weight]
Loading weights:  68%|██████▊   | 266/391 [00:00<00:00, 2872.33it/s, Materializing param=encoder.layer.16.attention.self.key.bias]      
Loading weights:  68%|██████▊   | 266/391 [00:00<00:00, 2872.33it/s, Materializing param=encoder.layer.16.attention.self.key.bias]
Loading weights:  68%|██████▊   | 267/391 [00:00<00:00, 2883.13it/s, Materializing param=encoder.layer.16.attention.self.key.weight]
Loading weights:  68%|██████▊   | 267/391 [00:00<00:00, 2883.13it/s, Materializing param=encoder.layer.16.attention.self.key.weight]
Loading weights:  69%|██████▊   | 268/391 [00:00<00:00, 2893.93it/s, Materializing param=encoder.layer.16.attention.self.query.bias]
Loading weights:  69%|██████▊   | 268/391 [00:00<00:00, 2893.93it/s, Materializing param=encoder.layer.16.attention.self.query.bias]
Loading weights:  69%|██████▉   | 269/391 [00:00<00:00, 2904.72it/s, Materializing param=encoder.layer.16.attention.self.query.weight]
Loading weights:  69%|██████▉   | 269/391 [00:00<00:00, 2904.72it/s, Materializing param=encoder.layer.16.attention.self.query.weight]
Loading weights:  69%|██████▉   | 270/391 [00:00<00:00, 2915.52it/s, Materializing param=encoder.layer.16.attention.self.value.bias]  
Loading weights:  69%|██████▉   | 270/391 [00:00<00:00, 2915.52it/s, Materializing param=encoder.layer.16.attention.self.value.bias]
Loading weights:  69%|██████▉   | 271/391 [00:00<00:00, 2926.32it/s, Materializing param=encoder.layer.16.attention.self.value.weight]
Loading weights:  69%|██████▉   | 271/391 [00:00<00:00, 2926.32it/s, Materializing param=encoder.layer.16.attention.self.value.weight]
Loading weights:  70%|██████▉   | 272/391 [00:00<00:00, 2874.86it/s, Materializing param=encoder.layer.16.intermediate.dense.bias]    
Loading weights:  70%|██████▉   | 272/391 [00:00<00:00, 2874.86it/s, Materializing param=encoder.layer.16.intermediate.dense.bias]
Loading weights:  70%|██████▉   | 273/391 [00:00<00:00, 2885.43it/s, Materializing param=encoder.layer.16.intermediate.dense.weight]
Loading weights:  70%|██████▉   | 273/391 [00:00<00:00, 2885.43it/s, Materializing param=encoder.layer.16.intermediate.dense.weight]
Loading weights:  70%|███████   | 274/391 [00:00<00:00, 2835.93it/s, Materializing param=encoder.layer.16.output.LayerNorm.bias]    
Loading weights:  70%|███████   | 274/391 [00:00<00:00, 2835.93it/s, Materializing param=encoder.layer.16.output.LayerNorm.bias]
Loading weights:  70%|███████   | 275/391 [00:00<00:00, 2846.28it/s, Materializing param=encoder.layer.16.output.LayerNorm.weight]
Loading weights:  70%|███████   | 275/391 [00:00<00:00, 2846.28it/s, Materializing param=encoder.layer.16.output.LayerNorm.weight]
Loading weights:  71%|███████   | 276/391 [00:00<00:00, 2856.63it/s, Materializing param=encoder.layer.16.output.dense.bias]      
Loading weights:  71%|███████   | 276/391 [00:00<00:00, 2856.63it/s, Materializing param=encoder.layer.16.output.dense.bias]
Loading weights:  71%|███████   | 277/391 [00:00<00:00, 2866.98it/s, Materializing param=encoder.layer.16.output.dense.weight]
Loading weights:  71%|███████   | 277/391 [00:00<00:00, 2866.98it/s, Materializing param=encoder.layer.16.output.dense.weight]
Loading weights:  71%|███████   | 278/391 [00:00<00:00, 2877.33it/s, Materializing param=encoder.layer.17.attention.output.LayerNorm.bias]
Loading weights:  71%|███████   | 278/391 [00:00<00:00, 2877.33it/s, Materializing param=encoder.layer.17.attention.output.LayerNorm.bias]
Loading weights:  71%|███████▏  | 279/391 [00:00<00:00, 2887.68it/s, Materializing param=encoder.layer.17.attention.output.LayerNorm.weight]
Loading weights:  71%|███████▏  | 279/391 [00:00<00:00, 2887.68it/s, Materializing param=encoder.layer.17.attention.output.LayerNorm.weight]
Loading weights:  72%|███████▏  | 280/391 [00:00<00:00, 2898.03it/s, Materializing param=encoder.layer.17.attention.output.dense.bias]      
Loading weights:  72%|███████▏  | 280/391 [00:00<00:00, 2898.03it/s, Materializing param=encoder.layer.17.attention.output.dense.bias]
Loading weights:  72%|███████▏  | 281/391 [00:00<00:00, 2908.38it/s, Materializing param=encoder.layer.17.attention.output.dense.weight]
Loading weights:  72%|███████▏  | 281/391 [00:00<00:00, 2908.38it/s, Materializing param=encoder.layer.17.attention.output.dense.weight]
Loading weights:  72%|███████▏  | 282/391 [00:00<00:00, 2918.73it/s, Materializing param=encoder.layer.17.attention.self.key.bias]      
Loading weights:  72%|███████▏  | 282/391 [00:00<00:00, 2859.05it/s, Materializing param=encoder.layer.17.attention.self.key.bias]
Loading weights:  72%|███████▏  | 283/391 [00:00<00:00, 2869.19it/s, Materializing param=encoder.layer.17.attention.self.key.weight]
Loading weights:  72%|███████▏  | 283/391 [00:00<00:00, 2869.19it/s, Materializing param=encoder.layer.17.attention.self.key.weight]
Loading weights:  73%|███████▎  | 284/391 [00:00<00:00, 2879.32it/s, Materializing param=encoder.layer.17.attention.self.query.bias]
Loading weights:  73%|███████▎  | 284/391 [00:00<00:00, 2879.32it/s, Materializing param=encoder.layer.17.attention.self.query.bias]
Loading weights:  73%|███████▎  | 285/391 [00:00<00:00, 2889.46it/s, Materializing param=encoder.layer.17.attention.self.query.weight]
Loading weights:  73%|███████▎  | 285/391 [00:00<00:00, 2889.46it/s, Materializing param=encoder.layer.17.attention.self.query.weight]
Loading weights:  73%|███████▎  | 286/391 [00:00<00:00, 2899.60it/s, Materializing param=encoder.layer.17.attention.self.value.bias]  
Loading weights:  73%|███████▎  | 286/391 [00:00<00:00, 2899.60it/s, Materializing param=encoder.layer.17.attention.self.value.bias]
Loading weights:  73%|███████▎  | 287/391 [00:00<00:00, 2909.74it/s, Materializing param=encoder.layer.17.attention.self.value.weight]
Loading weights:  73%|███████▎  | 287/391 [00:00<00:00, 2909.74it/s, Materializing param=encoder.layer.17.attention.self.value.weight]
Loading weights:  74%|███████▎  | 288/391 [00:00<00:00, 2890.48it/s, Materializing param=encoder.layer.17.intermediate.dense.bias]    
Loading weights:  74%|███████▎  | 288/391 [00:00<00:00, 2890.48it/s, Materializing param=encoder.layer.17.intermediate.dense.bias]
Loading weights:  74%|███████▍  | 289/391 [00:00<00:00, 2900.51it/s, Materializing param=encoder.layer.17.intermediate.dense.weight]
Loading weights:  74%|███████▍  | 289/391 [00:00<00:00, 2900.51it/s, Materializing param=encoder.layer.17.intermediate.dense.weight]
Loading weights:  74%|███████▍  | 290/391 [00:00<00:00, 2910.55it/s, Materializing param=encoder.layer.17.output.LayerNorm.bias]    
Loading weights:  74%|███████▍  | 290/391 [00:00<00:00, 2910.55it/s, Materializing param=encoder.layer.17.output.LayerNorm.bias]
Loading weights:  74%|███████▍  | 291/391 [00:00<00:00, 2920.59it/s, Materializing param=encoder.layer.17.output.LayerNorm.weight]
Loading weights:  74%|███████▍  | 291/391 [00:00<00:00, 2920.59it/s, Materializing param=encoder.layer.17.output.LayerNorm.weight]
Loading weights:  75%|███████▍  | 292/391 [00:00<00:00, 2930.62it/s, Materializing param=encoder.layer.17.output.dense.bias]      
Loading weights:  75%|███████▍  | 292/391 [00:00<00:00, 2930.62it/s, Materializing param=encoder.layer.17.output.dense.bias]
Loading weights:  75%|███████▍  | 293/391 [00:00<00:00, 2940.66it/s, Materializing param=encoder.layer.17.output.dense.weight]
Loading weights:  75%|███████▍  | 293/391 [00:00<00:00, 2940.66it/s, Materializing param=encoder.layer.17.output.dense.weight]
Loading weights:  75%|███████▌  | 294/391 [00:00<00:00, 2885.19it/s, Materializing param=encoder.layer.17.output.dense.weight]
Loading weights:  75%|███████▌  | 294/391 [00:00<00:00, 2885.19it/s, Materializing param=encoder.layer.18.attention.output.LayerNorm.bias]
Loading weights:  75%|███████▌  | 294/391 [00:00<00:00, 2885.19it/s, Materializing param=encoder.layer.18.attention.output.LayerNorm.bias]
Loading weights:  75%|███████▌  | 295/391 [00:00<00:00, 2885.19it/s, Materializing param=encoder.layer.18.attention.output.LayerNorm.weight]
Loading weights:  75%|███████▌  | 295/391 [00:00<00:00, 2885.19it/s, Materializing param=encoder.layer.18.attention.output.LayerNorm.weight]
Loading weights:  76%|███████▌  | 296/391 [00:00<00:00, 2885.19it/s, Materializing param=encoder.layer.18.attention.output.dense.bias]      
Loading weights:  76%|███████▌  | 296/391 [00:00<00:00, 2885.19it/s, Materializing param=encoder.layer.18.attention.output.dense.bias]
Loading weights:  76%|███████▌  | 297/391 [00:00<00:00, 2885.19it/s, Materializing param=encoder.layer.18.attention.output.dense.weight]
Loading weights:  76%|███████▌  | 297/391 [00:00<00:00, 2885.19it/s, Materializing param=encoder.layer.18.attention.output.dense.weight]
Loading weights:  76%|███████▌  | 298/391 [00:00<00:00, 2885.19it/s, Materializing param=encoder.layer.18.attention.self.key.bias]      
Loading weights:  76%|███████▌  | 298/391 [00:00<00:00, 2885.19it/s, Materializing param=encoder.layer.18.attention.self.key.bias]
Loading weights:  76%|███████▋  | 299/391 [00:00<00:00, 2885.19it/s, Materializing param=encoder.layer.18.attention.self.key.weight]
Loading weights:  76%|███████▋  | 299/391 [00:00<00:00, 2885.19it/s, Materializing param=encoder.layer.18.attention.self.key.weight]
Loading weights:  77%|███████▋  | 300/391 [00:00<00:00, 2885.19it/s, Materializing param=encoder.layer.18.attention.self.query.bias]
Loading weights:  77%|███████▋  | 300/391 [00:00<00:00, 2885.19it/s, Materializing param=encoder.layer.18.attention.self.query.bias]
Loading weights:  77%|███████▋  | 301/391 [00:00<00:00, 2885.19it/s, Materializing param=encoder.layer.18.attention.self.query.weight]
Loading weights:  77%|███████▋  | 301/391 [00:00<00:00, 2885.19it/s, Materializing param=encoder.layer.18.attention.self.query.weight]
Loading weights:  77%|███████▋  | 302/391 [00:00<00:00, 2885.19it/s, Materializing param=encoder.layer.18.attention.self.value.bias]  
Loading weights:  77%|███████▋  | 302/391 [00:00<00:00, 2885.19it/s, Materializing param=encoder.layer.18.attention.self.value.bias]
Loading weights:  77%|███████▋  | 303/391 [00:00<00:00, 2885.19it/s, Materializing param=encoder.layer.18.attention.self.value.weight]
Loading weights:  77%|███████▋  | 303/391 [00:00<00:00, 2885.19it/s, Materializing param=encoder.layer.18.attention.self.value.weight]
Loading weights:  78%|███████▊  | 304/391 [00:00<00:00, 2885.19it/s, Materializing param=encoder.layer.18.intermediate.dense.bias]    
Loading weights:  78%|███████▊  | 304/391 [00:00<00:00, 2885.19it/s, Materializing param=encoder.layer.18.intermediate.dense.bias]
Loading weights:  78%|███████▊  | 305/391 [00:00<00:00, 2885.19it/s, Materializing param=encoder.layer.18.intermediate.dense.weight]
Loading weights:  78%|███████▊  | 305/391 [00:00<00:00, 2885.19it/s, Materializing param=encoder.layer.18.intermediate.dense.weight]
Loading weights:  78%|███████▊  | 306/391 [00:00<00:00, 2885.19it/s, Materializing param=encoder.layer.18.output.LayerNorm.bias]    
Loading weights:  78%|███████▊  | 306/391 [00:00<00:00, 2885.19it/s, Materializing param=encoder.layer.18.output.LayerNorm.bias]
Loading weights:  79%|███████▊  | 307/391 [00:00<00:00, 2885.19it/s, Materializing param=encoder.layer.18.output.LayerNorm.weight]
Loading weights:  79%|███████▊  | 307/391 [00:00<00:00, 2885.19it/s, Materializing param=encoder.layer.18.output.LayerNorm.weight]
Loading weights:  79%|███████▉  | 308/391 [00:00<00:00, 2885.19it/s, Materializing param=encoder.layer.18.output.dense.bias]      
Loading weights:  79%|███████▉  | 308/391 [00:00<00:00, 2885.19it/s, Materializing param=encoder.layer.18.output.dense.bias]
Loading weights:  79%|███████▉  | 309/391 [00:00<00:00, 2885.19it/s, Materializing param=encoder.layer.18.output.dense.weight]
Loading weights:  79%|███████▉  | 309/391 [00:00<00:00, 2885.19it/s, Materializing param=encoder.layer.18.output.dense.weight]
Loading weights:  79%|███████▉  | 310/391 [00:00<00:00, 2885.19it/s, Materializing param=encoder.layer.19.attention.output.LayerNorm.bias]
Loading weights:  79%|███████▉  | 310/391 [00:00<00:00, 2885.19it/s, Materializing param=encoder.layer.19.attention.output.LayerNorm.bias]
Loading weights:  80%|███████▉  | 311/391 [00:00<00:00, 2885.19it/s, Materializing param=encoder.layer.19.attention.output.LayerNorm.weight]
Loading weights:  80%|███████▉  | 311/391 [00:00<00:00, 2885.19it/s, Materializing param=encoder.layer.19.attention.output.LayerNorm.weight]
Loading weights:  80%|███████▉  | 312/391 [00:00<00:00, 2885.19it/s, Materializing param=encoder.layer.19.attention.output.dense.bias]      
Loading weights:  80%|███████▉  | 312/391 [00:00<00:00, 2885.19it/s, Materializing param=encoder.layer.19.attention.output.dense.bias]
Loading weights:  80%|████████  | 313/391 [00:00<00:00, 2885.19it/s, Materializing param=encoder.layer.19.attention.output.dense.weight]
Loading weights:  80%|████████  | 313/391 [00:00<00:00, 2885.19it/s, Materializing param=encoder.layer.19.attention.output.dense.weight]
Loading weights:  80%|████████  | 314/391 [00:00<00:00, 2885.19it/s, Materializing param=encoder.layer.19.attention.self.key.bias]      
Loading weights:  80%|████████  | 314/391 [00:00<00:00, 2885.19it/s, Materializing param=encoder.layer.19.attention.self.key.bias]
Loading weights:  81%|████████  | 315/391 [00:00<00:00, 2885.19it/s, Materializing param=encoder.layer.19.attention.self.key.weight]
Loading weights:  81%|████████  | 315/391 [00:00<00:00, 2885.19it/s, Materializing param=encoder.layer.19.attention.self.key.weight]
Loading weights:  81%|████████  | 316/391 [00:00<00:00, 2885.19it/s, Materializing param=encoder.layer.19.attention.self.query.bias]
Loading weights:  81%|████████  | 316/391 [00:00<00:00, 2885.19it/s, Materializing param=encoder.layer.19.attention.self.query.bias]
Loading weights:  81%|████████  | 317/391 [00:00<00:00, 2885.19it/s, Materializing param=encoder.layer.19.attention.self.query.weight]
Loading weights:  81%|████████  | 317/391 [00:00<00:00, 2885.19it/s, Materializing param=encoder.layer.19.attention.self.query.weight]
Loading weights:  81%|████████▏ | 318/391 [00:00<00:00, 2885.19it/s, Materializing param=encoder.layer.19.attention.self.value.bias]  
Loading weights:  81%|████████▏ | 318/391 [00:00<00:00, 2885.19it/s, Materializing param=encoder.layer.19.attention.self.value.bias]
Loading weights:  82%|████████▏ | 319/391 [00:00<00:00, 2885.19it/s, Materializing param=encoder.layer.19.attention.self.value.weight]
Loading weights:  82%|████████▏ | 319/391 [00:00<00:00, 2885.19it/s, Materializing param=encoder.layer.19.attention.self.value.weight]
Loading weights:  82%|████████▏ | 320/391 [00:00<00:00, 2885.19it/s, Materializing param=encoder.layer.19.intermediate.dense.bias]    
Loading weights:  82%|████████▏ | 320/391 [00:00<00:00, 2885.19it/s, Materializing param=encoder.layer.19.intermediate.dense.bias]
Loading weights:  82%|████████▏ | 321/391 [00:00<00:00, 2885.19it/s, Materializing param=encoder.layer.19.intermediate.dense.weight]
Loading weights:  82%|████████▏ | 321/391 [00:00<00:00, 2885.19it/s, Materializing param=encoder.layer.19.intermediate.dense.weight]
Loading weights:  82%|████████▏ | 322/391 [00:00<00:00, 2885.19it/s, Materializing param=encoder.layer.19.output.LayerNorm.bias]    
Loading weights:  82%|████████▏ | 322/391 [00:00<00:00, 2885.19it/s, Materializing param=encoder.layer.19.output.LayerNorm.bias]
Loading weights:  83%|████████▎ | 323/391 [00:00<00:00, 2885.19it/s, Materializing param=encoder.layer.19.output.LayerNorm.weight]
Loading weights:  83%|████████▎ | 323/391 [00:00<00:00, 2885.19it/s, Materializing param=encoder.layer.19.output.LayerNorm.weight]
Loading weights:  83%|████████▎ | 324/391 [00:00<00:00, 2885.19it/s, Materializing param=encoder.layer.19.output.dense.bias]      
Loading weights:  83%|████████▎ | 324/391 [00:00<00:00, 2885.19it/s, Materializing param=encoder.layer.19.output.dense.bias]
Loading weights:  83%|████████▎ | 325/391 [00:00<00:00, 2885.19it/s, Materializing param=encoder.layer.19.output.dense.weight]
Loading weights:  83%|████████▎ | 325/391 [00:00<00:00, 2885.19it/s, Materializing param=encoder.layer.19.output.dense.weight]
Loading weights:  83%|████████▎ | 326/391 [00:00<00:00, 2885.19it/s, Materializing param=encoder.layer.20.attention.output.LayerNorm.bias]
Loading weights:  83%|████████▎ | 326/391 [00:00<00:00, 2885.19it/s, Materializing param=encoder.layer.20.attention.output.LayerNorm.bias]
Loading weights:  84%|████████▎ | 327/391 [00:00<00:00, 2885.19it/s, Materializing param=encoder.layer.20.attention.output.LayerNorm.weight]
Loading weights:  84%|████████▎ | 327/391 [00:00<00:00, 2885.19it/s, Materializing param=encoder.layer.20.attention.output.LayerNorm.weight]
Loading weights:  84%|████████▍ | 328/391 [00:00<00:00, 2885.19it/s, Materializing param=encoder.layer.20.attention.output.dense.bias]      
Loading weights:  84%|████████▍ | 328/391 [00:00<00:00, 2885.19it/s, Materializing param=encoder.layer.20.attention.output.dense.bias]
Loading weights:  84%|████████▍ | 329/391 [00:00<00:00, 2885.19it/s, Materializing param=encoder.layer.20.attention.output.dense.weight]
Loading weights:  84%|████████▍ | 329/391 [00:00<00:00, 2885.19it/s, Materializing param=encoder.layer.20.attention.output.dense.weight]
Loading weights:  84%|████████▍ | 330/391 [00:00<00:00, 2885.19it/s, Materializing param=encoder.layer.20.attention.self.key.bias]      
Loading weights:  84%|████████▍ | 330/391 [00:00<00:00, 2885.19it/s, Materializing param=encoder.layer.20.attention.self.key.bias]
Loading weights:  85%|████████▍ | 331/391 [00:00<00:00, 2885.19it/s, Materializing param=encoder.layer.20.attention.self.key.weight]
Loading weights:  85%|████████▍ | 331/391 [00:00<00:00, 2885.19it/s, Materializing param=encoder.layer.20.attention.self.key.weight]
Loading weights:  85%|████████▍ | 332/391 [00:00<00:00, 2885.19it/s, Materializing param=encoder.layer.20.attention.self.query.bias]
Loading weights:  85%|████████▍ | 332/391 [00:00<00:00, 2885.19it/s, Materializing param=encoder.layer.20.attention.self.query.bias]
Loading weights:  85%|████████▌ | 333/391 [00:00<00:00, 2885.19it/s, Materializing param=encoder.layer.20.attention.self.query.weight]
Loading weights:  85%|████████▌ | 333/391 [00:00<00:00, 2885.19it/s, Materializing param=encoder.layer.20.attention.self.query.weight]
Loading weights:  85%|████████▌ | 334/391 [00:00<00:00, 2885.19it/s, Materializing param=encoder.layer.20.attention.self.value.bias]  
Loading weights:  85%|████████▌ | 334/391 [00:00<00:00, 2885.19it/s, Materializing param=encoder.layer.20.attention.self.value.bias]
Loading weights:  86%|████████▌ | 335/391 [00:00<00:00, 2885.19it/s, Materializing param=encoder.layer.20.attention.self.value.weight]
Loading weights:  86%|████████▌ | 335/391 [00:00<00:00, 2885.19it/s, Materializing param=encoder.layer.20.attention.self.value.weight]
Loading weights:  86%|████████▌ | 336/391 [00:00<00:00, 2885.19it/s, Materializing param=encoder.layer.20.intermediate.dense.bias]    
Loading weights:  86%|████████▌ | 336/391 [00:00<00:00, 2885.19it/s, Materializing param=encoder.layer.20.intermediate.dense.bias]
Loading weights:  86%|████████▌ | 337/391 [00:00<00:00, 2885.19it/s, Materializing param=encoder.layer.20.intermediate.dense.weight]
Loading weights:  86%|████████▌ | 337/391 [00:00<00:00, 2885.19it/s, Materializing param=encoder.layer.20.intermediate.dense.weight]
Loading weights:  86%|████████▋ | 338/391 [00:00<00:00, 2885.19it/s, Materializing param=encoder.layer.20.output.LayerNorm.bias]    
Loading weights:  86%|████████▋ | 338/391 [00:00<00:00, 2885.19it/s, Materializing param=encoder.layer.20.output.LayerNorm.bias]
Loading weights:  87%|████████▋ | 339/391 [00:00<00:00, 2885.19it/s, Materializing param=encoder.layer.20.output.LayerNorm.weight]
Loading weights:  87%|████████▋ | 339/391 [00:00<00:00, 2885.19it/s, Materializing param=encoder.layer.20.output.LayerNorm.weight]
Loading weights:  87%|████████▋ | 340/391 [00:00<00:00, 2885.19it/s, Materializing param=encoder.layer.20.output.dense.bias]      
Loading weights:  87%|████████▋ | 340/391 [00:00<00:00, 2885.19it/s, Materializing param=encoder.layer.20.output.dense.bias]
Loading weights:  87%|████████▋ | 341/391 [00:00<00:00, 2885.19it/s, Materializing param=encoder.layer.20.output.dense.weight]
Loading weights:  87%|████████▋ | 341/391 [00:00<00:00, 2885.19it/s, Materializing param=encoder.layer.20.output.dense.weight]
Loading weights:  87%|████████▋ | 342/391 [00:00<00:00, 2885.19it/s, Materializing param=encoder.layer.21.attention.output.LayerNorm.bias]
Loading weights:  87%|████████▋ | 342/391 [00:00<00:00, 2885.19it/s, Materializing param=encoder.layer.21.attention.output.LayerNorm.bias]
Loading weights:  88%|████████▊ | 343/391 [00:00<00:00, 2885.19it/s, Materializing param=encoder.layer.21.attention.output.LayerNorm.weight]
Loading weights:  88%|████████▊ | 343/391 [00:00<00:00, 2885.19it/s, Materializing param=encoder.layer.21.attention.output.LayerNorm.weight]
Loading weights:  88%|████████▊ | 344/391 [00:00<00:00, 2885.19it/s, Materializing param=encoder.layer.21.attention.output.dense.bias]      
Loading weights:  88%|████████▊ | 344/391 [00:00<00:00, 2885.19it/s, Materializing param=encoder.layer.21.attention.output.dense.bias]
Loading weights:  88%|████████▊ | 345/391 [00:00<00:00, 2885.19it/s, Materializing param=encoder.layer.21.attention.output.dense.weight]
Loading weights:  88%|████████▊ | 345/391 [00:00<00:00, 2885.19it/s, Materializing param=encoder.layer.21.attention.output.dense.weight]
Loading weights:  88%|████████▊ | 346/391 [00:00<00:00, 2885.19it/s, Materializing param=encoder.layer.21.attention.self.key.bias]      
Loading weights:  88%|████████▊ | 346/391 [00:00<00:00, 2885.19it/s, Materializing param=encoder.layer.21.attention.self.key.bias]
Loading weights:  89%|████████▊ | 347/391 [00:00<00:00, 2885.19it/s, Materializing param=encoder.layer.21.attention.self.key.weight]
Loading weights:  89%|████████▊ | 347/391 [00:00<00:00, 2885.19it/s, Materializing param=encoder.layer.21.attention.self.key.weight]
Loading weights:  89%|████████▉ | 348/391 [00:00<00:00, 2885.19it/s, Materializing param=encoder.layer.21.attention.self.query.bias]
Loading weights:  89%|████████▉ | 348/391 [00:00<00:00, 2885.19it/s, Materializing param=encoder.layer.21.attention.self.query.bias]
Loading weights:  89%|████████▉ | 349/391 [00:00<00:00, 2885.19it/s, Materializing param=encoder.layer.21.attention.self.query.weight]
Loading weights:  89%|████████▉ | 349/391 [00:00<00:00, 2885.19it/s, Materializing param=encoder.layer.21.attention.self.query.weight]
Loading weights:  90%|████████▉ | 350/391 [00:00<00:00, 2885.19it/s, Materializing param=encoder.layer.21.attention.self.value.bias]  
Loading weights:  90%|████████▉ | 350/391 [00:00<00:00, 2885.19it/s, Materializing param=encoder.layer.21.attention.self.value.bias]
Loading weights:  90%|████████▉ | 351/391 [00:00<00:00, 2885.19it/s, Materializing param=encoder.layer.21.attention.self.value.weight]
Loading weights:  90%|████████▉ | 351/391 [00:00<00:00, 2885.19it/s, Materializing param=encoder.layer.21.attention.self.value.weight]
Loading weights:  90%|█████████ | 352/391 [00:00<00:00, 2885.19it/s, Materializing param=encoder.layer.21.intermediate.dense.bias]    
Loading weights:  90%|█████████ | 352/391 [00:00<00:00, 2885.19it/s, Materializing param=encoder.layer.21.intermediate.dense.bias]
Loading weights:  90%|█████████ | 353/391 [00:00<00:00, 2885.19it/s, Materializing param=encoder.layer.21.intermediate.dense.weight]
Loading weights:  90%|█████████ | 353/391 [00:00<00:00, 2885.19it/s, Materializing param=encoder.layer.21.intermediate.dense.weight]
Loading weights:  91%|█████████ | 354/391 [00:00<00:00, 2885.19it/s, Materializing param=encoder.layer.21.output.LayerNorm.bias]    
Loading weights:  91%|█████████ | 354/391 [00:00<00:00, 2885.19it/s, Materializing param=encoder.layer.21.output.LayerNorm.bias]
Loading weights:  91%|█████████ | 355/391 [00:00<00:00, 2885.19it/s, Materializing param=encoder.layer.21.output.LayerNorm.weight]
Loading weights:  91%|█████████ | 355/391 [00:00<00:00, 2885.19it/s, Materializing param=encoder.layer.21.output.LayerNorm.weight]
Loading weights:  91%|█████████ | 356/391 [00:00<00:00, 2885.19it/s, Materializing param=encoder.layer.21.output.dense.bias]      
Loading weights:  91%|█████████ | 356/391 [00:00<00:00, 2885.19it/s, Materializing param=encoder.layer.21.output.dense.bias]
Loading weights:  91%|█████████▏| 357/391 [00:00<00:00, 2885.19it/s, Materializing param=encoder.layer.21.output.dense.weight]
Loading weights:  91%|█████████▏| 357/391 [00:00<00:00, 2885.19it/s, Materializing param=encoder.layer.21.output.dense.weight]
Loading weights:  92%|█████████▏| 358/391 [00:00<00:00, 2885.19it/s, Materializing param=encoder.layer.22.attention.output.LayerNorm.bias]
Loading weights:  92%|█████████▏| 358/391 [00:00<00:00, 2885.19it/s, Materializing param=encoder.layer.22.attention.output.LayerNorm.bias]
Loading weights:  92%|█████████▏| 359/391 [00:00<00:00, 2885.19it/s, Materializing param=encoder.layer.22.attention.output.LayerNorm.weight]
Loading weights:  92%|█████████▏| 359/391 [00:00<00:00, 2885.19it/s, Materializing param=encoder.layer.22.attention.output.LayerNorm.weight]
Loading weights:  92%|█████████▏| 360/391 [00:00<00:00, 2885.19it/s, Materializing param=encoder.layer.22.attention.output.dense.bias]      
Loading weights:  92%|█████████▏| 360/391 [00:00<00:00, 2885.19it/s, Materializing param=encoder.layer.22.attention.output.dense.bias]
Loading weights:  92%|█████████▏| 361/391 [00:00<00:00, 2885.19it/s, Materializing param=encoder.layer.22.attention.output.dense.weight]
Loading weights:  92%|█████████▏| 361/391 [00:00<00:00, 2885.19it/s, Materializing param=encoder.layer.22.attention.output.dense.weight]
Loading weights:  93%|█████████▎| 362/391 [00:00<00:00, 2885.19it/s, Materializing param=encoder.layer.22.attention.self.key.bias]      
Loading weights:  93%|█████████▎| 362/391 [00:00<00:00, 2885.19it/s, Materializing param=encoder.layer.22.attention.self.key.bias]
Loading weights:  93%|█████████▎| 363/391 [00:00<00:00, 2885.19it/s, Materializing param=encoder.layer.22.attention.self.key.weight]
Loading weights:  93%|█████████▎| 363/391 [00:00<00:00, 2885.19it/s, Materializing param=encoder.layer.22.attention.self.key.weight]
Loading weights:  93%|█████████▎| 364/391 [00:00<00:00, 2885.19it/s, Materializing param=encoder.layer.22.attention.self.query.bias]
Loading weights:  93%|█████████▎| 364/391 [00:00<00:00, 2885.19it/s, Materializing param=encoder.layer.22.attention.self.query.bias]
Loading weights:  93%|█████████▎| 365/391 [00:00<00:00, 2885.19it/s, Materializing param=encoder.layer.22.attention.self.query.weight]
Loading weights:  93%|█████████▎| 365/391 [00:00<00:00, 2885.19it/s, Materializing param=encoder.layer.22.attention.self.query.weight]
Loading weights:  94%|█████████▎| 366/391 [00:00<00:00, 2885.19it/s, Materializing param=encoder.layer.22.attention.self.value.bias]  
Loading weights:  94%|█████████▎| 366/391 [00:00<00:00, 2885.19it/s, Materializing param=encoder.layer.22.attention.self.value.bias]
Loading weights:  94%|█████████▍| 367/391 [00:00<00:00, 2885.19it/s, Materializing param=encoder.layer.22.attention.self.value.weight]
Loading weights:  94%|█████████▍| 367/391 [00:00<00:00, 2885.19it/s, Materializing param=encoder.layer.22.attention.self.value.weight]
Loading weights:  94%|█████████▍| 368/391 [00:00<00:00, 2885.19it/s, Materializing param=encoder.layer.22.intermediate.dense.bias]    
Loading weights:  94%|█████████▍| 368/391 [00:00<00:00, 2885.19it/s, Materializing param=encoder.layer.22.intermediate.dense.bias]
Loading weights:  94%|█████████▍| 369/391 [00:00<00:00, 2885.19it/s, Materializing param=encoder.layer.22.intermediate.dense.weight]
Loading weights:  94%|█████████▍| 369/391 [00:00<00:00, 2885.19it/s, Materializing param=encoder.layer.22.intermediate.dense.weight]
Loading weights:  95%|█████████▍| 370/391 [00:00<00:00, 2885.19it/s, Materializing param=encoder.layer.22.output.LayerNorm.bias]    
Loading weights:  95%|█████████▍| 370/391 [00:00<00:00, 2885.19it/s, Materializing param=encoder.layer.22.output.LayerNorm.bias]
Loading weights:  95%|█████████▍| 371/391 [00:00<00:00, 2885.19it/s, Materializing param=encoder.layer.22.output.LayerNorm.weight]
Loading weights:  95%|█████████▍| 371/391 [00:00<00:00, 2885.19it/s, Materializing param=encoder.layer.22.output.LayerNorm.weight]
Loading weights:  95%|█████████▌| 372/391 [00:00<00:00, 2885.19it/s, Materializing param=encoder.layer.22.output.dense.bias]      
Loading weights:  95%|█████████▌| 372/391 [00:00<00:00, 2885.19it/s, Materializing param=encoder.layer.22.output.dense.bias]
Loading weights:  95%|█████████▌| 373/391 [00:00<00:00, 2885.19it/s, Materializing param=encoder.layer.22.output.dense.weight]
Loading weights:  95%|█████████▌| 373/391 [00:00<00:00, 2885.19it/s, Materializing param=encoder.layer.22.output.dense.weight]
Loading weights:  96%|█████████▌| 374/391 [00:00<00:00, 2885.19it/s, Materializing param=encoder.layer.23.attention.output.LayerNorm.bias]
Loading weights:  96%|█████████▌| 374/391 [00:00<00:00, 2885.19it/s, Materializing param=encoder.layer.23.attention.output.LayerNorm.bias]
Loading weights:  96%|█████████▌| 375/391 [00:00<00:00, 2885.19it/s, Materializing param=encoder.layer.23.attention.output.LayerNorm.weight]
Loading weights:  96%|█████████▌| 375/391 [00:00<00:00, 2885.19it/s, Materializing param=encoder.layer.23.attention.output.LayerNorm.weight]
Loading weights:  96%|█████████▌| 376/391 [00:00<00:00, 2885.19it/s, Materializing param=encoder.layer.23.attention.output.dense.bias]      
Loading weights:  96%|█████████▌| 376/391 [00:00<00:00, 2885.19it/s, Materializing param=encoder.layer.23.attention.output.dense.bias]
Loading weights:  96%|█████████▋| 377/391 [00:00<00:00, 2885.19it/s, Materializing param=encoder.layer.23.attention.output.dense.weight]
Loading weights:  96%|█████████▋| 377/391 [00:00<00:00, 2885.19it/s, Materializing param=encoder.layer.23.attention.output.dense.weight]
Loading weights:  97%|█████████▋| 378/391 [00:00<00:00, 2885.19it/s, Materializing param=encoder.layer.23.attention.self.key.bias]      
Loading weights:  97%|█████████▋| 378/391 [00:00<00:00, 2885.19it/s, Materializing param=encoder.layer.23.attention.self.key.bias]
Loading weights:  97%|█████████▋| 379/391 [00:00<00:00, 2885.19it/s, Materializing param=encoder.layer.23.attention.self.key.weight]
Loading weights:  97%|█████████▋| 379/391 [00:00<00:00, 2885.19it/s, Materializing param=encoder.layer.23.attention.self.key.weight]
Loading weights:  97%|█████████▋| 380/391 [00:00<00:00, 2885.19it/s, Materializing param=encoder.layer.23.attention.self.query.bias]
Loading weights:  97%|█████████▋| 380/391 [00:00<00:00, 2885.19it/s, Materializing param=encoder.layer.23.attention.self.query.bias]
Loading weights:  97%|█████████▋| 381/391 [00:00<00:00, 2885.19it/s, Materializing param=encoder.layer.23.attention.self.query.weight]
Loading weights:  97%|█████████▋| 381/391 [00:00<00:00, 2885.19it/s, Materializing param=encoder.layer.23.attention.self.query.weight]
Loading weights:  98%|█████████▊| 382/391 [00:00<00:00, 2885.19it/s, Materializing param=encoder.layer.23.attention.self.value.bias]  
Loading weights:  98%|█████████▊| 382/391 [00:00<00:00, 2885.19it/s, Materializing param=encoder.layer.23.attention.self.value.bias]
Loading weights:  98%|█████████▊| 383/391 [00:00<00:00, 2885.19it/s, Materializing param=encoder.layer.23.attention.self.value.weight]
Loading weights:  98%|█████████▊| 383/391 [00:00<00:00, 2885.19it/s, Materializing param=encoder.layer.23.attention.self.value.weight]
Loading weights:  98%|█████████▊| 384/391 [00:00<00:00, 2885.19it/s, Materializing param=encoder.layer.23.intermediate.dense.bias]    
Loading weights:  98%|█████████▊| 384/391 [00:00<00:00, 2885.19it/s, Materializing param=encoder.layer.23.intermediate.dense.bias]
Loading weights:  98%|█████████▊| 385/391 [00:00<00:00, 2885.19it/s, Materializing param=encoder.layer.23.intermediate.dense.weight]
Loading weights:  98%|█████████▊| 385/391 [00:00<00:00, 2885.19it/s, Materializing param=encoder.layer.23.intermediate.dense.weight]
Loading weights:  99%|█████████▊| 386/391 [00:00<00:00, 2885.19it/s, Materializing param=encoder.layer.23.output.LayerNorm.bias]    
Loading weights:  99%|█████████▊| 386/391 [00:00<00:00, 2885.19it/s, Materializing param=encoder.layer.23.output.LayerNorm.bias]
Loading weights:  99%|█████████▉| 387/391 [00:00<00:00, 2885.19it/s, Materializing param=encoder.layer.23.output.LayerNorm.weight]
Loading weights:  99%|█████████▉| 387/391 [00:00<00:00, 2885.19it/s, Materializing param=encoder.layer.23.output.LayerNorm.weight]
Loading weights:  99%|█████████▉| 388/391 [00:00<00:00, 2885.19it/s, Materializing param=encoder.layer.23.output.dense.bias]      
Loading weights:  99%|█████████▉| 388/391 [00:00<00:00, 2885.19it/s, Materializing param=encoder.layer.23.output.dense.bias]
Loading weights:  99%|█████████▉| 389/391 [00:00<00:00, 2885.19it/s, Materializing param=encoder.layer.23.output.dense.weight]
Loading weights:  99%|█████████▉| 389/391 [00:00<00:00, 2885.19it/s, Materializing param=encoder.layer.23.output.dense.weight]
Loading weights: 100%|█████████▉| 390/391 [00:00<00:00, 2885.19it/s, Materializing param=pooler.dense.bias]                   
Loading weights: 100%|█████████▉| 390/391 [00:00<00:00, 2885.19it/s, Materializing param=pooler.dense.bias]
Loading weights: 100%|██████████| 391/391 [00:00<00:00, 2885.19it/s, Materializing param=pooler.dense.weight]
Loading weights: 100%|██████████| 391/391 [00:00<00:00, 2885.19it/s, Materializing param=pooler.dense.weight]
Loading weights: 100%|██████████| 391/391 [00:00<00:00, 3046.80it/s, Materializing param=pooler.dense.weight]

Processing:   0%|          | 0/4 [00:00<?, ?item/s]
Processing: 100%|██████████| 4/4 [00:00<?, ?item/s]
[competencies] provider preflight: shared HTTP /v1/models probe base_url='' model='claude-sonnet-5' timeout_s=5.0

Processing:   0%|          | 0/4 [00:00<?, ?item/s]
Processing: 100%|██████████| 4/4 [00:00<?, ?item/s]

Processing:   0%|          | 0/4 [00:00<?, ?item/s]
Processing: 100%|██████████| 4/4 [00:00<?, ?item/s]
