
Processing: 0item [00:00, ?item/s]
Processing: 0item [00:00, ?item/s]

Processing: 0item [00:00, ?item/s]
Processing: 0item [00:00, ?item/s]

Processing: 0item [00:00, ?item/s]
Processing: 0item [00:00, ?item/s]

Processing: 0item [00:00, ?item/s]
Processing: 0item [00:00, ?item/s]

Processing: 0item [00:00, ?item/s]
Processing: 0item [00:00, ?item/s]

Processing: 0item [00:00, ?item/s]
Processing: 0item [00:00, ?item/s]

Processing: 0item [00:00, ?item/s]
Processing: 0item [00:00, ?item/s]

Processing:   0%|          | 0/4 [00:00<?, ?item/s]
Processing: 100%|ΓûêΓûêΓûêΓûêΓûêΓûêΓûêΓûêΓûêΓûê| 4/4 [00:00<?, ?item/s]

Processing:   0%|          | 0/4 [00:00<?, ?item/s]
Processing: 100%|ΓûêΓûêΓûêΓûêΓûêΓûêΓûêΓûêΓûêΓûê| 4/4 [00:00<?, ?item/s]

Processing:   0%|          | 0/4 [00:00<?, ?item/s]
Processing: 100%|ΓûêΓûêΓûêΓûêΓûêΓûêΓûêΓûêΓûêΓûê| 4/4 [00:00<00:00, 724.12item/s]

Loading weights:   0%|          | 0/391 [00:00<?, ?it/s]
Loading weights:   0%|          | 1/391 [00:00<?, ?it/s, Materializing param=embeddings.LayerNorm.bias]
Loading weights:   0%|          | 1/391 [00:00<?, ?it/s, Materializing param=embeddings.LayerNorm.bias]
Loading weights:   1%|          | 2/391 [00:00<?, ?it/s, Materializing param=embeddings.LayerNorm.weight]
Loading weights:   1%|          | 2/391 [00:00<?, ?it/s, Materializing param=embeddings.LayerNorm.weight]
Loading weights:   1%|          | 3/391 [00:00<?, ?it/s, Materializing param=embeddings.position_embeddings.weight]
Loading weights:   1%|          | 3/391 [00:00<?, ?it/s, Materializing param=embeddings.position_embeddings.weight]
Loading weights:   1%|          | 4/391 [00:00<?, ?it/s, Materializing param=embeddings.token_type_embeddings.weight]
Loading weights:   1%|          | 4/391 [00:00<?, ?it/s, Materializing param=embeddings.token_type_embeddings.weight]
Loading weights:   1%|ΓûÅ         | 5/391 [00:00<?, ?it/s, Materializing param=embeddings.word_embeddings.weight]      
Loading weights:   1%|ΓûÅ         | 5/391 [00:00<?, ?it/s, Materializing param=embeddings.word_embeddings.weight]
Loading weights:   2%|ΓûÅ         | 6/391 [00:00<00:00, 570.73it/s, Materializing param=encoder.layer.0.attention.output.LayerNorm.bias]
Loading weights:   2%|ΓûÅ         | 6/391 [00:00<00:00, 570.73it/s, Materializing param=encoder.layer.0.attention.output.LayerNorm.bias]
Loading weights:   2%|ΓûÅ         | 7/391 [00:00<00:00, 665.85it/s, Materializing param=encoder.layer.0.attention.output.LayerNorm.weight]
Loading weights:   2%|ΓûÅ         | 7/391 [00:00<00:00, 665.85it/s, Materializing param=encoder.layer.0.attention.output.LayerNorm.weight]
Loading weights:   2%|ΓûÅ         | 8/391 [00:00<00:00, 760.98it/s, Materializing param=encoder.layer.0.attention.output.dense.bias]      
Loading weights:   2%|ΓûÅ         | 8/391 [00:00<00:00, 760.98it/s, Materializing param=encoder.layer.0.attention.output.dense.bias]
Loading weights:   2%|ΓûÅ         | 9/391 [00:00<00:00, 856.10it/s, Materializing param=encoder.layer.0.attention.output.dense.weight]
Loading weights:   2%|ΓûÅ         | 9/391 [00:00<00:00, 856.10it/s, Materializing param=encoder.layer.0.attention.output.dense.weight]
Loading weights:   3%|ΓûÄ         | 10/391 [00:00<00:00, 951.22it/s, Materializing param=encoder.layer.0.attention.self.key.bias]     
Loading weights:   3%|ΓûÄ         | 10/391 [00:00<00:00, 951.22it/s, Materializing param=encoder.layer.0.attention.self.key.bias]
Loading weights:   3%|ΓûÄ         | 11/391 [00:00<00:00, 1046.34it/s, Materializing param=encoder.layer.0.attention.self.key.weight]
Loading weights:   3%|ΓûÄ         | 11/391 [00:00<00:00, 1046.34it/s, Materializing param=encoder.layer.0.attention.self.key.weight]
Loading weights:   3%|ΓûÄ         | 12/391 [00:00<00:00, 1141.46it/s, Materializing param=encoder.layer.0.attention.self.query.bias]
Loading weights:   3%|ΓûÄ         | 12/391 [00:00<00:00, 1078.32it/s, Materializing param=encoder.layer.0.attention.self.query.bias]
Loading weights:   3%|ΓûÄ         | 13/391 [00:00<00:00, 1168.18it/s, Materializing param=encoder.layer.0.attention.self.query.weight]
Loading weights:   3%|ΓûÄ         | 13/391 [00:00<00:00, 1168.18it/s, Materializing param=encoder.layer.0.attention.self.query.weight]
Loading weights:   4%|ΓûÄ         | 14/391 [00:00<00:00, 1258.04it/s, Materializing param=encoder.layer.0.attention.self.value.bias]  
Loading weights:   4%|ΓûÄ         | 14/391 [00:00<00:00, 1258.04it/s, Materializing param=encoder.layer.0.attention.self.value.bias]
Loading weights:   4%|Γûì         | 15/391 [00:00<00:00, 1347.90it/s, Materializing param=encoder.layer.0.attention.self.value.weight]
Loading weights:   4%|Γûì         | 15/391 [00:00<00:00, 1347.90it/s, Materializing param=encoder.layer.0.attention.self.value.weight]
Loading weights:   4%|Γûì         | 16/391 [00:00<00:00, 1437.76it/s, Materializing param=encoder.layer.0.intermediate.dense.bias]    
Loading weights:   4%|Γûì         | 16/391 [00:00<00:00, 1437.76it/s, Materializing param=encoder.layer.0.intermediate.dense.bias]
Loading weights:   4%|Γûì         | 17/391 [00:00<00:00, 1527.62it/s, Materializing param=encoder.layer.0.intermediate.dense.weight]
Loading weights:   4%|Γûì         | 17/391 [00:00<00:00, 1527.62it/s, Materializing param=encoder.layer.0.intermediate.dense.weight]
Loading weights:   5%|Γûì         | 18/391 [00:00<00:00, 1617.48it/s, Materializing param=encoder.layer.0.output.LayerNorm.bias]    
Loading weights:   5%|Γûì         | 18/391 [00:00<00:00, 1617.48it/s, Materializing param=encoder.layer.0.output.LayerNorm.bias]
Loading weights:   5%|Γûì         | 19/391 [00:00<00:00, 1707.34it/s, Materializing param=encoder.layer.0.output.LayerNorm.weight]
Loading weights:   5%|Γûì         | 19/391 [00:00<00:00, 1707.34it/s, Materializing param=encoder.layer.0.output.LayerNorm.weight]
Loading weights:   5%|Γûî         | 20/391 [00:00<00:00, 1797.20it/s, Materializing param=encoder.layer.0.output.dense.bias]      
Loading weights:   5%|Γûî         | 20/391 [00:00<00:00, 1797.20it/s, Materializing param=encoder.layer.0.output.dense.bias]
Loading weights:   5%|Γûî         | 21/391 [00:00<00:00, 1887.06it/s, Materializing param=encoder.layer.0.output.dense.weight]
Loading weights:   5%|Γûî         | 21/391 [00:00<00:00, 1887.06it/s, Materializing param=encoder.layer.0.output.dense.weight]
Loading weights:   6%|Γûî         | 22/391 [00:00<00:00, 1976.92it/s, Materializing param=encoder.layer.1.attention.output.LayerNorm.bias]
Loading weights:   6%|Γûî         | 22/391 [00:00<00:00, 1976.92it/s, Materializing param=encoder.layer.1.attention.output.LayerNorm.bias]
Loading weights:   6%|Γûî         | 23/391 [00:00<00:00, 2066.78it/s, Materializing param=encoder.layer.1.attention.output.LayerNorm.weight]
Loading weights:   6%|Γûî         | 23/391 [00:00<00:00, 2066.78it/s, Materializing param=encoder.layer.1.attention.output.LayerNorm.weight]
Loading weights:   6%|Γûî         | 24/391 [00:00<00:00, 2156.64it/s, Materializing param=encoder.layer.1.attention.output.dense.bias]      
Loading weights:   6%|Γûî         | 24/391 [00:00<00:00, 2156.64it/s, Materializing param=encoder.layer.1.attention.output.dense.bias]
Loading weights:   6%|Γûï         | 25/391 [00:00<00:00, 2246.50it/s, Materializing param=encoder.layer.1.attention.output.dense.weight]
Loading weights:   6%|Γûï         | 25/391 [00:00<00:00, 2246.50it/s, Materializing param=encoder.layer.1.attention.output.dense.weight]
Loading weights:   7%|Γûï         | 26/391 [00:00<00:00, 2142.39it/s, Materializing param=encoder.layer.1.attention.self.key.bias]      
Loading weights:   7%|Γûï         | 26/391 [00:00<00:00, 2142.39it/s, Materializing param=encoder.layer.1.attention.self.key.bias]
Loading weights:   7%|Γûï         | 27/391 [00:00<00:00, 2224.79it/s, Materializing param=encoder.layer.1.attention.self.key.weight]
Loading weights:   7%|Γûï         | 27/391 [00:00<00:00, 2224.79it/s, Materializing param=encoder.layer.1.attention.self.key.weight]
Loading weights:   7%|Γûï         | 28/391 [00:00<00:00, 2307.19it/s, Materializing param=encoder.layer.1.attention.self.query.bias]
Loading weights:   7%|Γûï         | 28/391 [00:00<00:00, 2307.19it/s, Materializing param=encoder.layer.1.attention.self.query.bias]
Loading weights:   7%|Γûï         | 29/391 [00:00<00:00, 2389.59it/s, Materializing param=encoder.layer.1.attention.self.query.weight]
Loading weights:   7%|Γûï         | 29/391 [00:00<00:00, 2389.59it/s, Materializing param=encoder.layer.1.attention.self.query.weight]
Loading weights:   8%|Γûè         | 30/391 [00:00<00:00, 2471.99it/s, Materializing param=encoder.layer.1.attention.self.value.bias]  
Loading weights:   8%|Γûè         | 30/391 [00:00<00:00, 2471.99it/s, Materializing param=encoder.layer.1.attention.self.value.bias]
Loading weights:   8%|Γûè         | 31/391 [00:00<00:00, 2554.39it/s, Materializing param=encoder.layer.1.attention.self.value.weight]
Loading weights:   8%|Γûè         | 31/391 [00:00<00:00, 2554.39it/s, Materializing param=encoder.layer.1.attention.self.value.weight]
Loading weights:   8%|Γûè         | 32/391 [00:00<00:00, 2636.79it/s, Materializing param=encoder.layer.1.intermediate.dense.bias]    
Loading weights:   8%|Γûè         | 32/391 [00:00<00:00, 2636.79it/s, Materializing param=encoder.layer.1.intermediate.dense.bias]
Loading weights:   8%|Γûè         | 33/391 [00:00<00:00, 2719.19it/s, Materializing param=encoder.layer.1.intermediate.dense.weight]
Loading weights:   8%|Γûè         | 33/391 [00:00<00:00, 2719.19it/s, Materializing param=encoder.layer.1.intermediate.dense.weight]
Loading weights:   9%|Γûè         | 34/391 [00:00<00:00, 2801.59it/s, Materializing param=encoder.layer.1.output.LayerNorm.bias]    
Loading weights:   9%|Γûè         | 34/391 [00:00<00:00, 2801.59it/s, Materializing param=encoder.layer.1.output.LayerNorm.bias]
Loading weights:   9%|Γûë         | 35/391 [00:00<00:00, 2883.99it/s, Materializing param=encoder.layer.1.output.LayerNorm.weight]
Loading weights:   9%|Γûë         | 35/391 [00:00<00:00, 2883.99it/s, Materializing param=encoder.layer.1.output.LayerNorm.weight]
Loading weights:   9%|Γûë         | 36/391 [00:00<00:00, 2966.39it/s, Materializing param=encoder.layer.1.output.dense.bias]      
Loading weights:   9%|Γûë         | 36/391 [00:00<00:00, 2966.39it/s, Materializing param=encoder.layer.1.output.dense.bias]
Loading weights:   9%|Γûë         | 37/391 [00:00<00:00, 3048.78it/s, Materializing param=encoder.layer.1.output.dense.weight]
Loading weights:   9%|Γûë         | 37/391 [00:00<00:00, 3048.78it/s, Materializing param=encoder.layer.1.output.dense.weight]
Loading weights:  10%|Γûë         | 38/391 [00:00<00:00, 3131.18it/s, Materializing param=encoder.layer.2.attention.output.LayerNorm.bias]
Loading weights:  10%|Γûë         | 38/391 [00:00<00:00, 3131.18it/s, Materializing param=encoder.layer.2.attention.output.LayerNorm.bias]
Loading weights:  10%|Γûë         | 39/391 [00:00<00:00, 3213.58it/s, Materializing param=encoder.layer.2.attention.output.LayerNorm.weight]
Loading weights:  10%|Γûë         | 39/391 [00:00<00:00, 3213.58it/s, Materializing param=encoder.layer.2.attention.output.LayerNorm.weight]
Loading weights:  10%|Γûê         | 40/391 [00:00<00:00, 3295.98it/s, Materializing param=encoder.layer.2.attention.output.dense.bias]      
Loading weights:  10%|Γûê         | 40/391 [00:00<00:00, 3295.98it/s, Materializing param=encoder.layer.2.attention.output.dense.bias]
Loading weights:  10%|Γûê         | 41/391 [00:00<00:00, 3121.72it/s, Materializing param=encoder.layer.2.attention.output.dense.weight]
Loading weights:  10%|Γûê         | 41/391 [00:00<00:00, 3121.72it/s, Materializing param=encoder.layer.2.attention.output.dense.weight]
Loading weights:  11%|Γûê         | 42/391 [00:00<00:00, 3197.86it/s, Materializing param=encoder.layer.2.attention.self.key.bias]      
Loading weights:  11%|Γûê         | 42/391 [00:00<00:00, 3197.86it/s, Materializing param=encoder.layer.2.attention.self.key.bias]
Loading weights:  11%|Γûê         | 43/391 [00:00<00:00, 3274.00it/s, Materializing param=encoder.layer.2.attention.self.key.weight]
Loading weights:  11%|Γûê         | 43/391 [00:00<00:00, 3274.00it/s, Materializing param=encoder.layer.2.attention.self.key.weight]
Loading weights:  11%|ΓûêΓûÅ        | 44/391 [00:00<00:00, 3350.14it/s, Materializing param=encoder.layer.2.attention.self.query.bias]
Loading weights:  11%|ΓûêΓûÅ        | 44/391 [00:00<00:00, 3350.14it/s, Materializing param=encoder.layer.2.attention.self.query.bias]
Loading weights:  12%|ΓûêΓûÅ        | 45/391 [00:00<00:00, 3426.28it/s, Materializing param=encoder.layer.2.attention.self.query.weight]
Loading weights:  12%|ΓûêΓûÅ        | 45/391 [00:00<00:00, 3426.28it/s, Materializing param=encoder.layer.2.attention.self.query.weight]
Loading weights:  12%|ΓûêΓûÅ        | 46/391 [00:00<00:00, 3502.42it/s, Materializing param=encoder.layer.2.attention.self.value.bias]  
Loading weights:  12%|ΓûêΓûÅ        | 46/391 [00:00<00:00, 3502.42it/s, Materializing param=encoder.layer.2.attention.self.value.bias]
Loading weights:  12%|ΓûêΓûÅ        | 47/391 [00:00<00:00, 3578.56it/s, Materializing param=encoder.layer.2.attention.self.value.weight]
Loading weights:  12%|ΓûêΓûÅ        | 47/391 [00:00<00:00, 3578.56it/s, Materializing param=encoder.layer.2.attention.self.value.weight]
Loading weights:  12%|ΓûêΓûÅ        | 48/391 [00:00<00:00, 3654.70it/s, Materializing param=encoder.layer.2.intermediate.dense.bias]    
Loading weights:  12%|ΓûêΓûÅ        | 48/391 [00:00<00:00, 3654.70it/s, Materializing param=encoder.layer.2.intermediate.dense.bias]
Loading weights:  13%|ΓûêΓûÄ        | 49/391 [00:00<00:00, 3730.84it/s, Materializing param=encoder.layer.2.intermediate.dense.weight]
Loading weights:  13%|ΓûêΓûÄ        | 49/391 [00:00<00:00, 3730.84it/s, Materializing param=encoder.layer.2.intermediate.dense.weight]
Loading weights:  13%|ΓûêΓûÄ        | 50/391 [00:00<00:00, 3806.98it/s, Materializing param=encoder.layer.2.output.LayerNorm.bias]    
Loading weights:  13%|ΓûêΓûÄ        | 50/391 [00:00<00:00, 3806.98it/s, Materializing param=encoder.layer.2.output.LayerNorm.bias]
Loading weights:  13%|ΓûêΓûÄ        | 51/391 [00:00<00:00, 3883.12it/s, Materializing param=encoder.layer.2.output.LayerNorm.weight]
Loading weights:  13%|ΓûêΓûÄ        | 51/391 [00:00<00:00, 3883.12it/s, Materializing param=encoder.layer.2.output.LayerNorm.weight]
Loading weights:  13%|ΓûêΓûÄ        | 52/391 [00:00<00:00, 3679.09it/s, Materializing param=encoder.layer.2.output.dense.bias]      
Loading weights:  13%|ΓûêΓûÄ        | 52/391 [00:00<00:00, 3679.09it/s, Materializing param=encoder.layer.2.output.dense.bias]
Loading weights:  14%|ΓûêΓûÄ        | 53/391 [00:00<00:00, 3749.84it/s, Materializing param=encoder.layer.2.output.dense.weight]
Loading weights:  14%|ΓûêΓûÄ        | 53/391 [00:00<00:00, 3749.84it/s, Materializing param=encoder.layer.2.output.dense.weight]
Loading weights:  14%|ΓûêΓûì        | 54/391 [00:00<00:00, 3820.59it/s, Materializing param=encoder.layer.3.attention.output.LayerNorm.bias]
Loading weights:  14%|ΓûêΓûì        | 54/391 [00:00<00:00, 3820.59it/s, Materializing param=encoder.layer.3.attention.output.LayerNorm.bias]
Loading weights:  14%|ΓûêΓûì        | 55/391 [00:00<00:00, 3891.35it/s, Materializing param=encoder.layer.3.attention.output.LayerNorm.weight]
Loading weights:  14%|ΓûêΓûì        | 55/391 [00:00<00:00, 3891.35it/s, Materializing param=encoder.layer.3.attention.output.LayerNorm.weight]
Loading weights:  14%|ΓûêΓûì        | 56/391 [00:00<00:00, 3962.10it/s, Materializing param=encoder.layer.3.attention.output.dense.bias]      
Loading weights:  14%|ΓûêΓûì        | 56/391 [00:00<00:00, 3962.10it/s, Materializing param=encoder.layer.3.attention.output.dense.bias]
Loading weights:  15%|ΓûêΓûì        | 57/391 [00:00<00:00, 4032.85it/s, Materializing param=encoder.layer.3.attention.output.dense.weight]
Loading weights:  15%|ΓûêΓûì        | 57/391 [00:00<00:00, 4032.85it/s, Materializing param=encoder.layer.3.attention.output.dense.weight]
Loading weights:  15%|ΓûêΓûì        | 58/391 [00:00<00:00, 4103.60it/s, Materializing param=encoder.layer.3.attention.self.key.bias]      
Loading weights:  15%|ΓûêΓûì        | 58/391 [00:00<00:00, 4103.60it/s, Materializing param=encoder.layer.3.attention.self.key.bias]
Loading weights:  15%|ΓûêΓûî        | 59/391 [00:00<00:00, 4174.35it/s, Materializing param=encoder.layer.3.attention.self.key.weight]
Loading weights:  15%|ΓûêΓûî        | 59/391 [00:00<00:00, 4174.35it/s, Materializing param=encoder.layer.3.attention.self.key.weight]
Loading weights:  15%|ΓûêΓûî        | 60/391 [00:00<00:00, 4245.10it/s, Materializing param=encoder.layer.3.attention.self.query.bias]
Loading weights:  15%|ΓûêΓûî        | 60/391 [00:00<00:00, 4245.10it/s, Materializing param=encoder.layer.3.attention.self.query.bias]
Loading weights:  16%|ΓûêΓûî        | 61/391 [00:00<00:00, 4315.86it/s, Materializing param=encoder.layer.3.attention.self.query.weight]
Loading weights:  16%|ΓûêΓûî        | 61/391 [00:00<00:00, 4315.86it/s, Materializing param=encoder.layer.3.attention.self.query.weight]
Loading weights:  16%|ΓûêΓûî        | 62/391 [00:00<00:00, 4386.61it/s, Materializing param=encoder.layer.3.attention.self.value.bias]  
Loading weights:  16%|ΓûêΓûî        | 62/391 [00:00<00:00, 4386.61it/s, Materializing param=encoder.layer.3.attention.self.value.bias]
Loading weights:  16%|ΓûêΓûî        | 63/391 [00:00<00:00, 4457.36it/s, Materializing param=encoder.layer.3.attention.self.value.weight]
Loading weights:  16%|ΓûêΓûî        | 63/391 [00:00<00:00, 4457.36it/s, Materializing param=encoder.layer.3.attention.self.value.weight]
Loading weights:  16%|ΓûêΓûï        | 64/391 [00:00<00:00, 4528.11it/s, Materializing param=encoder.layer.3.intermediate.dense.bias]    
Loading weights:  16%|ΓûêΓûï        | 64/391 [00:00<00:00, 4528.11it/s, Materializing param=encoder.layer.3.intermediate.dense.bias]
Loading weights:  17%|ΓûêΓûï        | 65/391 [00:00<00:00, 4598.86it/s, Materializing param=encoder.layer.3.intermediate.dense.weight]
Loading weights:  17%|ΓûêΓûï        | 65/391 [00:00<00:00, 4598.86it/s, Materializing param=encoder.layer.3.intermediate.dense.weight]
Loading weights:  17%|ΓûêΓûï        | 66/391 [00:00<00:00, 4669.61it/s, Materializing param=encoder.layer.3.output.LayerNorm.bias]    
Loading weights:  17%|ΓûêΓûï        | 66/391 [00:00<00:00, 4361.01it/s, Materializing param=encoder.layer.3.output.LayerNorm.bias]
Loading weights:  17%|ΓûêΓûï        | 67/391 [00:00<00:00, 4427.09it/s, Materializing param=encoder.layer.3.output.LayerNorm.weight]
Loading weights:  17%|ΓûêΓûï        | 67/391 [00:00<00:00, 4427.09it/s, Materializing param=encoder.layer.3.output.LayerNorm.weight]
Loading weights:  17%|ΓûêΓûï        | 68/391 [00:00<00:00, 4493.17it/s, Materializing param=encoder.layer.3.output.dense.bias]      
Loading weights:  17%|ΓûêΓûï        | 68/391 [00:00<00:00, 4493.17it/s, Materializing param=encoder.layer.3.output.dense.bias]
Loading weights:  18%|ΓûêΓûè        | 69/391 [00:00<00:00, 4559.24it/s, Materializing param=encoder.layer.3.output.dense.weight]
Loading weights:  18%|ΓûêΓûè        | 69/391 [00:00<00:00, 4559.24it/s, Materializing param=encoder.layer.3.output.dense.weight]
Loading weights:  18%|ΓûêΓûè        | 70/391 [00:00<00:00, 4625.32it/s, Materializing param=encoder.layer.4.attention.output.LayerNorm.bias]
Loading weights:  18%|ΓûêΓûè        | 70/391 [00:00<00:00, 4625.32it/s, Materializing param=encoder.layer.4.attention.output.LayerNorm.bias]
Loading weights:  18%|ΓûêΓûè        | 71/391 [00:00<00:00, 4691.39it/s, Materializing param=encoder.layer.4.attention.output.LayerNorm.weight]
Loading weights:  18%|ΓûêΓûè        | 71/391 [00:00<00:00, 4691.39it/s, Materializing param=encoder.layer.4.attention.output.LayerNorm.weight]
Loading weights:  18%|ΓûêΓûè        | 72/391 [00:00<00:00, 4757.47it/s, Materializing param=encoder.layer.4.attention.output.dense.bias]      
Loading weights:  18%|ΓûêΓûè        | 72/391 [00:00<00:00, 4757.47it/s, Materializing param=encoder.layer.4.attention.output.dense.bias]
Loading weights:  19%|ΓûêΓûè        | 73/391 [00:00<00:00, 4823.55it/s, Materializing param=encoder.layer.4.attention.output.dense.weight]
Loading weights:  19%|ΓûêΓûè        | 73/391 [00:00<00:00, 4823.55it/s, Materializing param=encoder.layer.4.attention.output.dense.weight]
Loading weights:  19%|ΓûêΓûë        | 74/391 [00:00<00:00, 4889.62it/s, Materializing param=encoder.layer.4.attention.self.key.bias]      
Loading weights:  19%|ΓûêΓûë        | 74/391 [00:00<00:00, 4889.62it/s, Materializing param=encoder.layer.4.attention.self.key.bias]
Loading weights:  19%|ΓûêΓûë        | 75/391 [00:00<00:00, 4955.70it/s, Materializing param=encoder.layer.4.attention.self.key.weight]
Loading weights:  19%|ΓûêΓûë        | 75/391 [00:00<00:00, 4955.70it/s, Materializing param=encoder.layer.4.attention.self.key.weight]
Loading weights:  19%|ΓûêΓûë        | 76/391 [00:00<00:00, 5021.77it/s, Materializing param=encoder.layer.4.attention.self.query.bias]
Loading weights:  19%|ΓûêΓûë        | 76/391 [00:00<00:00, 5021.77it/s, Materializing param=encoder.layer.4.attention.self.query.bias]
Loading weights:  20%|ΓûêΓûë        | 77/391 [00:00<00:00, 5087.85it/s, Materializing param=encoder.layer.4.attention.self.query.weight]
Loading weights:  20%|ΓûêΓûë        | 77/391 [00:00<00:00, 5087.85it/s, Materializing param=encoder.layer.4.attention.self.query.weight]
Loading weights:  20%|ΓûêΓûë        | 78/391 [00:00<00:00, 5153.93it/s, Materializing param=encoder.layer.4.attention.self.value.bias]  
Loading weights:  20%|ΓûêΓûë        | 78/391 [00:00<00:00, 5153.93it/s, Materializing param=encoder.layer.4.attention.self.value.bias]
Loading weights:  20%|ΓûêΓûê        | 79/391 [00:00<00:00, 5220.00it/s, Materializing param=encoder.layer.4.attention.self.value.weight]
Loading weights:  20%|ΓûêΓûê        | 79/391 [00:00<00:00, 5220.00it/s, Materializing param=encoder.layer.4.attention.self.value.weight]
Loading weights:  20%|ΓûêΓûê        | 80/391 [00:00<00:00, 4957.88it/s, Materializing param=encoder.layer.4.intermediate.dense.bias]    
Loading weights:  20%|ΓûêΓûê        | 80/391 [00:00<00:00, 4957.88it/s, Materializing param=encoder.layer.4.intermediate.dense.bias]
Loading weights:  21%|ΓûêΓûê        | 81/391 [00:00<00:00, 5019.85it/s, Materializing param=encoder.layer.4.intermediate.dense.weight]
Loading weights:  21%|ΓûêΓûê        | 81/391 [00:00<00:00, 5019.85it/s, Materializing param=encoder.layer.4.intermediate.dense.weight]
Loading weights:  21%|ΓûêΓûê        | 82/391 [00:00<00:00, 5081.83it/s, Materializing param=encoder.layer.4.output.LayerNorm.bias]    
Loading weights:  21%|ΓûêΓûê        | 82/391 [00:00<00:00, 5081.83it/s, Materializing param=encoder.layer.4.output.LayerNorm.bias]
Loading weights:  21%|ΓûêΓûê        | 83/391 [00:00<00:00, 5143.80it/s, Materializing param=encoder.layer.4.output.LayerNorm.weight]
Loading weights:  21%|ΓûêΓûê        | 83/391 [00:00<00:00, 5143.80it/s, Materializing param=encoder.layer.4.output.LayerNorm.weight]
Loading weights:  21%|ΓûêΓûêΓûÅ       | 84/391 [00:00<00:00, 5205.77it/s, Materializing param=encoder.layer.4.output.dense.bias]      
Loading weights:  21%|ΓûêΓûêΓûÅ       | 84/391 [00:00<00:00, 5205.77it/s, Materializing param=encoder.layer.4.output.dense.bias]
Loading weights:  22%|ΓûêΓûêΓûÅ       | 85/391 [00:00<00:00, 5267.75it/s, Materializing param=encoder.layer.4.output.dense.weight]
Loading weights:  22%|ΓûêΓûêΓûÅ       | 85/391 [00:00<00:00, 5267.75it/s, Materializing param=encoder.layer.4.output.dense.weight]
Loading weights:  22%|ΓûêΓûêΓûÅ       | 86/391 [00:00<00:00, 5329.72it/s, Materializing param=encoder.layer.5.attention.output.LayerNorm.bias]
Loading weights:  22%|ΓûêΓûêΓûÅ       | 86/391 [00:00<00:00, 5329.72it/s, Materializing param=encoder.layer.5.attention.output.LayerNorm.bias]
Loading weights:  22%|ΓûêΓûêΓûÅ       | 87/391 [00:00<00:00, 5391.69it/s, Materializing param=encoder.layer.5.attention.output.LayerNorm.weight]
Loading weights:  22%|ΓûêΓûêΓûÅ       | 87/391 [00:00<00:00, 5391.69it/s, Materializing param=encoder.layer.5.attention.output.LayerNorm.weight]
Loading weights:  23%|ΓûêΓûêΓûÄ       | 88/391 [00:00<00:00, 5453.67it/s, Materializing param=encoder.layer.5.attention.output.dense.bias]      
Loading weights:  23%|ΓûêΓûêΓûÄ       | 88/391 [00:00<00:00, 5453.67it/s, Materializing param=encoder.layer.5.attention.output.dense.bias]
Loading weights:  23%|ΓûêΓûêΓûÄ       | 89/391 [00:00<00:00, 5515.64it/s, Materializing param=encoder.layer.5.attention.output.dense.weight]
Loading weights:  23%|ΓûêΓûêΓûÄ       | 89/391 [00:00<00:00, 5515.64it/s, Materializing param=encoder.layer.5.attention.output.dense.weight]
Loading weights:  23%|ΓûêΓûêΓûÄ       | 90/391 [00:00<00:00, 5577.61it/s, Materializing param=encoder.layer.5.attention.self.key.bias]      
Loading weights:  23%|ΓûêΓûêΓûÄ       | 90/391 [00:00<00:00, 5577.61it/s, Materializing param=encoder.layer.5.attention.self.key.bias]
Loading weights:  23%|ΓûêΓûêΓûÄ       | 91/391 [00:00<00:00, 5639.59it/s, Materializing param=encoder.layer.5.attention.self.key.weight]
Loading weights:  23%|ΓûêΓûêΓûÄ       | 91/391 [00:00<00:00, 5639.59it/s, Materializing param=encoder.layer.5.attention.self.key.weight]
Loading weights:  24%|ΓûêΓûêΓûÄ       | 92/391 [00:00<00:00, 5701.56it/s, Materializing param=encoder.layer.5.attention.self.query.bias]
Loading weights:  24%|ΓûêΓûêΓûÄ       | 92/391 [00:00<00:00, 5701.56it/s, Materializing param=encoder.layer.5.attention.self.query.bias]
Loading weights:  24%|ΓûêΓûêΓûì       | 93/391 [00:00<00:00, 5763.53it/s, Materializing param=encoder.layer.5.attention.self.query.weight]
Loading weights:  24%|ΓûêΓûêΓûì       | 93/391 [00:00<00:00, 5763.53it/s, Materializing param=encoder.layer.5.attention.self.query.weight]
Loading weights:  24%|ΓûêΓûêΓûì       | 94/391 [00:00<00:00, 5825.51it/s, Materializing param=encoder.layer.5.attention.self.value.bias]  
Loading weights:  24%|ΓûêΓûêΓûì       | 94/391 [00:00<00:00, 5825.51it/s, Materializing param=encoder.layer.5.attention.self.value.bias]
Loading weights:  24%|ΓûêΓûêΓûì       | 95/391 [00:00<00:00, 5544.47it/s, Materializing param=encoder.layer.5.attention.self.value.weight]
Loading weights:  24%|ΓûêΓûêΓûì       | 95/391 [00:00<00:00, 5544.47it/s, Materializing param=encoder.layer.5.attention.self.value.weight]
Loading weights:  25%|ΓûêΓûêΓûì       | 96/391 [00:00<00:00, 5602.83it/s, Materializing param=encoder.layer.5.intermediate.dense.bias]    
Loading weights:  25%|ΓûêΓûêΓûì       | 96/391 [00:00<00:00, 5602.83it/s, Materializing param=encoder.layer.5.intermediate.dense.bias]
Loading weights:  25%|ΓûêΓûêΓûì       | 97/391 [00:00<00:00, 5661.20it/s, Materializing param=encoder.layer.5.intermediate.dense.weight]
Loading weights:  25%|ΓûêΓûêΓûì       | 97/391 [00:00<00:00, 5661.20it/s, Materializing param=encoder.layer.5.intermediate.dense.weight]
Loading weights:  25%|ΓûêΓûêΓûî       | 98/391 [00:00<00:00, 5719.56it/s, Materializing param=encoder.layer.5.output.LayerNorm.bias]    
Loading weights:  25%|ΓûêΓûêΓûî       | 98/391 [00:00<00:00, 5719.56it/s, Materializing param=encoder.layer.5.output.LayerNorm.bias]
Loading weights:  25%|ΓûêΓûêΓûî       | 99/391 [00:00<00:00, 5777.92it/s, Materializing param=encoder.layer.5.output.LayerNorm.weight]
Loading weights:  25%|ΓûêΓûêΓûî       | 99/391 [00:00<00:00, 5777.92it/s, Materializing param=encoder.layer.5.output.LayerNorm.weight]
Loading weights:  26%|ΓûêΓûêΓûî       | 100/391 [00:00<00:00, 5836.28it/s, Materializing param=encoder.layer.5.output.dense.bias]     
Loading weights:  26%|ΓûêΓûêΓûî       | 100/391 [00:00<00:00, 5836.28it/s, Materializing param=encoder.layer.5.output.dense.bias]
Loading weights:  26%|ΓûêΓûêΓûî       | 101/391 [00:00<00:00, 5894.65it/s, Materializing param=encoder.layer.5.output.dense.weight]
Loading weights:  26%|ΓûêΓûêΓûî       | 101/391 [00:00<00:00, 5894.65it/s, Materializing param=encoder.layer.5.output.dense.weight]
Loading weights:  26%|ΓûêΓûêΓûî       | 102/391 [00:00<00:00, 5953.01it/s, Materializing param=encoder.layer.6.attention.output.LayerNorm.bias]
Loading weights:  26%|ΓûêΓûêΓûî       | 102/391 [00:00<00:00, 5953.01it/s, Materializing param=encoder.layer.6.attention.output.LayerNorm.bias]
Loading weights:  26%|ΓûêΓûêΓûï       | 103/391 [00:00<00:00, 6011.37it/s, Materializing param=encoder.layer.6.attention.output.LayerNorm.weight]
Loading weights:  26%|ΓûêΓûêΓûï       | 103/391 [00:00<00:00, 6011.37it/s, Materializing param=encoder.layer.6.attention.output.LayerNorm.weight]
Loading weights:  27%|ΓûêΓûêΓûï       | 104/391 [00:00<00:00, 6069.74it/s, Materializing param=encoder.layer.6.attention.output.dense.bias]      
Loading weights:  27%|ΓûêΓûêΓûï       | 104/391 [00:00<00:00, 6069.74it/s, Materializing param=encoder.layer.6.attention.output.dense.bias]
Loading weights:  27%|ΓûêΓûêΓûï       | 105/391 [00:00<00:00, 6128.10it/s, Materializing param=encoder.layer.6.attention.output.dense.weight]
Loading weights:  27%|ΓûêΓûêΓûï       | 105/391 [00:00<00:00, 6128.10it/s, Materializing param=encoder.layer.6.attention.output.dense.weight]
Loading weights:  27%|ΓûêΓûêΓûï       | 106/391 [00:00<00:00, 6186.46it/s, Materializing param=encoder.layer.6.attention.self.key.bias]      
Loading weights:  27%|ΓûêΓûêΓûï       | 106/391 [00:00<00:00, 6186.46it/s, Materializing param=encoder.layer.6.attention.self.key.bias]
Loading weights:  27%|ΓûêΓûêΓûï       | 107/391 [00:00<00:00, 6244.82it/s, Materializing param=encoder.layer.6.attention.self.key.weight]
Loading weights:  27%|ΓûêΓûêΓûï       | 107/391 [00:00<00:00, 6244.82it/s, Materializing param=encoder.layer.6.attention.self.key.weight]
Loading weights:  28%|ΓûêΓûêΓûè       | 108/391 [00:00<00:00, 6303.19it/s, Materializing param=encoder.layer.6.attention.self.query.bias]
Loading weights:  28%|ΓûêΓûêΓûè       | 108/391 [00:00<00:00, 6303.19it/s, Materializing param=encoder.layer.6.attention.self.query.bias]
Loading weights:  28%|ΓûêΓûêΓûè       | 109/391 [00:00<00:00, 6010.77it/s, Materializing param=encoder.layer.6.attention.self.query.weight]
Loading weights:  28%|ΓûêΓûêΓûè       | 109/391 [00:00<00:00, 6010.77it/s, Materializing param=encoder.layer.6.attention.self.query.weight]
Loading weights:  28%|ΓûêΓûêΓûè       | 110/391 [00:00<00:00, 6065.91it/s, Materializing param=encoder.layer.6.attention.self.value.bias]  
Loading weights:  28%|ΓûêΓûêΓûè       | 110/391 [00:00<00:00, 6065.91it/s, Materializing param=encoder.layer.6.attention.self.value.bias]
Loading weights:  28%|ΓûêΓûêΓûè       | 111/391 [00:00<00:00, 6121.06it/s, Materializing param=encoder.layer.6.attention.self.value.weight]
Loading weights:  28%|ΓûêΓûêΓûè       | 111/391 [00:00<00:00, 6121.06it/s, Materializing param=encoder.layer.6.attention.self.value.weight]
Loading weights:  29%|ΓûêΓûêΓûè       | 112/391 [00:00<00:00, 6176.20it/s, Materializing param=encoder.layer.6.intermediate.dense.bias]    
Loading weights:  29%|ΓûêΓûêΓûè       | 112/391 [00:00<00:00, 6176.20it/s, Materializing param=encoder.layer.6.intermediate.dense.bias]
Loading weights:  29%|ΓûêΓûêΓûë       | 113/391 [00:00<00:00, 6231.35it/s, Materializing param=encoder.layer.6.intermediate.dense.weight]
Loading weights:  29%|ΓûêΓûêΓûë       | 113/391 [00:00<00:00, 6231.35it/s, Materializing param=encoder.layer.6.intermediate.dense.weight]
Loading weights:  29%|ΓûêΓûêΓûë       | 114/391 [00:00<00:00, 6286.49it/s, Materializing param=encoder.layer.6.output.LayerNorm.bias]    
Loading weights:  29%|ΓûêΓûêΓûë       | 114/391 [00:00<00:00, 6286.49it/s, Materializing param=encoder.layer.6.output.LayerNorm.bias]
Loading weights:  29%|ΓûêΓûêΓûë       | 115/391 [00:00<00:00, 6341.64it/s, Materializing param=encoder.layer.6.output.LayerNorm.weight]
Loading weights:  29%|ΓûêΓûêΓûë       | 115/391 [00:00<00:00, 6341.64it/s, Materializing param=encoder.layer.6.output.LayerNorm.weight]
Loading weights:  30%|ΓûêΓûêΓûë       | 116/391 [00:00<00:00, 6396.78it/s, Materializing param=encoder.layer.6.output.dense.bias]      
Loading weights:  30%|ΓûêΓûêΓûë       | 116/391 [00:00<00:00, 6396.78it/s, Materializing param=encoder.layer.6.output.dense.bias]
Loading weights:  30%|ΓûêΓûêΓûë       | 117/391 [00:00<00:00, 6451.93it/s, Materializing param=encoder.layer.6.output.dense.weight]
Loading weights:  30%|ΓûêΓûêΓûë       | 117/391 [00:00<00:00, 6451.93it/s, Materializing param=encoder.layer.6.output.dense.weight]
Loading weights:  30%|ΓûêΓûêΓûê       | 118/391 [00:00<00:00, 6507.07it/s, Materializing param=encoder.layer.7.attention.output.LayerNorm.bias]
Loading weights:  30%|ΓûêΓûêΓûê       | 118/391 [00:00<00:00, 6507.07it/s, Materializing param=encoder.layer.7.attention.output.LayerNorm.bias]
Loading weights:  30%|ΓûêΓûêΓûê       | 119/391 [00:00<00:00, 6562.22it/s, Materializing param=encoder.layer.7.attention.output.LayerNorm.weight]
Loading weights:  30%|ΓûêΓûêΓûê       | 119/391 [00:00<00:00, 6562.22it/s, Materializing param=encoder.layer.7.attention.output.LayerNorm.weight]
Loading weights:  31%|ΓûêΓûêΓûê       | 120/391 [00:00<00:00, 6617.36it/s, Materializing param=encoder.layer.7.attention.output.dense.bias]      
Loading weights:  31%|ΓûêΓûêΓûê       | 120/391 [00:00<00:00, 6617.36it/s, Materializing param=encoder.layer.7.attention.output.dense.bias]
Loading weights:  31%|ΓûêΓûêΓûê       | 121/391 [00:00<00:00, 6672.51it/s, Materializing param=encoder.layer.7.attention.output.dense.weight]
Loading weights:  31%|ΓûêΓûêΓûê       | 121/391 [00:00<00:00, 6672.51it/s, Materializing param=encoder.layer.7.attention.output.dense.weight]
Loading weights:  31%|ΓûêΓûêΓûê       | 122/391 [00:00<00:00, 6727.65it/s, Materializing param=encoder.layer.7.attention.self.key.bias]      
Loading weights:  31%|ΓûêΓûêΓûê       | 122/391 [00:00<00:00, 6727.65it/s, Materializing param=encoder.layer.7.attention.self.key.bias]
Loading weights:  31%|ΓûêΓûêΓûêΓûÅ      | 123/391 [00:00<00:00, 6428.41it/s, Materializing param=encoder.layer.7.attention.self.key.weight]
Loading weights:  31%|ΓûêΓûêΓûêΓûÅ      | 123/391 [00:00<00:00, 6428.41it/s, Materializing param=encoder.layer.7.attention.self.key.weight]
Loading weights:  32%|ΓûêΓûêΓûêΓûÅ      | 124/391 [00:00<00:00, 6480.68it/s, Materializing param=encoder.layer.7.attention.self.query.bias]
Loading weights:  32%|ΓûêΓûêΓûêΓûÅ      | 124/391 [00:00<00:00, 6480.68it/s, Materializing param=encoder.layer.7.attention.self.query.bias]
Loading weights:  32%|ΓûêΓûêΓûêΓûÅ      | 125/391 [00:00<00:00, 6532.94it/s, Materializing param=encoder.layer.7.attention.self.query.weight]
Loading weights:  32%|ΓûêΓûêΓûêΓûÅ      | 125/391 [00:00<00:00, 6532.94it/s, Materializing param=encoder.layer.7.attention.self.query.weight]
Loading weights:  32%|ΓûêΓûêΓûêΓûÅ      | 126/391 [00:00<00:00, 6585.20it/s, Materializing param=encoder.layer.7.attention.self.value.bias]  
Loading weights:  32%|ΓûêΓûêΓûêΓûÅ      | 126/391 [00:00<00:00, 6585.20it/s, Materializing param=encoder.layer.7.attention.self.value.bias]
Loading weights:  32%|ΓûêΓûêΓûêΓûÅ      | 127/391 [00:00<00:00, 6637.47it/s, Materializing param=encoder.layer.7.attention.self.value.weight]
Loading weights:  32%|ΓûêΓûêΓûêΓûÅ      | 127/391 [00:00<00:00, 6637.47it/s, Materializing param=encoder.layer.7.attention.self.value.weight]
Loading weights:  33%|ΓûêΓûêΓûêΓûÄ      | 128/391 [00:00<00:00, 6689.73it/s, Materializing param=encoder.layer.7.intermediate.dense.bias]    
Loading weights:  33%|ΓûêΓûêΓûêΓûÄ      | 128/391 [00:00<00:00, 6689.73it/s, Materializing param=encoder.layer.7.intermediate.dense.bias]
Loading weights:  33%|ΓûêΓûêΓûêΓûÄ      | 129/391 [00:00<00:00, 6741.99it/s, Materializing param=encoder.layer.7.intermediate.dense.weight]
Loading weights:  33%|ΓûêΓûêΓûêΓûÄ      | 129/391 [00:00<00:00, 6741.99it/s, Materializing param=encoder.layer.7.intermediate.dense.weight]
Loading weights:  33%|ΓûêΓûêΓûêΓûÄ      | 130/391 [00:00<00:00, 6794.26it/s, Materializing param=encoder.layer.7.output.LayerNorm.bias]    
Loading weights:  33%|ΓûêΓûêΓûêΓûÄ      | 130/391 [00:00<00:00, 6794.26it/s, Materializing param=encoder.layer.7.output.LayerNorm.bias]
Loading weights:  34%|ΓûêΓûêΓûêΓûÄ      | 131/391 [00:00<00:00, 6846.52it/s, Materializing param=encoder.layer.7.output.LayerNorm.weight]
Loading weights:  34%|ΓûêΓûêΓûêΓûÄ      | 131/391 [00:00<00:00, 6846.52it/s, Materializing param=encoder.layer.7.output.LayerNorm.weight]
Loading weights:  34%|ΓûêΓûêΓûêΓûì      | 132/391 [00:00<00:00, 6898.78it/s, Materializing param=encoder.layer.7.output.dense.bias]      
Loading weights:  34%|ΓûêΓûêΓûêΓûì      | 132/391 [00:00<00:00, 6898.78it/s, Materializing param=encoder.layer.7.output.dense.bias]
Loading weights:  34%|ΓûêΓûêΓûêΓûì      | 133/391 [00:00<00:00, 6951.05it/s, Materializing param=encoder.layer.7.output.dense.weight]
Loading weights:  34%|ΓûêΓûêΓûêΓûì      | 133/391 [00:00<00:00, 6951.05it/s, Materializing param=encoder.layer.7.output.dense.weight]
Loading weights:  34%|ΓûêΓûêΓûêΓûì      | 134/391 [00:00<00:00, 7003.31it/s, Materializing param=encoder.layer.8.attention.output.LayerNorm.bias]
Loading weights:  34%|ΓûêΓûêΓûêΓûì      | 134/391 [00:00<00:00, 7003.31it/s, Materializing param=encoder.layer.8.attention.output.LayerNorm.bias]
Loading weights:  35%|ΓûêΓûêΓûêΓûì      | 135/391 [00:00<00:00, 7055.57it/s, Materializing param=encoder.layer.8.attention.output.LayerNorm.weight]
Loading weights:  35%|ΓûêΓûêΓûêΓûì      | 135/391 [00:00<00:00, 7055.57it/s, Materializing param=encoder.layer.8.attention.output.LayerNorm.weight]
Loading weights:  35%|ΓûêΓûêΓûêΓûì      | 136/391 [00:00<00:00, 7107.84it/s, Materializing param=encoder.layer.8.attention.output.dense.bias]      
Loading weights:  35%|ΓûêΓûêΓûêΓûì      | 136/391 [00:00<00:00, 7107.84it/s, Materializing param=encoder.layer.8.attention.output.dense.bias]
Loading weights:  35%|ΓûêΓûêΓûêΓûî      | 137/391 [00:00<00:00, 7160.10it/s, Materializing param=encoder.layer.8.attention.output.dense.weight]
Loading weights:  35%|ΓûêΓûêΓûêΓûî      | 137/391 [00:00<00:00, 7160.10it/s, Materializing param=encoder.layer.8.attention.output.dense.weight]
Loading weights:  35%|ΓûêΓûêΓûêΓûî      | 138/391 [00:00<00:00, 7212.37it/s, Materializing param=encoder.layer.8.attention.self.key.bias]      
Loading weights:  35%|ΓûêΓûêΓûêΓûî      | 138/391 [00:00<00:00, 7212.37it/s, Materializing param=encoder.layer.8.attention.self.key.bias]
Loading weights:  36%|ΓûêΓûêΓûêΓûî      | 139/391 [00:00<00:00, 7264.63it/s, Materializing param=encoder.layer.8.attention.self.key.weight]
Loading weights:  36%|ΓûêΓûêΓûêΓûî      | 139/391 [00:00<00:00, 7264.63it/s, Materializing param=encoder.layer.8.attention.self.key.weight]
Loading weights:  36%|ΓûêΓûêΓûêΓûî      | 140/391 [00:00<00:00, 7316.89it/s, Materializing param=encoder.layer.8.attention.self.query.bias]
Loading weights:  36%|ΓûêΓûêΓûêΓûî      | 140/391 [00:00<00:00, 7316.89it/s, Materializing param=encoder.layer.8.attention.self.query.bias]
Loading weights:  36%|ΓûêΓûêΓûêΓûî      | 141/391 [00:00<00:00, 7369.16it/s, Materializing param=encoder.layer.8.attention.self.query.weight]
Loading weights:  36%|ΓûêΓûêΓûêΓûî      | 141/391 [00:00<00:00, 7369.16it/s, Materializing param=encoder.layer.8.attention.self.query.weight]
Loading weights:  36%|ΓûêΓûêΓûêΓûï      | 142/391 [00:00<00:00, 7421.42it/s, Materializing param=encoder.layer.8.attention.self.value.bias]  
Loading weights:  36%|ΓûêΓûêΓûêΓûï      | 142/391 [00:00<00:00, 7421.42it/s, Materializing param=encoder.layer.8.attention.self.value.bias]
Loading weights:  37%|ΓûêΓûêΓûêΓûï      | 143/391 [00:00<00:00, 7473.68it/s, Materializing param=encoder.layer.8.attention.self.value.weight]
Loading weights:  37%|ΓûêΓûêΓûêΓûï      | 143/391 [00:00<00:00, 7473.68it/s, Materializing param=encoder.layer.8.attention.self.value.weight]
Loading weights:  37%|ΓûêΓûêΓûêΓûï      | 144/391 [00:00<00:00, 7525.95it/s, Materializing param=encoder.layer.8.intermediate.dense.bias]    
Loading weights:  37%|ΓûêΓûêΓûêΓûï      | 144/391 [00:00<00:00, 7525.95it/s, Materializing param=encoder.layer.8.intermediate.dense.bias]
Loading weights:  37%|ΓûêΓûêΓûêΓûï      | 145/391 [00:00<00:00, 7578.21it/s, Materializing param=encoder.layer.8.intermediate.dense.weight]
Loading weights:  37%|ΓûêΓûêΓûêΓûï      | 145/391 [00:00<00:00, 7578.21it/s, Materializing param=encoder.layer.8.intermediate.dense.weight]
Loading weights:  37%|ΓûêΓûêΓûêΓûï      | 146/391 [00:00<00:00, 7630.47it/s, Materializing param=encoder.layer.8.output.LayerNorm.bias]    
Loading weights:  37%|ΓûêΓûêΓûêΓûï      | 146/391 [00:00<00:00, 7630.47it/s, Materializing param=encoder.layer.8.output.LayerNorm.bias]
Loading weights:  38%|ΓûêΓûêΓûêΓûè      | 147/391 [00:00<00:00, 7122.46it/s, Materializing param=encoder.layer.8.output.LayerNorm.weight]
Loading weights:  38%|ΓûêΓûêΓûêΓûè      | 147/391 [00:00<00:00, 7122.46it/s, Materializing param=encoder.layer.8.output.LayerNorm.weight]
Loading weights:  38%|ΓûêΓûêΓûêΓûè      | 148/391 [00:00<00:00, 7170.91it/s, Materializing param=encoder.layer.8.output.dense.bias]      
Loading weights:  38%|ΓûêΓûêΓûêΓûè      | 148/391 [00:00<00:00, 7170.91it/s, Materializing param=encoder.layer.8.output.dense.bias]
Loading weights:  38%|ΓûêΓûêΓûêΓûè      | 149/391 [00:00<00:00, 7219.36it/s, Materializing param=encoder.layer.8.output.dense.weight]
Loading weights:  38%|ΓûêΓûêΓûêΓûè      | 149/391 [00:00<00:00, 7219.36it/s, Materializing param=encoder.layer.8.output.dense.weight]
Loading weights:  38%|ΓûêΓûêΓûêΓûè      | 150/391 [00:00<00:00, 7267.81it/s, Materializing param=encoder.layer.9.attention.output.LayerNorm.bias]
Loading weights:  38%|ΓûêΓûêΓûêΓûè      | 150/391 [00:00<00:00, 7267.81it/s, Materializing param=encoder.layer.9.attention.output.LayerNorm.bias]
Loading weights:  39%|ΓûêΓûêΓûêΓûè      | 151/391 [00:00<00:00, 7316.27it/s, Materializing param=encoder.layer.9.attention.output.LayerNorm.weight]
Loading weights:  39%|ΓûêΓûêΓûêΓûè      | 151/391 [00:00<00:00, 7316.27it/s, Materializing param=encoder.layer.9.attention.output.LayerNorm.weight]
Loading weights:  39%|ΓûêΓûêΓûêΓûë      | 152/391 [00:00<00:00, 7364.72it/s, Materializing param=encoder.layer.9.attention.output.dense.bias]      
Loading weights:  39%|ΓûêΓûêΓûêΓûë      | 152/391 [00:00<00:00, 7364.72it/s, Materializing param=encoder.layer.9.attention.output.dense.bias]
Loading weights:  39%|ΓûêΓûêΓûêΓûë      | 153/391 [00:00<00:00, 7218.87it/s, Materializing param=encoder.layer.9.attention.output.dense.weight]
Loading weights:  39%|ΓûêΓûêΓûêΓûë      | 153/391 [00:00<00:00, 7218.87it/s, Materializing param=encoder.layer.9.attention.output.dense.weight]
Loading weights:  39%|ΓûêΓûêΓûêΓûë      | 154/391 [00:00<00:00, 7266.05it/s, Materializing param=encoder.layer.9.attention.self.key.bias]      
Loading weights:  39%|ΓûêΓûêΓûêΓûë      | 154/391 [00:00<00:00, 7266.05it/s, Materializing param=encoder.layer.9.attention.self.key.bias]
Loading weights:  40%|ΓûêΓûêΓûêΓûë      | 155/391 [00:00<00:00, 7313.23it/s, Materializing param=encoder.layer.9.attention.self.key.weight]
Loading weights:  40%|ΓûêΓûêΓûêΓûë      | 155/391 [00:00<00:00, 7313.23it/s, Materializing param=encoder.layer.9.attention.self.key.weight]
Loading weights:  40%|ΓûêΓûêΓûêΓûë      | 156/391 [00:00<00:00, 7360.41it/s, Materializing param=encoder.layer.9.attention.self.query.bias]
Loading weights:  40%|ΓûêΓûêΓûêΓûë      | 156/391 [00:00<00:00, 7360.41it/s, Materializing param=encoder.layer.9.attention.self.query.bias]
Loading weights:  40%|ΓûêΓûêΓûêΓûê      | 157/391 [00:00<00:00, 7407.60it/s, Materializing param=encoder.layer.9.attention.self.query.weight]
Loading weights:  40%|ΓûêΓûêΓûêΓûê      | 157/391 [00:00<00:00, 7235.53it/s, Materializing param=encoder.layer.9.attention.self.query.weight]
Loading weights:  40%|ΓûêΓûêΓûêΓûê      | 158/391 [00:00<00:00, 7281.62it/s, Materializing param=encoder.layer.9.attention.self.value.bias]  
Loading weights:  40%|ΓûêΓûêΓûêΓûê      | 158/391 [00:00<00:00, 7281.62it/s, Materializing param=encoder.layer.9.attention.self.value.bias]
Loading weights:  41%|ΓûêΓûêΓûêΓûê      | 159/391 [00:00<00:00, 7327.70it/s, Materializing param=encoder.layer.9.attention.self.value.weight]
Loading weights:  41%|ΓûêΓûêΓûêΓûê      | 159/391 [00:00<00:00, 7327.70it/s, Materializing param=encoder.layer.9.attention.self.value.weight]
Loading weights:  41%|ΓûêΓûêΓûêΓûê      | 160/391 [00:00<00:00, 7373.79it/s, Materializing param=encoder.layer.9.intermediate.dense.bias]    
Loading weights:  41%|ΓûêΓûêΓûêΓûê      | 160/391 [00:00<00:00, 7373.79it/s, Materializing param=encoder.layer.9.intermediate.dense.bias]
Loading weights:  41%|ΓûêΓûêΓûêΓûê      | 161/391 [00:00<00:00, 7419.88it/s, Materializing param=encoder.layer.9.intermediate.dense.weight]
Loading weights:  41%|ΓûêΓûêΓûêΓûê      | 161/391 [00:00<00:00, 7419.88it/s, Materializing param=encoder.layer.9.intermediate.dense.weight]
Loading weights:  41%|ΓûêΓûêΓûêΓûêΓûÅ     | 162/391 [00:00<00:00, 7465.96it/s, Materializing param=encoder.layer.9.output.LayerNorm.bias]    
Loading weights:  41%|ΓûêΓûêΓûêΓûêΓûÅ     | 162/391 [00:00<00:00, 7465.96it/s, Materializing param=encoder.layer.9.output.LayerNorm.bias]
Loading weights:  42%|ΓûêΓûêΓûêΓûêΓûÅ     | 163/391 [00:00<00:00, 7512.05it/s, Materializing param=encoder.layer.9.output.LayerNorm.weight]
Loading weights:  42%|ΓûêΓûêΓûêΓûêΓûÅ     | 163/391 [00:00<00:00, 7333.09it/s, Materializing param=encoder.layer.9.output.LayerNorm.weight]
Loading weights:  42%|ΓûêΓûêΓûêΓûêΓûÅ     | 164/391 [00:00<00:00, 7378.08it/s, Materializing param=encoder.layer.9.output.dense.bias]      
Loading weights:  42%|ΓûêΓûêΓûêΓûêΓûÅ     | 164/391 [00:00<00:00, 7378.08it/s, Materializing param=encoder.layer.9.output.dense.bias]
Loading weights:  42%|ΓûêΓûêΓûêΓûêΓûÅ     | 165/391 [00:00<00:00, 7423.07it/s, Materializing param=encoder.layer.9.output.dense.weight]
Loading weights:  42%|ΓûêΓûêΓûêΓûêΓûÅ     | 165/391 [00:00<00:00, 7423.07it/s, Materializing param=encoder.layer.9.output.dense.weight]
Loading weights:  42%|ΓûêΓûêΓûêΓûêΓûÅ     | 166/391 [00:00<00:00, 7468.06it/s, Materializing param=encoder.layer.10.attention.output.LayerNorm.bias]
Loading weights:  42%|ΓûêΓûêΓûêΓûêΓûÅ     | 166/391 [00:00<00:00, 7468.06it/s, Materializing param=encoder.layer.10.attention.output.LayerNorm.bias]
Loading weights:  43%|ΓûêΓûêΓûêΓûêΓûÄ     | 167/391 [00:00<00:00, 7513.05it/s, Materializing param=encoder.layer.10.attention.output.LayerNorm.weight]
Loading weights:  43%|ΓûêΓûêΓûêΓûêΓûÄ     | 167/391 [00:00<00:00, 7513.05it/s, Materializing param=encoder.layer.10.attention.output.LayerNorm.weight]
Loading weights:  43%|ΓûêΓûêΓûêΓûêΓûÄ     | 168/391 [00:00<00:00, 7558.03it/s, Materializing param=encoder.layer.10.attention.output.dense.bias]      
Loading weights:  43%|ΓûêΓûêΓûêΓûêΓûÄ     | 168/391 [00:00<00:00, 7558.03it/s, Materializing param=encoder.layer.10.attention.output.dense.bias]
Loading weights:  43%|ΓûêΓûêΓûêΓûêΓûÄ     | 169/391 [00:00<00:00, 7603.02it/s, Materializing param=encoder.layer.10.attention.output.dense.weight]
Loading weights:  43%|ΓûêΓûêΓûêΓûêΓûÄ     | 169/391 [00:00<00:00, 7603.02it/s, Materializing param=encoder.layer.10.attention.output.dense.weight]
Loading weights:  43%|ΓûêΓûêΓûêΓûêΓûÄ     | 170/391 [00:00<00:00, 7648.01it/s, Materializing param=encoder.layer.10.attention.self.key.bias]      
Loading weights:  43%|ΓûêΓûêΓûêΓûêΓûÄ     | 170/391 [00:00<00:00, 7648.01it/s, Materializing param=encoder.layer.10.attention.self.key.bias]
Loading weights:  44%|ΓûêΓûêΓûêΓûêΓûÄ     | 171/391 [00:00<00:00, 7693.00it/s, Materializing param=encoder.layer.10.attention.self.key.weight]
Loading weights:  44%|ΓûêΓûêΓûêΓûêΓûÄ     | 171/391 [00:00<00:00, 7693.00it/s, Materializing param=encoder.layer.10.attention.self.key.weight]
Loading weights:  44%|ΓûêΓûêΓûêΓûêΓûì     | 172/391 [00:00<00:00, 7558.49it/s, Materializing param=encoder.layer.10.attention.self.query.bias]
Loading weights:  44%|ΓûêΓûêΓûêΓûêΓûì     | 172/391 [00:00<00:00, 7558.49it/s, Materializing param=encoder.layer.10.attention.self.query.bias]
Loading weights:  44%|ΓûêΓûêΓûêΓûêΓûì     | 173/391 [00:00<00:00, 7602.44it/s, Materializing param=encoder.layer.10.attention.self.query.weight]
Loading weights:  44%|ΓûêΓûêΓûêΓûêΓûì     | 173/391 [00:00<00:00, 7602.44it/s, Materializing param=encoder.layer.10.attention.self.query.weight]
Loading weights:  45%|ΓûêΓûêΓûêΓûêΓûì     | 174/391 [00:00<00:00, 7646.38it/s, Materializing param=encoder.layer.10.attention.self.value.bias]  
Loading weights:  45%|ΓûêΓûêΓûêΓûêΓûì     | 174/391 [00:00<00:00, 7646.38it/s, Materializing param=encoder.layer.10.attention.self.value.bias]
Loading weights:  45%|ΓûêΓûêΓûêΓûêΓûì     | 175/391 [00:00<00:00, 7690.33it/s, Materializing param=encoder.layer.10.attention.self.value.weight]
Loading weights:  45%|ΓûêΓûêΓûêΓûêΓûì     | 175/391 [00:00<00:00, 7690.33it/s, Materializing param=encoder.layer.10.attention.self.value.weight]
Loading weights:  45%|ΓûêΓûêΓûêΓûêΓûî     | 176/391 [00:00<00:00, 7734.27it/s, Materializing param=encoder.layer.10.intermediate.dense.bias]    
Loading weights:  45%|ΓûêΓûêΓûêΓûêΓûî     | 176/391 [00:00<00:00, 7734.27it/s, Materializing param=encoder.layer.10.intermediate.dense.bias]
Loading weights:  45%|ΓûêΓûêΓûêΓûêΓûî     | 177/391 [00:00<00:00, 7778.22it/s, Materializing param=encoder.layer.10.intermediate.dense.weight]
Loading weights:  45%|ΓûêΓûêΓûêΓûêΓûî     | 177/391 [00:00<00:00, 7778.22it/s, Materializing param=encoder.layer.10.intermediate.dense.weight]
Loading weights:  46%|ΓûêΓûêΓûêΓûêΓûî     | 178/391 [00:00<00:00, 7822.16it/s, Materializing param=encoder.layer.10.output.LayerNorm.bias]    
Loading weights:  46%|ΓûêΓûêΓûêΓûêΓûî     | 178/391 [00:00<00:00, 7646.39it/s, Materializing param=encoder.layer.10.output.LayerNorm.bias]
Loading weights:  46%|ΓûêΓûêΓûêΓûêΓûî     | 179/391 [00:00<00:00, 7689.35it/s, Materializing param=encoder.layer.10.output.LayerNorm.weight]
Loading weights:  46%|ΓûêΓûêΓûêΓûêΓûî     | 179/391 [00:00<00:00, 7689.35it/s, Materializing param=encoder.layer.10.output.LayerNorm.weight]
Loading weights:  46%|ΓûêΓûêΓûêΓûêΓûî     | 180/391 [00:00<00:00, 7732.31it/s, Materializing param=encoder.layer.10.output.dense.bias]      
Loading weights:  46%|ΓûêΓûêΓûêΓûêΓûî     | 180/391 [00:00<00:00, 7732.31it/s, Materializing param=encoder.layer.10.output.dense.bias]
Loading weights:  46%|ΓûêΓûêΓûêΓûêΓûï     | 181/391 [00:00<00:00, 7775.26it/s, Materializing param=encoder.layer.10.output.dense.weight]
Loading weights:  46%|ΓûêΓûêΓûêΓûêΓûï     | 181/391 [00:00<00:00, 7775.26it/s, Materializing param=encoder.layer.10.output.dense.weight]
Loading weights:  47%|ΓûêΓûêΓûêΓûêΓûï     | 182/391 [00:00<00:00, 7818.22it/s, Materializing param=encoder.layer.11.attention.output.LayerNorm.bias]
Loading weights:  47%|ΓûêΓûêΓûêΓûêΓûï     | 182/391 [00:00<00:00, 7818.22it/s, Materializing param=encoder.layer.11.attention.output.LayerNorm.bias]
Loading weights:  47%|ΓûêΓûêΓûêΓûêΓûï     | 183/391 [00:00<00:00, 7861.18it/s, Materializing param=encoder.layer.11.attention.output.LayerNorm.weight]
Loading weights:  47%|ΓûêΓûêΓûêΓûêΓûï     | 183/391 [00:00<00:00, 7861.18it/s, Materializing param=encoder.layer.11.attention.output.LayerNorm.weight]
Loading weights:  47%|ΓûêΓûêΓûêΓûêΓûï     | 184/391 [00:00<00:00, 7731.59it/s, Materializing param=encoder.layer.11.attention.output.dense.bias]      
Loading weights:  47%|ΓûêΓûêΓûêΓûêΓûï     | 184/391 [00:00<00:00, 7731.59it/s, Materializing param=encoder.layer.11.attention.output.dense.bias]
Loading weights:  47%|ΓûêΓûêΓûêΓûêΓûï     | 185/391 [00:00<00:00, 7773.61it/s, Materializing param=encoder.layer.11.attention.output.dense.weight]
Loading weights:  47%|ΓûêΓûêΓûêΓûêΓûï     | 185/391 [00:00<00:00, 7773.61it/s, Materializing param=encoder.layer.11.attention.output.dense.weight]
Loading weights:  48%|ΓûêΓûêΓûêΓûêΓûè     | 186/391 [00:00<00:00, 7815.63it/s, Materializing param=encoder.layer.11.attention.self.key.bias]      
Loading weights:  48%|ΓûêΓûêΓûêΓûêΓûè     | 186/391 [00:00<00:00, 7815.63it/s, Materializing param=encoder.layer.11.attention.self.key.bias]
Loading weights:  48%|ΓûêΓûêΓûêΓûêΓûè     | 187/391 [00:00<00:00, 7857.65it/s, Materializing param=encoder.layer.11.attention.self.key.weight]
Loading weights:  48%|ΓûêΓûêΓûêΓûêΓûè     | 187/391 [00:00<00:00, 7857.65it/s, Materializing param=encoder.layer.11.attention.self.key.weight]
Loading weights:  48%|ΓûêΓûêΓûêΓûêΓûè     | 188/391 [00:00<00:00, 7899.67it/s, Materializing param=encoder.layer.11.attention.self.query.bias]
Loading weights:  48%|ΓûêΓûêΓûêΓûêΓûè     | 188/391 [00:00<00:00, 7899.67it/s, Materializing param=encoder.layer.11.attention.self.query.bias]
Loading weights:  48%|ΓûêΓûêΓûêΓûêΓûè     | 189/391 [00:00<00:00, 7941.69it/s, Materializing param=encoder.layer.11.attention.self.query.weight]
Loading weights:  48%|ΓûêΓûêΓûêΓûêΓûè     | 189/391 [00:00<00:00, 7941.69it/s, Materializing param=encoder.layer.11.attention.self.query.weight]
Loading weights:  49%|ΓûêΓûêΓûêΓûêΓûè     | 190/391 [00:00<00:00, 7983.71it/s, Materializing param=encoder.layer.11.attention.self.value.bias]  
Loading weights:  49%|ΓûêΓûêΓûêΓûêΓûè     | 190/391 [00:00<00:00, 7983.71it/s, Materializing param=encoder.layer.11.attention.self.value.bias]
Loading weights:  49%|ΓûêΓûêΓûêΓûêΓûë     | 191/391 [00:00<00:00, 7851.88it/s, Materializing param=encoder.layer.11.attention.self.value.weight]
Loading weights:  49%|ΓûêΓûêΓûêΓûêΓûë     | 191/391 [00:00<00:00, 7851.88it/s, Materializing param=encoder.layer.11.attention.self.value.weight]
Loading weights:  49%|ΓûêΓûêΓûêΓûêΓûë     | 192/391 [00:00<00:00, 7892.99it/s, Materializing param=encoder.layer.11.intermediate.dense.bias]    
Loading weights:  49%|ΓûêΓûêΓûêΓûêΓûë     | 192/391 [00:00<00:00, 7892.99it/s, Materializing param=encoder.layer.11.intermediate.dense.bias]
Loading weights:  49%|ΓûêΓûêΓûêΓûêΓûë     | 193/391 [00:00<00:00, 7934.10it/s, Materializing param=encoder.layer.11.intermediate.dense.weight]
Loading weights:  49%|ΓûêΓûêΓûêΓûêΓûë     | 193/391 [00:00<00:00, 7934.10it/s, Materializing param=encoder.layer.11.intermediate.dense.weight]
Loading weights:  50%|ΓûêΓûêΓûêΓûêΓûë     | 194/391 [00:00<00:00, 7975.21it/s, Materializing param=encoder.layer.11.output.LayerNorm.bias]    
Loading weights:  50%|ΓûêΓûêΓûêΓûêΓûë     | 194/391 [00:00<00:00, 7975.21it/s, Materializing param=encoder.layer.11.output.LayerNorm.bias]
Loading weights:  50%|ΓûêΓûêΓûêΓûêΓûë     | 195/391 [00:00<00:00, 8016.32it/s, Materializing param=encoder.layer.11.output.LayerNorm.weight]
Loading weights:  50%|ΓûêΓûêΓûêΓûêΓûë     | 195/391 [00:00<00:00, 8016.32it/s, Materializing param=encoder.layer.11.output.LayerNorm.weight]
Loading weights:  50%|ΓûêΓûêΓûêΓûêΓûê     | 196/391 [00:00<00:00, 8057.43it/s, Materializing param=encoder.layer.11.output.dense.bias]      
Loading weights:  50%|ΓûêΓûêΓûêΓûêΓûê     | 196/391 [00:00<00:00, 8057.43it/s, Materializing param=encoder.layer.11.output.dense.bias]
Loading weights:  50%|ΓûêΓûêΓûêΓûêΓûê     | 197/391 [00:00<00:00, 7929.50it/s, Materializing param=encoder.layer.11.output.dense.weight]
Loading weights:  50%|ΓûêΓûêΓûêΓûêΓûê     | 197/391 [00:00<00:00, 7929.50it/s, Materializing param=encoder.layer.11.output.dense.weight]
Loading weights:  51%|ΓûêΓûêΓûêΓûêΓûê     | 198/391 [00:00<00:00, 7969.75it/s, Materializing param=encoder.layer.12.attention.output.LayerNorm.bias]
Loading weights:  51%|ΓûêΓûêΓûêΓûêΓûê     | 198/391 [00:00<00:00, 7969.75it/s, Materializing param=encoder.layer.12.attention.output.LayerNorm.bias]
Loading weights:  51%|ΓûêΓûêΓûêΓûêΓûê     | 199/391 [00:00<00:00, 8010.00it/s, Materializing param=encoder.layer.12.attention.output.LayerNorm.weight]
Loading weights:  51%|ΓûêΓûêΓûêΓûêΓûê     | 199/391 [00:00<00:00, 8010.00it/s, Materializing param=encoder.layer.12.attention.output.LayerNorm.weight]
Loading weights:  51%|ΓûêΓûêΓûêΓûêΓûê     | 200/391 [00:00<00:00, 8050.26it/s, Materializing param=encoder.layer.12.attention.output.dense.bias]      
Loading weights:  51%|ΓûêΓûêΓûêΓûêΓûê     | 200/391 [00:00<00:00, 8050.26it/s, Materializing param=encoder.layer.12.attention.output.dense.bias]
Loading weights:  51%|ΓûêΓûêΓûêΓûêΓûêΓûÅ    | 201/391 [00:00<00:00, 8090.51it/s, Materializing param=encoder.layer.12.attention.output.dense.weight]
Loading weights:  51%|ΓûêΓûêΓûêΓûêΓûêΓûÅ    | 201/391 [00:00<00:00, 8090.51it/s, Materializing param=encoder.layer.12.attention.output.dense.weight]
Loading weights:  52%|ΓûêΓûêΓûêΓûêΓûêΓûÅ    | 202/391 [00:00<00:00, 7965.34it/s, Materializing param=encoder.layer.12.attention.self.key.bias]      
Loading weights:  52%|ΓûêΓûêΓûêΓûêΓûêΓûÅ    | 202/391 [00:00<00:00, 7965.34it/s, Materializing param=encoder.layer.12.attention.self.key.bias]
Loading weights:  52%|ΓûêΓûêΓûêΓûêΓûêΓûÅ    | 203/391 [00:00<00:00, 8004.77it/s, Materializing param=encoder.layer.12.attention.self.key.weight]
Loading weights:  52%|ΓûêΓûêΓûêΓûêΓûêΓûÅ    | 203/391 [00:00<00:00, 8004.77it/s, Materializing param=encoder.layer.12.attention.self.key.weight]
Loading weights:  52%|ΓûêΓûêΓûêΓûêΓûêΓûÅ    | 204/391 [00:00<00:00, 8044.21it/s, Materializing param=encoder.layer.12.attention.self.query.bias]
Loading weights:  52%|ΓûêΓûêΓûêΓûêΓûêΓûÅ    | 204/391 [00:00<00:00, 8044.21it/s, Materializing param=encoder.layer.12.attention.self.query.bias]
Loading weights:  52%|ΓûêΓûêΓûêΓûêΓûêΓûÅ    | 205/391 [00:00<00:00, 8083.64it/s, Materializing param=encoder.layer.12.attention.self.query.weight]
Loading weights:  52%|ΓûêΓûêΓûêΓûêΓûêΓûÅ    | 205/391 [00:00<00:00, 8083.64it/s, Materializing param=encoder.layer.12.attention.self.query.weight]
Loading weights:  53%|ΓûêΓûêΓûêΓûêΓûêΓûÄ    | 206/391 [00:00<00:00, 8123.07it/s, Materializing param=encoder.layer.12.attention.self.value.bias]  
Loading weights:  53%|ΓûêΓûêΓûêΓûêΓûêΓûÄ    | 206/391 [00:00<00:00, 8123.07it/s, Materializing param=encoder.layer.12.attention.self.value.bias]
Loading weights:  53%|ΓûêΓûêΓûêΓûêΓûêΓûÄ    | 207/391 [00:00<00:00, 8162.50it/s, Materializing param=encoder.layer.12.attention.self.value.weight]
Loading weights:  53%|ΓûêΓûêΓûêΓûêΓûêΓûÄ    | 207/391 [00:00<00:00, 8162.50it/s, Materializing param=encoder.layer.12.attention.self.value.weight]
Loading weights:  53%|ΓûêΓûêΓûêΓûêΓûêΓûÄ    | 208/391 [00:00<00:00, 8035.73it/s, Materializing param=encoder.layer.12.intermediate.dense.bias]    
Loading weights:  53%|ΓûêΓûêΓûêΓûêΓûêΓûÄ    | 208/391 [00:00<00:00, 8035.73it/s, Materializing param=encoder.layer.12.intermediate.dense.bias]
Loading weights:  53%|ΓûêΓûêΓûêΓûêΓûêΓûÄ    | 209/391 [00:00<00:00, 8074.36it/s, Materializing param=encoder.layer.12.intermediate.dense.weight]
Loading weights:  53%|ΓûêΓûêΓûêΓûêΓûêΓûÄ    | 209/391 [00:00<00:00, 8074.36it/s, Materializing param=encoder.layer.12.intermediate.dense.weight]
Loading weights:  54%|ΓûêΓûêΓûêΓûêΓûêΓûÄ    | 210/391 [00:00<00:00, 8113.00it/s, Materializing param=encoder.layer.12.output.LayerNorm.bias]    
Loading weights:  54%|ΓûêΓûêΓûêΓûêΓûêΓûÄ    | 210/391 [00:00<00:00, 8113.00it/s, Materializing param=encoder.layer.12.output.LayerNorm.bias]
Loading weights:  54%|ΓûêΓûêΓûêΓûêΓûêΓûì    | 211/391 [00:00<00:00, 8151.63it/s, Materializing param=encoder.layer.12.output.LayerNorm.weight]
Loading weights:  54%|ΓûêΓûêΓûêΓûêΓûêΓûì    | 211/391 [00:00<00:00, 8151.63it/s, Materializing param=encoder.layer.12.output.LayerNorm.weight]
Loading weights:  54%|ΓûêΓûêΓûêΓûêΓûêΓûì    | 212/391 [00:00<00:00, 8190.26it/s, Materializing param=encoder.layer.12.output.dense.bias]      
Loading weights:  54%|ΓûêΓûêΓûêΓûêΓûêΓûì    | 212/391 [00:00<00:00, 8190.26it/s, Materializing param=encoder.layer.12.output.dense.bias]
Loading weights:  54%|ΓûêΓûêΓûêΓûêΓûêΓûì    | 213/391 [00:00<00:00, 8060.00it/s, Materializing param=encoder.layer.12.output.dense.weight]
Loading weights:  54%|ΓûêΓûêΓûêΓûêΓûêΓûì    | 213/391 [00:00<00:00, 8060.00it/s, Materializing param=encoder.layer.12.output.dense.weight]
Loading weights:  55%|ΓûêΓûêΓûêΓûêΓûêΓûì    | 214/391 [00:00<00:00, 8097.84it/s, Materializing param=encoder.layer.13.attention.output.LayerNorm.bias]
Loading weights:  55%|ΓûêΓûêΓûêΓûêΓûêΓûì    | 214/391 [00:00<00:00, 8097.84it/s, Materializing param=encoder.layer.13.attention.output.LayerNorm.bias]
Loading weights:  55%|ΓûêΓûêΓûêΓûêΓûêΓûì    | 215/391 [00:00<00:00, 8135.68it/s, Materializing param=encoder.layer.13.attention.output.LayerNorm.weight]
Loading weights:  55%|ΓûêΓûêΓûêΓûêΓûêΓûì    | 215/391 [00:00<00:00, 8135.68it/s, Materializing param=encoder.layer.13.attention.output.LayerNorm.weight]
Loading weights:  55%|ΓûêΓûêΓûêΓûêΓûêΓûî    | 216/391 [00:00<00:00, 8173.52it/s, Materializing param=encoder.layer.13.attention.output.dense.bias]      
Loading weights:  55%|ΓûêΓûêΓûêΓûêΓûêΓûî    | 216/391 [00:00<00:00, 8173.52it/s, Materializing param=encoder.layer.13.attention.output.dense.bias]
Loading weights:  55%|ΓûêΓûêΓûêΓûêΓûêΓûî    | 217/391 [00:00<00:00, 8211.36it/s, Materializing param=encoder.layer.13.attention.output.dense.weight]
Loading weights:  55%|ΓûêΓûêΓûêΓûêΓûêΓûî    | 217/391 [00:00<00:00, 8211.36it/s, Materializing param=encoder.layer.13.attention.output.dense.weight]
Loading weights:  56%|ΓûêΓûêΓûêΓûêΓûêΓûî    | 218/391 [00:00<00:00, 8089.02it/s, Materializing param=encoder.layer.13.attention.self.key.bias]      
Loading weights:  56%|ΓûêΓûêΓûêΓûêΓûêΓûî    | 218/391 [00:00<00:00, 8089.02it/s, Materializing param=encoder.layer.13.attention.self.key.bias]
Loading weights:  56%|ΓûêΓûêΓûêΓûêΓûêΓûî    | 219/391 [00:00<00:00, 8126.12it/s, Materializing param=encoder.layer.13.attention.self.key.weight]
Loading weights:  56%|ΓûêΓûêΓûêΓûêΓûêΓûî    | 219/391 [00:00<00:00, 8126.12it/s, Materializing param=encoder.layer.13.attention.self.key.weight]
Loading weights:  56%|ΓûêΓûêΓûêΓûêΓûêΓûï    | 220/391 [00:00<00:00, 8163.23it/s, Materializing param=encoder.layer.13.attention.self.query.bias]
Loading weights:  56%|ΓûêΓûêΓûêΓûêΓûêΓûï    | 220/391 [00:00<00:00, 8163.23it/s, Materializing param=encoder.layer.13.attention.self.query.bias]
Loading weights:  57%|ΓûêΓûêΓûêΓûêΓûêΓûï    | 221/391 [00:00<00:00, 8200.33it/s, Materializing param=encoder.layer.13.attention.self.query.weight]
Loading weights:  57%|ΓûêΓûêΓûêΓûêΓûêΓûï    | 221/391 [00:00<00:00, 8200.33it/s, Materializing param=encoder.layer.13.attention.self.query.weight]
Loading weights:  57%|ΓûêΓûêΓûêΓûêΓûêΓûï    | 222/391 [00:00<00:00, 8237.44it/s, Materializing param=encoder.layer.13.attention.self.value.bias]  
Loading weights:  57%|ΓûêΓûêΓûêΓûêΓûêΓûï    | 222/391 [00:00<00:00, 8237.44it/s, Materializing param=encoder.layer.13.attention.self.value.bias]
Loading weights:  57%|ΓûêΓûêΓûêΓûêΓûêΓûï    | 223/391 [00:00<00:00, 8115.45it/s, Materializing param=encoder.layer.13.attention.self.value.weight]
Loading weights:  57%|ΓûêΓûêΓûêΓûêΓûêΓûï    | 223/391 [00:00<00:00, 8115.45it/s, Materializing param=encoder.layer.13.attention.self.value.weight]
Loading weights:  57%|ΓûêΓûêΓûêΓûêΓûêΓûï    | 224/391 [00:00<00:00, 8151.84it/s, Materializing param=encoder.layer.13.intermediate.dense.bias]    
Loading weights:  57%|ΓûêΓûêΓûêΓûêΓûêΓûï    | 224/391 [00:00<00:00, 8151.84it/s, Materializing param=encoder.layer.13.intermediate.dense.bias]
Loading weights:  58%|ΓûêΓûêΓûêΓûêΓûêΓûè    | 225/391 [00:00<00:00, 8188.23it/s, Materializing param=encoder.layer.13.intermediate.dense.weight]
Loading weights:  58%|ΓûêΓûêΓûêΓûêΓûêΓûè    | 225/391 [00:00<00:00, 8188.23it/s, Materializing param=encoder.layer.13.intermediate.dense.weight]
Loading weights:  58%|ΓûêΓûêΓûêΓûêΓûêΓûè    | 226/391 [00:00<00:00, 8224.62it/s, Materializing param=encoder.layer.13.output.LayerNorm.bias]    
Loading weights:  58%|ΓûêΓûêΓûêΓûêΓûêΓûè    | 226/391 [00:00<00:00, 8224.62it/s, Materializing param=encoder.layer.13.output.LayerNorm.bias]
Loading weights:  58%|ΓûêΓûêΓûêΓûêΓûêΓûè    | 227/391 [00:00<00:00, 8106.07it/s, Materializing param=encoder.layer.13.output.LayerNorm.weight]
Loading weights:  58%|ΓûêΓûêΓûêΓûêΓûêΓûè    | 227/391 [00:00<00:00, 8106.07it/s, Materializing param=encoder.layer.13.output.LayerNorm.weight]
Loading weights:  58%|ΓûêΓûêΓûêΓûêΓûêΓûè    | 228/391 [00:00<00:00, 8141.78it/s, Materializing param=encoder.layer.13.output.dense.bias]      
Loading weights:  58%|ΓûêΓûêΓûêΓûêΓûêΓûè    | 228/391 [00:00<00:00, 8141.78it/s, Materializing param=encoder.layer.13.output.dense.bias]
Loading weights:  59%|ΓûêΓûêΓûêΓûêΓûêΓûè    | 229/391 [00:00<00:00, 8177.49it/s, Materializing param=encoder.layer.13.output.dense.weight]
Loading weights:  59%|ΓûêΓûêΓûêΓûêΓûêΓûè    | 229/391 [00:00<00:00, 8177.49it/s, Materializing param=encoder.layer.13.output.dense.weight]
Loading weights:  59%|ΓûêΓûêΓûêΓûêΓûêΓûë    | 230/391 [00:00<00:00, 8213.20it/s, Materializing param=encoder.layer.14.attention.output.LayerNorm.bias]
Loading weights:  59%|ΓûêΓûêΓûêΓûêΓûêΓûë    | 230/391 [00:00<00:00, 8213.20it/s, Materializing param=encoder.layer.14.attention.output.LayerNorm.bias]
Loading weights:  59%|ΓûêΓûêΓûêΓûêΓûêΓûë    | 231/391 [00:00<00:00, 8248.91it/s, Materializing param=encoder.layer.14.attention.output.LayerNorm.weight]
Loading weights:  59%|ΓûêΓûêΓûêΓûêΓûêΓûë    | 231/391 [00:00<00:00, 8248.91it/s, Materializing param=encoder.layer.14.attention.output.LayerNorm.weight]
Loading weights:  59%|ΓûêΓûêΓûêΓûêΓûêΓûë    | 232/391 [00:00<00:00, 8284.62it/s, Materializing param=encoder.layer.14.attention.output.dense.bias]      
Loading weights:  59%|ΓûêΓûêΓûêΓûêΓûêΓûë    | 232/391 [00:00<00:00, 8131.69it/s, Materializing param=encoder.layer.14.attention.output.dense.bias]
Loading weights:  60%|ΓûêΓûêΓûêΓûêΓûêΓûë    | 233/391 [00:00<00:00, 8166.74it/s, Materializing param=encoder.layer.14.attention.output.dense.weight]
Loading weights:  60%|ΓûêΓûêΓûêΓûêΓûêΓûë    | 233/391 [00:00<00:00, 8166.74it/s, Materializing param=encoder.layer.14.attention.output.dense.weight]
Loading weights:  60%|ΓûêΓûêΓûêΓûêΓûêΓûë    | 234/391 [00:00<00:00, 8201.79it/s, Materializing param=encoder.layer.14.attention.self.key.bias]      
Loading weights:  60%|ΓûêΓûêΓûêΓûêΓûêΓûë    | 234/391 [00:00<00:00, 8201.79it/s, Materializing param=encoder.layer.14.attention.self.key.bias]
Loading weights:  60%|ΓûêΓûêΓûêΓûêΓûêΓûê    | 235/391 [00:00<00:00, 8236.84it/s, Materializing param=encoder.layer.14.attention.self.key.weight]
Loading weights:  60%|ΓûêΓûêΓûêΓûêΓûêΓûê    | 235/391 [00:00<00:00, 8236.84it/s, Materializing param=encoder.layer.14.attention.self.key.weight]
Loading weights:  60%|ΓûêΓûêΓûêΓûêΓûêΓûê    | 236/391 [00:00<00:00, 8271.89it/s, Materializing param=encoder.layer.14.attention.self.query.bias]
Loading weights:  60%|ΓûêΓûêΓûêΓûêΓûêΓûê    | 236/391 [00:00<00:00, 8271.89it/s, Materializing param=encoder.layer.14.attention.self.query.bias]
Loading weights:  61%|ΓûêΓûêΓûêΓûêΓûêΓûê    | 237/391 [00:00<00:00, 8306.94it/s, Materializing param=encoder.layer.14.attention.self.query.weight]
Loading weights:  61%|ΓûêΓûêΓûêΓûêΓûêΓûê    | 237/391 [00:00<00:00, 8306.94it/s, Materializing param=encoder.layer.14.attention.self.query.weight]
Loading weights:  61%|ΓûêΓûêΓûêΓûêΓûêΓûê    | 238/391 [00:00<00:00, 8341.99it/s, Materializing param=encoder.layer.14.attention.self.value.bias]  
Loading weights:  61%|ΓûêΓûêΓûêΓûêΓûêΓûê    | 238/391 [00:00<00:00, 8341.99it/s, Materializing param=encoder.layer.14.attention.self.value.bias]
Loading weights:  61%|ΓûêΓûêΓûêΓûêΓûêΓûê    | 239/391 [00:00<00:00, 8227.16it/s, Materializing param=encoder.layer.14.attention.self.value.weight]
Loading weights:  61%|ΓûêΓûêΓûêΓûêΓûêΓûê    | 239/391 [00:00<00:00, 8227.16it/s, Materializing param=encoder.layer.14.attention.self.value.weight]
Loading weights:  61%|ΓûêΓûêΓûêΓûêΓûêΓûêΓûÅ   | 240/391 [00:00<00:00, 8261.59it/s, Materializing param=encoder.layer.14.intermediate.dense.bias]    
Loading weights:  61%|ΓûêΓûêΓûêΓûêΓûêΓûêΓûÅ   | 240/391 [00:00<00:00, 8261.59it/s, Materializing param=encoder.layer.14.intermediate.dense.bias]
Loading weights:  62%|ΓûêΓûêΓûêΓûêΓûêΓûêΓûÅ   | 241/391 [00:00<00:00, 8296.01it/s, Materializing param=encoder.layer.14.intermediate.dense.weight]
Loading weights:  62%|ΓûêΓûêΓûêΓûêΓûêΓûêΓûÅ   | 241/391 [00:00<00:00, 8296.01it/s, Materializing param=encoder.layer.14.intermediate.dense.weight]
Loading weights:  62%|ΓûêΓûêΓûêΓûêΓûêΓûêΓûÅ   | 242/391 [00:00<00:00, 8330.43it/s, Materializing param=encoder.layer.14.output.LayerNorm.bias]    
Loading weights:  62%|ΓûêΓûêΓûêΓûêΓûêΓûêΓûÅ   | 242/391 [00:00<00:00, 8330.43it/s, Materializing param=encoder.layer.14.output.LayerNorm.bias]
Loading weights:  62%|ΓûêΓûêΓûêΓûêΓûêΓûêΓûÅ   | 243/391 [00:00<00:00, 8364.86it/s, Materializing param=encoder.layer.14.output.LayerNorm.weight]
Loading weights:  62%|ΓûêΓûêΓûêΓûêΓûêΓûêΓûÅ   | 243/391 [00:00<00:00, 8364.86it/s, Materializing param=encoder.layer.14.output.LayerNorm.weight]
Loading weights:  62%|ΓûêΓûêΓûêΓûêΓûêΓûêΓûÅ   | 244/391 [00:00<00:00, 8399.28it/s, Materializing param=encoder.layer.14.output.dense.bias]      
Loading weights:  62%|ΓûêΓûêΓûêΓûêΓûêΓûêΓûÅ   | 244/391 [00:00<00:00, 8399.28it/s, Materializing param=encoder.layer.14.output.dense.bias]
Loading weights:  63%|ΓûêΓûêΓûêΓûêΓûêΓûêΓûÄ   | 245/391 [00:00<00:00, 8433.70it/s, Materializing param=encoder.layer.14.output.dense.weight]
Loading weights:  63%|ΓûêΓûêΓûêΓûêΓûêΓûêΓûÄ   | 245/391 [00:00<00:00, 8433.70it/s, Materializing param=encoder.layer.14.output.dense.weight]
Loading weights:  63%|ΓûêΓûêΓûêΓûêΓûêΓûêΓûÄ   | 246/391 [00:00<00:00, 8468.13it/s, Materializing param=encoder.layer.15.attention.output.LayerNorm.bias]
Loading weights:  63%|ΓûêΓûêΓûêΓûêΓûêΓûêΓûÄ   | 246/391 [00:00<00:00, 8468.13it/s, Materializing param=encoder.layer.15.attention.output.LayerNorm.bias]
Loading weights:  63%|ΓûêΓûêΓûêΓûêΓûêΓûêΓûÄ   | 247/391 [00:00<00:00, 8352.83it/s, Materializing param=encoder.layer.15.attention.output.LayerNorm.weight]
Loading weights:  63%|ΓûêΓûêΓûêΓûêΓûêΓûêΓûÄ   | 247/391 [00:00<00:00, 8352.83it/s, Materializing param=encoder.layer.15.attention.output.LayerNorm.weight]
Loading weights:  63%|ΓûêΓûêΓûêΓûêΓûêΓûêΓûÄ   | 248/391 [00:00<00:00, 8386.65it/s, Materializing param=encoder.layer.15.attention.output.dense.bias]      
Loading weights:  63%|ΓûêΓûêΓûêΓûêΓûêΓûêΓûÄ   | 248/391 [00:00<00:00, 8386.65it/s, Materializing param=encoder.layer.15.attention.output.dense.bias]
Loading weights:  64%|ΓûêΓûêΓûêΓûêΓûêΓûêΓûÄ   | 249/391 [00:00<00:00, 8420.46it/s, Materializing param=encoder.layer.15.attention.output.dense.weight]
Loading weights:  64%|ΓûêΓûêΓûêΓûêΓûêΓûêΓûÄ   | 249/391 [00:00<00:00, 8420.46it/s, Materializing param=encoder.layer.15.attention.output.dense.weight]
Loading weights:  64%|ΓûêΓûêΓûêΓûêΓûêΓûêΓûì   | 250/391 [00:00<00:00, 8454.28it/s, Materializing param=encoder.layer.15.attention.self.key.bias]      
Loading weights:  64%|ΓûêΓûêΓûêΓûêΓûêΓûêΓûì   | 250/391 [00:00<00:00, 8454.28it/s, Materializing param=encoder.layer.15.attention.self.key.bias]
Loading weights:  64%|ΓûêΓûêΓûêΓûêΓûêΓûêΓûì   | 251/391 [00:00<00:00, 8488.10it/s, Materializing param=encoder.layer.15.attention.self.key.weight]
Loading weights:  64%|ΓûêΓûêΓûêΓûêΓûêΓûêΓûì   | 251/391 [00:00<00:00, 8488.10it/s, Materializing param=encoder.layer.15.attention.self.key.weight]
Loading weights:  64%|ΓûêΓûêΓûêΓûêΓûêΓûêΓûì   | 252/391 [00:00<00:00, 8521.92it/s, Materializing param=encoder.layer.15.attention.self.query.bias]
Loading weights:  64%|ΓûêΓûêΓûêΓûêΓûêΓûêΓûì   | 252/391 [00:00<00:00, 8521.92it/s, Materializing param=encoder.layer.15.attention.self.query.bias]
Loading weights:  65%|ΓûêΓûêΓûêΓûêΓûêΓûêΓûì   | 253/391 [00:00<00:00, 8555.73it/s, Materializing param=encoder.layer.15.attention.self.query.weight]
Loading weights:  65%|ΓûêΓûêΓûêΓûêΓûêΓûêΓûì   | 253/391 [00:00<00:00, 8408.68it/s, Materializing param=encoder.layer.15.attention.self.query.weight]
Loading weights:  65%|ΓûêΓûêΓûêΓûêΓûêΓûêΓûì   | 254/391 [00:00<00:00, 8441.92it/s, Materializing param=encoder.layer.15.attention.self.value.bias]  
Loading weights:  65%|ΓûêΓûêΓûêΓûêΓûêΓûêΓûì   | 254/391 [00:00<00:00, 8441.92it/s, Materializing param=encoder.layer.15.attention.self.value.bias]
Loading weights:  65%|ΓûêΓûêΓûêΓûêΓûêΓûêΓûî   | 255/391 [00:00<00:00, 8475.15it/s, Materializing param=encoder.layer.15.attention.self.value.weight]
Loading weights:  65%|ΓûêΓûêΓûêΓûêΓûêΓûêΓûî   | 255/391 [00:00<00:00, 8475.15it/s, Materializing param=encoder.layer.15.attention.self.value.weight]
Loading weights:  65%|ΓûêΓûêΓûêΓûêΓûêΓûêΓûî   | 256/391 [00:00<00:00, 8508.39it/s, Materializing param=encoder.layer.15.intermediate.dense.bias]    
Loading weights:  65%|ΓûêΓûêΓûêΓûêΓûêΓûêΓûî   | 256/391 [00:00<00:00, 8508.39it/s, Materializing param=encoder.layer.15.intermediate.dense.bias]
Loading weights:  66%|ΓûêΓûêΓûêΓûêΓûêΓûêΓûî   | 257/391 [00:00<00:00, 8455.99it/s, Materializing param=encoder.layer.15.intermediate.dense.weight]
Loading weights:  66%|ΓûêΓûêΓûêΓûêΓûêΓûêΓûî   | 257/391 [00:00<00:00, 8455.99it/s, Materializing param=encoder.layer.15.intermediate.dense.weight]
Loading weights:  66%|ΓûêΓûêΓûêΓûêΓûêΓûêΓûî   | 258/391 [00:00<00:00, 8488.90it/s, Materializing param=encoder.layer.15.output.LayerNorm.bias]    
Loading weights:  66%|ΓûêΓûêΓûêΓûêΓûêΓûêΓûî   | 258/391 [00:00<00:00, 8488.90it/s, Materializing param=encoder.layer.15.output.LayerNorm.bias]
Loading weights:  66%|ΓûêΓûêΓûêΓûêΓûêΓûêΓûî   | 259/391 [00:00<00:00, 8521.80it/s, Materializing param=encoder.layer.15.output.LayerNorm.weight]
Loading weights:  66%|ΓûêΓûêΓûêΓûêΓûêΓûêΓûî   | 259/391 [00:00<00:00, 8521.80it/s, Materializing param=encoder.layer.15.output.LayerNorm.weight]
Loading weights:  66%|ΓûêΓûêΓûêΓûêΓûêΓûêΓûï   | 260/391 [00:00<00:00, 8554.70it/s, Materializing param=encoder.layer.15.output.dense.bias]      
Loading weights:  66%|ΓûêΓûêΓûêΓûêΓûêΓûêΓûï   | 260/391 [00:00<00:00, 8554.70it/s, Materializing param=encoder.layer.15.output.dense.bias]
Loading weights:  67%|ΓûêΓûêΓûêΓûêΓûêΓûêΓûï   | 261/391 [00:00<00:00, 8587.60it/s, Materializing param=encoder.layer.15.output.dense.weight]
Loading weights:  67%|ΓûêΓûêΓûêΓûêΓûêΓûêΓûï   | 261/391 [00:00<00:00, 8587.60it/s, Materializing param=encoder.layer.15.output.dense.weight]
Loading weights:  67%|ΓûêΓûêΓûêΓûêΓûêΓûêΓûï   | 262/391 [00:00<00:00, 8476.15it/s, Materializing param=encoder.layer.16.attention.output.LayerNorm.bias]
Loading weights:  67%|ΓûêΓûêΓûêΓûêΓûêΓûêΓûï   | 262/391 [00:00<00:00, 8476.15it/s, Materializing param=encoder.layer.16.attention.output.LayerNorm.bias]
Loading weights:  67%|ΓûêΓûêΓûêΓûêΓûêΓûêΓûï   | 263/391 [00:00<00:00, 8508.50it/s, Materializing param=encoder.layer.16.attention.output.LayerNorm.weight]
Loading weights:  67%|ΓûêΓûêΓûêΓûêΓûêΓûêΓûï   | 263/391 [00:00<00:00, 8508.50it/s, Materializing param=encoder.layer.16.attention.output.LayerNorm.weight]
Loading weights:  68%|ΓûêΓûêΓûêΓûêΓûêΓûêΓûè   | 264/391 [00:00<00:00, 8540.86it/s, Materializing param=encoder.layer.16.attention.output.dense.bias]      
Loading weights:  68%|ΓûêΓûêΓûêΓûêΓûêΓûêΓûè   | 264/391 [00:00<00:00, 8540.86it/s, Materializing param=encoder.layer.16.attention.output.dense.bias]
Loading weights:  68%|ΓûêΓûêΓûêΓûêΓûêΓûêΓûè   | 265/391 [00:00<00:00, 8573.21it/s, Materializing param=encoder.layer.16.attention.output.dense.weight]
Loading weights:  68%|ΓûêΓûêΓûêΓûêΓûêΓûêΓûè   | 265/391 [00:00<00:00, 8573.21it/s, Materializing param=encoder.layer.16.attention.output.dense.weight]
Loading weights:  68%|ΓûêΓûêΓûêΓûêΓûêΓûêΓûè   | 266/391 [00:00<00:00, 8605.56it/s, Materializing param=encoder.layer.16.attention.self.key.bias]      
Loading weights:  68%|ΓûêΓûêΓûêΓûêΓûêΓûêΓûè   | 266/391 [00:00<00:00, 8605.56it/s, Materializing param=encoder.layer.16.attention.self.key.bias]
Loading weights:  68%|ΓûêΓûêΓûêΓûêΓûêΓûêΓûè   | 267/391 [00:00<00:00, 8637.91it/s, Materializing param=encoder.layer.16.attention.self.key.weight]
Loading weights:  68%|ΓûêΓûêΓûêΓûêΓûêΓûêΓûè   | 267/391 [00:00<00:00, 8637.91it/s, Materializing param=encoder.layer.16.attention.self.key.weight]
Loading weights:  69%|ΓûêΓûêΓûêΓûêΓûêΓûêΓûè   | 268/391 [00:00<00:00, 8670.26it/s, Materializing param=encoder.layer.16.attention.self.query.bias]
Loading weights:  69%|ΓûêΓûêΓûêΓûêΓûêΓûêΓûè   | 268/391 [00:00<00:00, 8524.75it/s, Materializing param=encoder.layer.16.attention.self.query.bias]
Loading weights:  69%|ΓûêΓûêΓûêΓûêΓûêΓûêΓûë   | 269/391 [00:00<00:00, 8556.56it/s, Materializing param=encoder.layer.16.attention.self.query.weight]
Loading weights:  69%|ΓûêΓûêΓûêΓûêΓûêΓûêΓûë   | 269/391 [00:00<00:00, 8556.56it/s, Materializing param=encoder.layer.16.attention.self.query.weight]
Loading weights:  69%|ΓûêΓûêΓûêΓûêΓûêΓûêΓûë   | 270/391 [00:00<00:00, 8588.37it/s, Materializing param=encoder.layer.16.attention.self.value.bias]  
Loading weights:  69%|ΓûêΓûêΓûêΓûêΓûêΓûêΓûë   | 270/391 [00:00<00:00, 8588.37it/s, Materializing param=encoder.layer.16.attention.self.value.bias]
Loading weights:  69%|ΓûêΓûêΓûêΓûêΓûêΓûêΓûë   | 271/391 [00:00<00:00, 8620.18it/s, Materializing param=encoder.layer.16.attention.self.value.weight]
Loading weights:  69%|ΓûêΓûêΓûêΓûêΓûêΓûêΓûë   | 271/391 [00:00<00:00, 8620.18it/s, Materializing param=encoder.layer.16.attention.self.value.weight]
Loading weights:  70%|ΓûêΓûêΓûêΓûêΓûêΓûêΓûë   | 272/391 [00:00<00:00, 8651.98it/s, Materializing param=encoder.layer.16.intermediate.dense.bias]    
Loading weights:  70%|ΓûêΓûêΓûêΓûêΓûêΓûêΓûë   | 272/391 [00:00<00:00, 8651.98it/s, Materializing param=encoder.layer.16.intermediate.dense.bias]
Loading weights:  70%|ΓûêΓûêΓûêΓûêΓûêΓûêΓûë   | 273/391 [00:00<00:00, 8683.79it/s, Materializing param=encoder.layer.16.intermediate.dense.weight]
Loading weights:  70%|ΓûêΓûêΓûêΓûêΓûêΓûêΓûë   | 273/391 [00:00<00:00, 8683.79it/s, Materializing param=encoder.layer.16.intermediate.dense.weight]
Loading weights:  70%|ΓûêΓûêΓûêΓûêΓûêΓûêΓûê   | 274/391 [00:00<00:00, 8715.60it/s, Materializing param=encoder.layer.16.output.LayerNorm.bias]    
Loading weights:  70%|ΓûêΓûêΓûêΓûêΓûêΓûêΓûê   | 274/391 [00:00<00:00, 8715.60it/s, Materializing param=encoder.layer.16.output.LayerNorm.bias]
Loading weights:  70%|ΓûêΓûêΓûêΓûêΓûêΓûêΓûê   | 275/391 [00:00<00:00, 8747.41it/s, Materializing param=encoder.layer.16.output.LayerNorm.weight]
Loading weights:  70%|ΓûêΓûêΓûêΓûêΓûêΓûêΓûê   | 275/391 [00:00<00:00, 8747.41it/s, Materializing param=encoder.layer.16.output.LayerNorm.weight]
Loading weights:  71%|ΓûêΓûêΓûêΓûêΓûêΓûêΓûê   | 276/391 [00:00<00:00, 8779.22it/s, Materializing param=encoder.layer.16.output.dense.bias]      
Loading weights:  71%|ΓûêΓûêΓûêΓûêΓûêΓûêΓûê   | 276/391 [00:00<00:00, 8779.22it/s, Materializing param=encoder.layer.16.output.dense.bias]
Loading weights:  71%|ΓûêΓûêΓûêΓûêΓûêΓûêΓûê   | 277/391 [00:00<00:00, 8665.66it/s, Materializing param=encoder.layer.16.output.dense.weight]
Loading weights:  71%|ΓûêΓûêΓûêΓûêΓûêΓûêΓûê   | 277/391 [00:00<00:00, 8665.66it/s, Materializing param=encoder.layer.16.output.dense.weight]
Loading weights:  71%|ΓûêΓûêΓûêΓûêΓûêΓûêΓûê   | 278/391 [00:00<00:00, 8696.94it/s, Materializing param=encoder.layer.17.attention.output.LayerNorm.bias]
Loading weights:  71%|ΓûêΓûêΓûêΓûêΓûêΓûêΓûê   | 278/391 [00:00<00:00, 8696.94it/s, Materializing param=encoder.layer.17.attention.output.LayerNorm.bias]
Loading weights:  71%|ΓûêΓûêΓûêΓûêΓûêΓûêΓûêΓûÅ  | 279/391 [00:00<00:00, 8728.23it/s, Materializing param=encoder.layer.17.attention.output.LayerNorm.weight]
Loading weights:  71%|ΓûêΓûêΓûêΓûêΓûêΓûêΓûêΓûÅ  | 279/391 [00:00<00:00, 8728.23it/s, Materializing param=encoder.layer.17.attention.output.LayerNorm.weight]
Loading weights:  72%|ΓûêΓûêΓûêΓûêΓûêΓûêΓûêΓûÅ  | 280/391 [00:00<00:00, 8759.51it/s, Materializing param=encoder.layer.17.attention.output.dense.bias]      
Loading weights:  72%|ΓûêΓûêΓûêΓûêΓûêΓûêΓûêΓûÅ  | 280/391 [00:00<00:00, 8759.51it/s, Materializing param=encoder.layer.17.attention.output.dense.bias]
Loading weights:  72%|ΓûêΓûêΓûêΓûêΓûêΓûêΓûêΓûÅ  | 281/391 [00:00<00:00, 8790.79it/s, Materializing param=encoder.layer.17.attention.output.dense.weight]
Loading weights:  72%|ΓûêΓûêΓûêΓûêΓûêΓûêΓûêΓûÅ  | 281/391 [00:00<00:00, 8790.79it/s, Materializing param=encoder.layer.17.attention.output.dense.weight]
Loading weights:  72%|ΓûêΓûêΓûêΓûêΓûêΓûêΓûêΓûÅ  | 282/391 [00:00<00:00, 8822.08it/s, Materializing param=encoder.layer.17.attention.self.key.bias]      
Loading weights:  72%|ΓûêΓûêΓûêΓûêΓûêΓûêΓûêΓûÅ  | 282/391 [00:00<00:00, 8822.08it/s, Materializing param=encoder.layer.17.attention.self.key.bias]
Loading weights:  72%|ΓûêΓûêΓûêΓûêΓûêΓûêΓûêΓûÅ  | 283/391 [00:00<00:00, 8853.36it/s, Materializing param=encoder.layer.17.attention.self.key.weight]
Loading weights:  72%|ΓûêΓûêΓûêΓûêΓûêΓûêΓûêΓûÅ  | 283/391 [00:00<00:00, 8853.36it/s, Materializing param=encoder.layer.17.attention.self.key.weight]
Loading weights:  73%|ΓûêΓûêΓûêΓûêΓûêΓûêΓûêΓûÄ  | 284/391 [00:00<00:00, 8884.65it/s, Materializing param=encoder.layer.17.attention.self.query.bias]
Loading weights:  73%|ΓûêΓûêΓûêΓûêΓûêΓûêΓûêΓûÄ  | 284/391 [00:00<00:00, 8884.65it/s, Materializing param=encoder.layer.17.attention.self.query.bias]
Loading weights:  73%|ΓûêΓûêΓûêΓûêΓûêΓûêΓûêΓûÄ  | 285/391 [00:00<00:00, 8915.93it/s, Materializing param=encoder.layer.17.attention.self.query.weight]
Loading weights:  73%|ΓûêΓûêΓûêΓûêΓûêΓûêΓûêΓûÄ  | 285/391 [00:00<00:00, 8771.22it/s, Materializing param=encoder.layer.17.attention.self.query.weight]
Loading weights:  73%|ΓûêΓûêΓûêΓûêΓûêΓûêΓûêΓûÄ  | 286/391 [00:00<00:00, 8801.99it/s, Materializing param=encoder.layer.17.attention.self.value.bias]  
Loading weights:  73%|ΓûêΓûêΓûêΓûêΓûêΓûêΓûêΓûÄ  | 286/391 [00:00<00:00, 8801.99it/s, Materializing param=encoder.layer.17.attention.self.value.bias]
Loading weights:  73%|ΓûêΓûêΓûêΓûêΓûêΓûêΓûêΓûÄ  | 287/391 [00:00<00:00, 8832.77it/s, Materializing param=encoder.layer.17.attention.self.value.weight]
Loading weights:  73%|ΓûêΓûêΓûêΓûêΓûêΓûêΓûêΓûÄ  | 287/391 [00:00<00:00, 8832.77it/s, Materializing param=encoder.layer.17.attention.self.value.weight]
Loading weights:  74%|ΓûêΓûêΓûêΓûêΓûêΓûêΓûêΓûÄ  | 288/391 [00:00<00:00, 8863.55it/s, Materializing param=encoder.layer.17.intermediate.dense.bias]    
Loading weights:  74%|ΓûêΓûêΓûêΓûêΓûêΓûêΓûêΓûÄ  | 288/391 [00:00<00:00, 8863.55it/s, Materializing param=encoder.layer.17.intermediate.dense.bias]
Loading weights:  74%|ΓûêΓûêΓûêΓûêΓûêΓûêΓûêΓûì  | 289/391 [00:00<00:00, 8894.32it/s, Materializing param=encoder.layer.17.intermediate.dense.weight]
Loading weights:  74%|ΓûêΓûêΓûêΓûêΓûêΓûêΓûêΓûì  | 289/391 [00:00<00:00, 8894.32it/s, Materializing param=encoder.layer.17.intermediate.dense.weight]
Loading weights:  74%|ΓûêΓûêΓûêΓûêΓûêΓûêΓûêΓûì  | 290/391 [00:00<00:00, 8783.19it/s, Materializing param=encoder.layer.17.output.LayerNorm.bias]    
Loading weights:  74%|ΓûêΓûêΓûêΓûêΓûêΓûêΓûêΓûì  | 290/391 [00:00<00:00, 8783.19it/s, Materializing param=encoder.layer.17.output.LayerNorm.bias]
Loading weights:  74%|ΓûêΓûêΓûêΓûêΓûêΓûêΓûêΓûì  | 291/391 [00:00<00:00, 8813.47it/s, Materializing param=encoder.layer.17.output.LayerNorm.weight]
Loading weights:  74%|ΓûêΓûêΓûêΓûêΓûêΓûêΓûêΓûì  | 291/391 [00:00<00:00, 8813.47it/s, Materializing param=encoder.layer.17.output.LayerNorm.weight]
Loading weights:  75%|ΓûêΓûêΓûêΓûêΓûêΓûêΓûêΓûì  | 292/391 [00:00<00:00, 8843.76it/s, Materializing param=encoder.layer.17.output.dense.bias]      
Loading weights:  75%|ΓûêΓûêΓûêΓûêΓûêΓûêΓûêΓûì  | 292/391 [00:00<00:00, 8843.76it/s, Materializing param=encoder.layer.17.output.dense.bias]
Loading weights:  75%|ΓûêΓûêΓûêΓûêΓûêΓûêΓûêΓûì  | 293/391 [00:00<00:00, 8874.05it/s, Materializing param=encoder.layer.17.output.dense.weight]
Loading weights:  75%|ΓûêΓûêΓûêΓûêΓûêΓûêΓûêΓûì  | 293/391 [00:00<00:00, 8874.05it/s, Materializing param=encoder.layer.17.output.dense.weight]
Loading weights:  75%|ΓûêΓûêΓûêΓûêΓûêΓûêΓûêΓûî  | 294/391 [00:00<00:00, 8904.33it/s, Materializing param=encoder.layer.18.attention.output.LayerNorm.bias]
Loading weights:  75%|ΓûêΓûêΓûêΓûêΓûêΓûêΓûêΓûî  | 294/391 [00:00<00:00, 8904.33it/s, Materializing param=encoder.layer.18.attention.output.LayerNorm.bias]
Loading weights:  75%|ΓûêΓûêΓûêΓûêΓûêΓûêΓûêΓûî  | 295/391 [00:00<00:00, 8934.62it/s, Materializing param=encoder.layer.18.attention.output.LayerNorm.weight]
Loading weights:  75%|ΓûêΓûêΓûêΓûêΓûêΓûêΓûêΓûî  | 295/391 [00:00<00:00, 8934.62it/s, Materializing param=encoder.layer.18.attention.output.LayerNorm.weight]
Loading weights:  76%|ΓûêΓûêΓûêΓûêΓûêΓûêΓûêΓûî  | 296/391 [00:00<00:00, 8964.91it/s, Materializing param=encoder.layer.18.attention.output.dense.bias]      
Loading weights:  76%|ΓûêΓûêΓûêΓûêΓûêΓûêΓûêΓûî  | 296/391 [00:00<00:00, 8964.91it/s, Materializing param=encoder.layer.18.attention.output.dense.bias]
Loading weights:  76%|ΓûêΓûêΓûêΓûêΓûêΓûêΓûêΓûî  | 297/391 [00:00<00:00, 8995.19it/s, Materializing param=encoder.layer.18.attention.output.dense.weight]
Loading weights:  76%|ΓûêΓûêΓûêΓûêΓûêΓûêΓûêΓûî  | 297/391 [00:00<00:00, 8995.19it/s, Materializing param=encoder.layer.18.attention.output.dense.weight]
Loading weights:  76%|ΓûêΓûêΓûêΓûêΓûêΓûêΓûêΓûî  | 298/391 [00:00<00:00, 9025.48it/s, Materializing param=encoder.layer.18.attention.self.key.bias]      
Loading weights:  76%|ΓûêΓûêΓûêΓûêΓûêΓûêΓûêΓûî  | 298/391 [00:00<00:00, 9025.48it/s, Materializing param=encoder.layer.18.attention.self.key.bias]
Loading weights:  76%|ΓûêΓûêΓûêΓûêΓûêΓûêΓûêΓûï  | 299/391 [00:00<00:00, 9055.77it/s, Materializing param=encoder.layer.18.attention.self.key.weight]
Loading weights:  76%|ΓûêΓûêΓûêΓûêΓûêΓûêΓûêΓûï  | 299/391 [00:00<00:00, 9055.77it/s, Materializing param=encoder.layer.18.attention.self.key.weight]
Loading weights:  77%|ΓûêΓûêΓûêΓûêΓûêΓûêΓûêΓûï  | 300/391 [00:00<00:00, 9086.05it/s, Materializing param=encoder.layer.18.attention.self.query.bias]
Loading weights:  77%|ΓûêΓûêΓûêΓûêΓûêΓûêΓûêΓûï  | 300/391 [00:00<00:00, 9086.05it/s, Materializing param=encoder.layer.18.attention.self.query.bias]
Loading weights:  77%|ΓûêΓûêΓûêΓûêΓûêΓûêΓûêΓûï  | 301/391 [00:00<00:00, 9116.34it/s, Materializing param=encoder.layer.18.attention.self.query.weight]
Loading weights:  77%|ΓûêΓûêΓûêΓûêΓûêΓûêΓûêΓûï  | 301/391 [00:00<00:00, 9116.34it/s, Materializing param=encoder.layer.18.attention.self.query.weight]
Loading weights:  77%|ΓûêΓûêΓûêΓûêΓûêΓûêΓûêΓûï  | 302/391 [00:00<00:00, 9146.63it/s, Materializing param=encoder.layer.18.attention.self.value.bias]  
Loading weights:  77%|ΓûêΓûêΓûêΓûêΓûêΓûêΓûêΓûï  | 302/391 [00:00<00:00, 9146.63it/s, Materializing param=encoder.layer.18.attention.self.value.bias]
Loading weights:  77%|ΓûêΓûêΓûêΓûêΓûêΓûêΓûêΓûï  | 303/391 [00:00<00:00, 9176.91it/s, Materializing param=encoder.layer.18.attention.self.value.weight]
Loading weights:  77%|ΓûêΓûêΓûêΓûêΓûêΓûêΓûêΓûï  | 303/391 [00:00<00:00, 9176.91it/s, Materializing param=encoder.layer.18.attention.self.value.weight]
Loading weights:  78%|ΓûêΓûêΓûêΓûêΓûêΓûêΓûêΓûè  | 304/391 [00:00<00:00, 9207.20it/s, Materializing param=encoder.layer.18.intermediate.dense.bias]    
Loading weights:  78%|ΓûêΓûêΓûêΓûêΓûêΓûêΓûêΓûè  | 304/391 [00:00<00:00, 9207.20it/s, Materializing param=encoder.layer.18.intermediate.dense.bias]
Loading weights:  78%|ΓûêΓûêΓûêΓûêΓûêΓûêΓûêΓûè  | 305/391 [00:00<00:00, 9237.49it/s, Materializing param=encoder.layer.18.intermediate.dense.weight]
Loading weights:  78%|ΓûêΓûêΓûêΓûêΓûêΓûêΓûêΓûè  | 305/391 [00:00<00:00, 9237.49it/s, Materializing param=encoder.layer.18.intermediate.dense.weight]
Loading weights:  78%|ΓûêΓûêΓûêΓûêΓûêΓûêΓûêΓûè  | 306/391 [00:00<00:00, 9267.77it/s, Materializing param=encoder.layer.18.output.LayerNorm.bias]    
Loading weights:  78%|ΓûêΓûêΓûêΓûêΓûêΓûêΓûêΓûè  | 306/391 [00:00<00:00, 9267.77it/s, Materializing param=encoder.layer.18.output.LayerNorm.bias]
Loading weights:  79%|ΓûêΓûêΓûêΓûêΓûêΓûêΓûêΓûè  | 307/391 [00:00<00:00, 9298.06it/s, Materializing param=encoder.layer.18.output.LayerNorm.weight]
Loading weights:  79%|ΓûêΓûêΓûêΓûêΓûêΓûêΓûêΓûè  | 307/391 [00:00<00:00, 9298.06it/s, Materializing param=encoder.layer.18.output.LayerNorm.weight]
Loading weights:  79%|ΓûêΓûêΓûêΓûêΓûêΓûêΓûêΓûë  | 308/391 [00:00<00:00, 9328.35it/s, Materializing param=encoder.layer.18.output.dense.bias]      
Loading weights:  79%|ΓûêΓûêΓûêΓûêΓûêΓûêΓûêΓûë  | 308/391 [00:00<00:00, 9328.35it/s, Materializing param=encoder.layer.18.output.dense.bias]
Loading weights:  79%|ΓûêΓûêΓûêΓûêΓûêΓûêΓûêΓûë  | 309/391 [00:00<00:00, 9358.64it/s, Materializing param=encoder.layer.18.output.dense.weight]
Loading weights:  79%|ΓûêΓûêΓûêΓûêΓûêΓûêΓûêΓûë  | 309/391 [00:00<00:00, 9358.64it/s, Materializing param=encoder.layer.18.output.dense.weight]
Loading weights:  79%|ΓûêΓûêΓûêΓûêΓûêΓûêΓûêΓûë  | 310/391 [00:00<00:00, 9388.92it/s, Materializing param=encoder.layer.19.attention.output.LayerNorm.bias]
Loading weights:  79%|ΓûêΓûêΓûêΓûêΓûêΓûêΓûêΓûë  | 310/391 [00:00<00:00, 9388.92it/s, Materializing param=encoder.layer.19.attention.output.LayerNorm.bias]
Loading weights:  80%|ΓûêΓûêΓûêΓûêΓûêΓûêΓûêΓûë  | 311/391 [00:00<00:00, 9419.21it/s, Materializing param=encoder.layer.19.attention.output.LayerNorm.weight]
Loading weights:  80%|ΓûêΓûêΓûêΓûêΓûêΓûêΓûêΓûë  | 311/391 [00:00<00:00, 9419.21it/s, Materializing param=encoder.layer.19.attention.output.LayerNorm.weight]
Loading weights:  80%|ΓûêΓûêΓûêΓûêΓûêΓûêΓûêΓûë  | 312/391 [00:00<00:00, 9449.50it/s, Materializing param=encoder.layer.19.attention.output.dense.bias]      
Loading weights:  80%|ΓûêΓûêΓûêΓûêΓûêΓûêΓûêΓûë  | 312/391 [00:00<00:00, 9449.50it/s, Materializing param=encoder.layer.19.attention.output.dense.bias]
Loading weights:  80%|ΓûêΓûêΓûêΓûêΓûêΓûêΓûêΓûê  | 313/391 [00:00<00:00, 9479.78it/s, Materializing param=encoder.layer.19.attention.output.dense.weight]
Loading weights:  80%|ΓûêΓûêΓûêΓûêΓûêΓûêΓûêΓûê  | 313/391 [00:00<00:00, 9479.78it/s, Materializing param=encoder.layer.19.attention.output.dense.weight]
Loading weights:  80%|ΓûêΓûêΓûêΓûêΓûêΓûêΓûêΓûê  | 314/391 [00:00<00:00, 9510.07it/s, Materializing param=encoder.layer.19.attention.self.key.bias]      
Loading weights:  80%|ΓûêΓûêΓûêΓûêΓûêΓûêΓûêΓûê  | 314/391 [00:00<00:00, 9510.07it/s, Materializing param=encoder.layer.19.attention.self.key.bias]
Loading weights:  81%|ΓûêΓûêΓûêΓûêΓûêΓûêΓûêΓûê  | 315/391 [00:00<00:00, 9540.36it/s, Materializing param=encoder.layer.19.attention.self.key.weight]
Loading weights:  81%|ΓûêΓûêΓûêΓûêΓûêΓûêΓûêΓûê  | 315/391 [00:00<00:00, 9540.36it/s, Materializing param=encoder.layer.19.attention.self.key.weight]
Loading weights:  81%|ΓûêΓûêΓûêΓûêΓûêΓûêΓûêΓûê  | 316/391 [00:00<00:00, 9570.64it/s, Materializing param=encoder.layer.19.attention.self.query.bias]
Loading weights:  81%|ΓûêΓûêΓûêΓûêΓûêΓûêΓûêΓûê  | 316/391 [00:00<00:00, 9570.64it/s, Materializing param=encoder.layer.19.attention.self.query.bias]
Loading weights:  81%|ΓûêΓûêΓûêΓûêΓûêΓûêΓûêΓûê  | 317/391 [00:00<00:00, 9600.93it/s, Materializing param=encoder.layer.19.attention.self.query.weight]
Loading weights:  81%|ΓûêΓûêΓûêΓûêΓûêΓûêΓûêΓûê  | 317/391 [00:00<00:00, 9600.93it/s, Materializing param=encoder.layer.19.attention.self.query.weight]
Loading weights:  81%|ΓûêΓûêΓûêΓûêΓûêΓûêΓûêΓûêΓûÅ | 318/391 [00:00<00:00, 9631.22it/s, Materializing param=encoder.layer.19.attention.self.value.bias]  
Loading weights:  81%|ΓûêΓûêΓûêΓûêΓûêΓûêΓûêΓûêΓûÅ | 318/391 [00:00<00:00, 9631.22it/s, Materializing param=encoder.layer.19.attention.self.value.bias]
Loading weights:  82%|ΓûêΓûêΓûêΓûêΓûêΓûêΓûêΓûêΓûÅ | 319/391 [00:00<00:00, 9661.50it/s, Materializing param=encoder.layer.19.attention.self.value.weight]
Loading weights:  82%|ΓûêΓûêΓûêΓûêΓûêΓûêΓûêΓûêΓûÅ | 319/391 [00:00<00:00, 9661.50it/s, Materializing param=encoder.layer.19.attention.self.value.weight]
Loading weights:  82%|ΓûêΓûêΓûêΓûêΓûêΓûêΓûêΓûêΓûÅ | 320/391 [00:00<00:00, 9691.79it/s, Materializing param=encoder.layer.19.intermediate.dense.bias]    
Loading weights:  82%|ΓûêΓûêΓûêΓûêΓûêΓûêΓûêΓûêΓûÅ | 320/391 [00:00<00:00, 9691.79it/s, Materializing param=encoder.layer.19.intermediate.dense.bias]
Loading weights:  82%|ΓûêΓûêΓûêΓûêΓûêΓûêΓûêΓûêΓûÅ | 321/391 [00:00<00:00, 9722.08it/s, Materializing param=encoder.layer.19.intermediate.dense.weight]
Loading weights:  82%|ΓûêΓûêΓûêΓûêΓûêΓûêΓûêΓûêΓûÅ | 321/391 [00:00<00:00, 9722.08it/s, Materializing param=encoder.layer.19.intermediate.dense.weight]
Loading weights:  82%|ΓûêΓûêΓûêΓûêΓûêΓûêΓûêΓûêΓûÅ | 322/391 [00:00<00:00, 9752.36it/s, Materializing param=encoder.layer.19.output.LayerNorm.bias]    
Loading weights:  82%|ΓûêΓûêΓûêΓûêΓûêΓûêΓûêΓûêΓûÅ | 322/391 [00:00<00:00, 9752.36it/s, Materializing param=encoder.layer.19.output.LayerNorm.bias]
Loading weights:  83%|ΓûêΓûêΓûêΓûêΓûêΓûêΓûêΓûêΓûÄ | 323/391 [00:00<00:00, 9782.65it/s, Materializing param=encoder.layer.19.output.LayerNorm.weight]
Loading weights:  83%|ΓûêΓûêΓûêΓûêΓûêΓûêΓûêΓûêΓûÄ | 323/391 [00:00<00:00, 9782.65it/s, Materializing param=encoder.layer.19.output.LayerNorm.weight]
Loading weights:  83%|ΓûêΓûêΓûêΓûêΓûêΓûêΓûêΓûêΓûÄ | 324/391 [00:00<00:00, 9812.94it/s, Materializing param=encoder.layer.19.output.dense.bias]      
Loading weights:  83%|ΓûêΓûêΓûêΓûêΓûêΓûêΓûêΓûêΓûÄ | 324/391 [00:00<00:00, 9812.94it/s, Materializing param=encoder.layer.19.output.dense.bias]
Loading weights:  83%|ΓûêΓûêΓûêΓûêΓûêΓûêΓûêΓûêΓûÄ | 325/391 [00:00<00:00, 9843.22it/s, Materializing param=encoder.layer.19.output.dense.weight]
Loading weights:  83%|ΓûêΓûêΓûêΓûêΓûêΓûêΓûêΓûêΓûÄ | 325/391 [00:00<00:00, 9843.22it/s, Materializing param=encoder.layer.19.output.dense.weight]
Loading weights:  83%|ΓûêΓûêΓûêΓûêΓûêΓûêΓûêΓûêΓûÄ | 326/391 [00:00<00:00, 9873.51it/s, Materializing param=encoder.layer.20.attention.output.LayerNorm.bias]
Loading weights:  83%|ΓûêΓûêΓûêΓûêΓûêΓûêΓûêΓûêΓûÄ | 326/391 [00:00<00:00, 9873.51it/s, Materializing param=encoder.layer.20.attention.output.LayerNorm.bias]
Loading weights:  84%|ΓûêΓûêΓûêΓûêΓûêΓûêΓûêΓûêΓûÄ | 327/391 [00:00<00:00, 9903.80it/s, Materializing param=encoder.layer.20.attention.output.LayerNorm.weight]
Loading weights:  84%|ΓûêΓûêΓûêΓûêΓûêΓûêΓûêΓûêΓûÄ | 327/391 [00:00<00:00, 9903.80it/s, Materializing param=encoder.layer.20.attention.output.LayerNorm.weight]
Loading weights:  84%|ΓûêΓûêΓûêΓûêΓûêΓûêΓûêΓûêΓûì | 328/391 [00:00<00:00, 9934.09it/s, Materializing param=encoder.layer.20.attention.output.dense.bias]      
Loading weights:  84%|ΓûêΓûêΓûêΓûêΓûêΓûêΓûêΓûêΓûì | 328/391 [00:00<00:00, 9934.09it/s, Materializing param=encoder.layer.20.attention.output.dense.bias]
Loading weights:  84%|ΓûêΓûêΓûêΓûêΓûêΓûêΓûêΓûêΓûì | 329/391 [00:00<00:00, 9964.37it/s, Materializing param=encoder.layer.20.attention.output.dense.weight]
Loading weights:  84%|ΓûêΓûêΓûêΓûêΓûêΓûêΓûêΓûêΓûì | 329/391 [00:00<00:00, 9964.37it/s, Materializing param=encoder.layer.20.attention.output.dense.weight]
Loading weights:  84%|ΓûêΓûêΓûêΓûêΓûêΓûêΓûêΓûêΓûì | 330/391 [00:00<00:00, 9994.66it/s, Materializing param=encoder.layer.20.attention.self.key.bias]      
Loading weights:  84%|ΓûêΓûêΓûêΓûêΓûêΓûêΓûêΓûêΓûì | 330/391 [00:00<00:00, 9994.66it/s, Materializing param=encoder.layer.20.attention.self.key.bias]
Loading weights:  85%|ΓûêΓûêΓûêΓûêΓûêΓûêΓûêΓûêΓûì | 331/391 [00:00<00:00, 10024.95it/s, Materializing param=encoder.layer.20.attention.self.key.weight]
Loading weights:  85%|ΓûêΓûêΓûêΓûêΓûêΓûêΓûêΓûêΓûì | 331/391 [00:00<00:00, 10024.95it/s, Materializing param=encoder.layer.20.attention.self.key.weight]
Loading weights:  85%|ΓûêΓûêΓûêΓûêΓûêΓûêΓûêΓûêΓûì | 332/391 [00:00<00:00, 10055.23it/s, Materializing param=encoder.layer.20.attention.self.query.bias]
Loading weights:  85%|ΓûêΓûêΓûêΓûêΓûêΓûêΓûêΓûêΓûì | 332/391 [00:00<00:00, 10055.23it/s, Materializing param=encoder.layer.20.attention.self.query.bias]
Loading weights:  85%|ΓûêΓûêΓûêΓûêΓûêΓûêΓûêΓûêΓûî | 333/391 [00:00<00:00, 10085.52it/s, Materializing param=encoder.layer.20.attention.self.query.weight]
Loading weights:  85%|ΓûêΓûêΓûêΓûêΓûêΓûêΓûêΓûêΓûî | 333/391 [00:00<00:00, 10085.52it/s, Materializing param=encoder.layer.20.attention.self.query.weight]
Loading weights:  85%|ΓûêΓûêΓûêΓûêΓûêΓûêΓûêΓûêΓûî | 334/391 [00:00<00:00, 10115.81it/s, Materializing param=encoder.layer.20.attention.self.value.bias]  
Loading weights:  85%|ΓûêΓûêΓûêΓûêΓûêΓûêΓûêΓûêΓûî | 334/391 [00:00<00:00, 10115.81it/s, Materializing param=encoder.layer.20.attention.self.value.bias]
Loading weights:  86%|ΓûêΓûêΓûêΓûêΓûêΓûêΓûêΓûêΓûî | 335/391 [00:00<00:00, 10146.09it/s, Materializing param=encoder.layer.20.attention.self.value.weight]
Loading weights:  86%|ΓûêΓûêΓûêΓûêΓûêΓûêΓûêΓûêΓûî | 335/391 [00:00<00:00, 10146.09it/s, Materializing param=encoder.layer.20.attention.self.value.weight]
Loading weights:  86%|ΓûêΓûêΓûêΓûêΓûêΓûêΓûêΓûêΓûî | 336/391 [00:00<00:00, 10176.38it/s, Materializing param=encoder.layer.20.intermediate.dense.bias]    
Loading weights:  86%|ΓûêΓûêΓûêΓûêΓûêΓûêΓûêΓûêΓûî | 336/391 [00:00<00:00, 10176.38it/s, Materializing param=encoder.layer.20.intermediate.dense.bias]
Loading weights:  86%|ΓûêΓûêΓûêΓûêΓûêΓûêΓûêΓûêΓûî | 337/391 [00:00<00:00, 10206.67it/s, Materializing param=encoder.layer.20.intermediate.dense.weight]
Loading weights:  86%|ΓûêΓûêΓûêΓûêΓûêΓûêΓûêΓûêΓûî | 337/391 [00:00<00:00, 10206.67it/s, Materializing param=encoder.layer.20.intermediate.dense.weight]
Loading weights:  86%|ΓûêΓûêΓûêΓûêΓûêΓûêΓûêΓûêΓûï | 338/391 [00:00<00:00, 10236.95it/s, Materializing param=encoder.layer.20.output.LayerNorm.bias]    
Loading weights:  86%|ΓûêΓûêΓûêΓûêΓûêΓûêΓûêΓûêΓûï | 338/391 [00:00<00:00, 10236.95it/s, Materializing param=encoder.layer.20.output.LayerNorm.bias]
Loading weights:  87%|ΓûêΓûêΓûêΓûêΓûêΓûêΓûêΓûêΓûï | 339/391 [00:00<00:00, 10267.24it/s, Materializing param=encoder.layer.20.output.LayerNorm.weight]
Loading weights:  87%|ΓûêΓûêΓûêΓûêΓûêΓûêΓûêΓûêΓûï | 339/391 [00:00<00:00, 9160.11it/s, Materializing param=encoder.layer.20.output.LayerNorm.weight] 
Loading weights:  87%|ΓûêΓûêΓûêΓûêΓûêΓûêΓûêΓûêΓûï | 340/391 [00:00<00:00, 9187.13it/s, Materializing param=encoder.layer.20.output.dense.bias]      
Loading weights:  87%|ΓûêΓûêΓûêΓûêΓûêΓûêΓûêΓûêΓûï | 340/391 [00:00<00:00, 9187.13it/s, Materializing param=encoder.layer.20.output.dense.bias]
Loading weights:  87%|ΓûêΓûêΓûêΓûêΓûêΓûêΓûêΓûêΓûï | 341/391 [00:00<00:00, 9214.15it/s, Materializing param=encoder.layer.20.output.dense.weight]
Loading weights:  87%|ΓûêΓûêΓûêΓûêΓûêΓûêΓûêΓûêΓûï | 341/391 [00:00<00:00, 9214.15it/s, Materializing param=encoder.layer.20.output.dense.weight]
Loading weights:  87%|ΓûêΓûêΓûêΓûêΓûêΓûêΓûêΓûêΓûï | 342/391 [00:00<00:00, 9241.17it/s, Materializing param=encoder.layer.21.attention.output.LayerNorm.bias]
Loading weights:  87%|ΓûêΓûêΓûêΓûêΓûêΓûêΓûêΓûêΓûï | 342/391 [00:00<00:00, 9241.17it/s, Materializing param=encoder.layer.21.attention.output.LayerNorm.bias]
Loading weights:  88%|ΓûêΓûêΓûêΓûêΓûêΓûêΓûêΓûêΓûè | 343/391 [00:00<00:00, 9268.19it/s, Materializing param=encoder.layer.21.attention.output.LayerNorm.weight]
Loading weights:  88%|ΓûêΓûêΓûêΓûêΓûêΓûêΓûêΓûêΓûè | 343/391 [00:00<00:00, 9268.19it/s, Materializing param=encoder.layer.21.attention.output.LayerNorm.weight]
Loading weights:  88%|ΓûêΓûêΓûêΓûêΓûêΓûêΓûêΓûêΓûè | 344/391 [00:00<00:00, 9295.22it/s, Materializing param=encoder.layer.21.attention.output.dense.bias]      
Loading weights:  88%|ΓûêΓûêΓûêΓûêΓûêΓûêΓûêΓûêΓûè | 344/391 [00:00<00:00, 9295.22it/s, Materializing param=encoder.layer.21.attention.output.dense.bias]
Loading weights:  88%|ΓûêΓûêΓûêΓûêΓûêΓûêΓûêΓûêΓûè | 345/391 [00:00<00:00, 9322.24it/s, Materializing param=encoder.layer.21.attention.output.dense.weight]
Loading weights:  88%|ΓûêΓûêΓûêΓûêΓûêΓûêΓûêΓûêΓûè | 345/391 [00:00<00:00, 9322.24it/s, Materializing param=encoder.layer.21.attention.output.dense.weight]
Loading weights:  88%|ΓûêΓûêΓûêΓûêΓûêΓûêΓûêΓûêΓûè | 346/391 [00:00<00:00, 9349.26it/s, Materializing param=encoder.layer.21.attention.self.key.bias]      
Loading weights:  88%|ΓûêΓûêΓûêΓûêΓûêΓûêΓûêΓûêΓûè | 346/391 [00:00<00:00, 9349.26it/s, Materializing param=encoder.layer.21.attention.self.key.bias]
Loading weights:  89%|ΓûêΓûêΓûêΓûêΓûêΓûêΓûêΓûêΓûè | 347/391 [00:00<00:00, 9376.28it/s, Materializing param=encoder.layer.21.attention.self.key.weight]
Loading weights:  89%|ΓûêΓûêΓûêΓûêΓûêΓûêΓûêΓûêΓûè | 347/391 [00:00<00:00, 9376.28it/s, Materializing param=encoder.layer.21.attention.self.key.weight]
Loading weights:  89%|ΓûêΓûêΓûêΓûêΓûêΓûêΓûêΓûêΓûë | 348/391 [00:00<00:00, 9403.30it/s, Materializing param=encoder.layer.21.attention.self.query.bias]
Loading weights:  89%|ΓûêΓûêΓûêΓûêΓûêΓûêΓûêΓûêΓûë | 348/391 [00:00<00:00, 9403.30it/s, Materializing param=encoder.layer.21.attention.self.query.bias]
Loading weights:  89%|ΓûêΓûêΓûêΓûêΓûêΓûêΓûêΓûêΓûë | 349/391 [00:00<00:00, 9430.32it/s, Materializing param=encoder.layer.21.attention.self.query.weight]
Loading weights:  89%|ΓûêΓûêΓûêΓûêΓûêΓûêΓûêΓûêΓûë | 349/391 [00:00<00:00, 9430.32it/s, Materializing param=encoder.layer.21.attention.self.query.weight]
Loading weights:  90%|ΓûêΓûêΓûêΓûêΓûêΓûêΓûêΓûêΓûë | 350/391 [00:00<00:00, 9457.34it/s, Materializing param=encoder.layer.21.attention.self.value.bias]  
Loading weights:  90%|ΓûêΓûêΓûêΓûêΓûêΓûêΓûêΓûêΓûë | 350/391 [00:00<00:00, 9457.34it/s, Materializing param=encoder.layer.21.attention.self.value.bias]
Loading weights:  90%|ΓûêΓûêΓûêΓûêΓûêΓûêΓûêΓûêΓûë | 351/391 [00:00<00:00, 9484.36it/s, Materializing param=encoder.layer.21.attention.self.value.weight]
Loading weights:  90%|ΓûêΓûêΓûêΓûêΓûêΓûêΓûêΓûêΓûë | 351/391 [00:00<00:00, 9484.36it/s, Materializing param=encoder.layer.21.attention.self.value.weight]
Loading weights:  90%|ΓûêΓûêΓûêΓûêΓûêΓûêΓûêΓûêΓûê | 352/391 [00:00<00:00, 9511.38it/s, Materializing param=encoder.layer.21.intermediate.dense.bias]    
Loading weights:  90%|ΓûêΓûêΓûêΓûêΓûêΓûêΓûêΓûêΓûê | 352/391 [00:00<00:00, 9511.38it/s, Materializing param=encoder.layer.21.intermediate.dense.bias]
Loading weights:  90%|ΓûêΓûêΓûêΓûêΓûêΓûêΓûêΓûêΓûê | 353/391 [00:00<00:00, 9538.40it/s, Materializing param=encoder.layer.21.intermediate.dense.weight]
Loading weights:  90%|ΓûêΓûêΓûêΓûêΓûêΓûêΓûêΓûêΓûê | 353/391 [00:00<00:00, 9538.40it/s, Materializing param=encoder.layer.21.intermediate.dense.weight]
Loading weights:  91%|ΓûêΓûêΓûêΓûêΓûêΓûêΓûêΓûêΓûê | 354/391 [00:00<00:00, 9565.43it/s, Materializing param=encoder.layer.21.output.LayerNorm.bias]    
Loading weights:  91%|ΓûêΓûêΓûêΓûêΓûêΓûêΓûêΓûêΓûê | 354/391 [00:00<00:00, 9565.43it/s, Materializing param=encoder.layer.21.output.LayerNorm.bias]
Loading weights:  91%|ΓûêΓûêΓûêΓûêΓûêΓûêΓûêΓûêΓûê | 355/391 [00:00<00:00, 9592.45it/s, Materializing param=encoder.layer.21.output.LayerNorm.weight]
Loading weights:  91%|ΓûêΓûêΓûêΓûêΓûêΓûêΓûêΓûêΓûê | 355/391 [00:00<00:00, 9592.45it/s, Materializing param=encoder.layer.21.output.LayerNorm.weight]
Loading weights:  91%|ΓûêΓûêΓûêΓûêΓûêΓûêΓûêΓûêΓûê | 356/391 [00:00<00:00, 9619.47it/s, Materializing param=encoder.layer.21.output.dense.bias]      
Loading weights:  91%|ΓûêΓûêΓûêΓûêΓûêΓûêΓûêΓûêΓûê | 356/391 [00:00<00:00, 9619.47it/s, Materializing param=encoder.layer.21.output.dense.bias]
Loading weights:  91%|ΓûêΓûêΓûêΓûêΓûêΓûêΓûêΓûêΓûêΓûÅ| 357/391 [00:00<00:00, 9646.49it/s, Materializing param=encoder.layer.21.output.dense.weight]
Loading weights:  91%|ΓûêΓûêΓûêΓûêΓûêΓûêΓûêΓûêΓûêΓûÅ| 357/391 [00:00<00:00, 9646.49it/s, Materializing param=encoder.layer.21.output.dense.weight]
Loading weights:  92%|ΓûêΓûêΓûêΓûêΓûêΓûêΓûêΓûêΓûêΓûÅ| 358/391 [00:00<00:00, 9673.51it/s, Materializing param=encoder.layer.22.attention.output.LayerNorm.bias]
Loading weights:  92%|ΓûêΓûêΓûêΓûêΓûêΓûêΓûêΓûêΓûêΓûÅ| 358/391 [00:00<00:00, 9673.51it/s, Materializing param=encoder.layer.22.attention.output.LayerNorm.bias]
Loading weights:  92%|ΓûêΓûêΓûêΓûêΓûêΓûêΓûêΓûêΓûêΓûÅ| 359/391 [00:00<00:00, 9700.53it/s, Materializing param=encoder.layer.22.attention.output.LayerNorm.weight]
Loading weights:  92%|ΓûêΓûêΓûêΓûêΓûêΓûêΓûêΓûêΓûêΓûÅ| 359/391 [00:00<00:00, 9700.53it/s, Materializing param=encoder.layer.22.attention.output.LayerNorm.weight]
Loading weights:  92%|ΓûêΓûêΓûêΓûêΓûêΓûêΓûêΓûêΓûêΓûÅ| 360/391 [00:00<00:00, 9727.55it/s, Materializing param=encoder.layer.22.attention.output.dense.bias]      
Loading weights:  92%|ΓûêΓûêΓûêΓûêΓûêΓûêΓûêΓûêΓûêΓûÅ| 360/391 [00:00<00:00, 9727.55it/s, Materializing param=encoder.layer.22.attention.output.dense.bias]
Loading weights:  92%|ΓûêΓûêΓûêΓûêΓûêΓûêΓûêΓûêΓûêΓûÅ| 361/391 [00:00<00:00, 9754.57it/s, Materializing param=encoder.layer.22.attention.output.dense.weight]
Loading weights:  92%|ΓûêΓûêΓûêΓûêΓûêΓûêΓûêΓûêΓûêΓûÅ| 361/391 [00:00<00:00, 9754.57it/s, Materializing param=encoder.layer.22.attention.output.dense.weight]
Loading weights:  93%|ΓûêΓûêΓûêΓûêΓûêΓûêΓûêΓûêΓûêΓûÄ| 362/391 [00:00<00:00, 9781.59it/s, Materializing param=encoder.layer.22.attention.self.key.bias]      
Loading weights:  93%|ΓûêΓûêΓûêΓûêΓûêΓûêΓûêΓûêΓûêΓûÄ| 362/391 [00:00<00:00, 9781.59it/s, Materializing param=encoder.layer.22.attention.self.key.bias]
Loading weights:  93%|ΓûêΓûêΓûêΓûêΓûêΓûêΓûêΓûêΓûêΓûÄ| 363/391 [00:00<00:00, 9808.61it/s, Materializing param=encoder.layer.22.attention.self.key.weight]
Loading weights:  93%|ΓûêΓûêΓûêΓûêΓûêΓûêΓûêΓûêΓûêΓûÄ| 363/391 [00:00<00:00, 9808.61it/s, Materializing param=encoder.layer.22.attention.self.key.weight]
Loading weights:  93%|ΓûêΓûêΓûêΓûêΓûêΓûêΓûêΓûêΓûêΓûÄ| 364/391 [00:00<00:00, 9835.64it/s, Materializing param=encoder.layer.22.attention.self.query.bias]
Loading weights:  93%|ΓûêΓûêΓûêΓûêΓûêΓûêΓûêΓûêΓûêΓûÄ| 364/391 [00:00<00:00, 9835.64it/s, Materializing param=encoder.layer.22.attention.self.query.bias]
Loading weights:  93%|ΓûêΓûêΓûêΓûêΓûêΓûêΓûêΓûêΓûêΓûÄ| 365/391 [00:00<00:00, 9862.66it/s, Materializing param=encoder.layer.22.attention.self.query.weight]
Loading weights:  93%|ΓûêΓûêΓûêΓûêΓûêΓûêΓûêΓûêΓûêΓûÄ| 365/391 [00:00<00:00, 9862.66it/s, Materializing param=encoder.layer.22.attention.self.query.weight]
Loading weights:  94%|ΓûêΓûêΓûêΓûêΓûêΓûêΓûêΓûêΓûêΓûÄ| 366/391 [00:00<00:00, 9889.68it/s, Materializing param=encoder.layer.22.attention.self.value.bias]  
Loading weights:  94%|ΓûêΓûêΓûêΓûêΓûêΓûêΓûêΓûêΓûêΓûÄ| 366/391 [00:00<00:00, 9889.68it/s, Materializing param=encoder.layer.22.attention.self.value.bias]
Loading weights:  94%|ΓûêΓûêΓûêΓûêΓûêΓûêΓûêΓûêΓûêΓûì| 367/391 [00:00<00:00, 9916.70it/s, Materializing param=encoder.layer.22.attention.self.value.weight]
Loading weights:  94%|ΓûêΓûêΓûêΓûêΓûêΓûêΓûêΓûêΓûêΓûì| 367/391 [00:00<00:00, 9916.70it/s, Materializing param=encoder.layer.22.attention.self.value.weight]
Loading weights:  94%|ΓûêΓûêΓûêΓûêΓûêΓûêΓûêΓûêΓûêΓûì| 368/391 [00:00<00:00, 9943.72it/s, Materializing param=encoder.layer.22.intermediate.dense.bias]    
Loading weights:  94%|ΓûêΓûêΓûêΓûêΓûêΓûêΓûêΓûêΓûêΓûì| 368/391 [00:00<00:00, 9943.72it/s, Materializing param=encoder.layer.22.intermediate.dense.bias]
Loading weights:  94%|ΓûêΓûêΓûêΓûêΓûêΓûêΓûêΓûêΓûêΓûì| 369/391 [00:00<00:00, 9970.74it/s, Materializing param=encoder.layer.22.intermediate.dense.weight]
Loading weights:  94%|ΓûêΓûêΓûêΓûêΓûêΓûêΓûêΓûêΓûêΓûì| 369/391 [00:00<00:00, 9970.74it/s, Materializing param=encoder.layer.22.intermediate.dense.weight]
Loading weights:  95%|ΓûêΓûêΓûêΓûêΓûêΓûêΓûêΓûêΓûêΓûì| 370/391 [00:00<00:00, 9997.76it/s, Materializing param=encoder.layer.22.output.LayerNorm.bias]    
Loading weights:  95%|ΓûêΓûêΓûêΓûêΓûêΓûêΓûêΓûêΓûêΓûì| 370/391 [00:00<00:00, 9997.76it/s, Materializing param=encoder.layer.22.output.LayerNorm.bias]
Loading weights:  95%|ΓûêΓûêΓûêΓûêΓûêΓûêΓûêΓûêΓûêΓûì| 371/391 [00:00<00:00, 10024.78it/s, Materializing param=encoder.layer.22.output.LayerNorm.weight]
Loading weights:  95%|ΓûêΓûêΓûêΓûêΓûêΓûêΓûêΓûêΓûêΓûì| 371/391 [00:00<00:00, 10024.78it/s, Materializing param=encoder.layer.22.output.LayerNorm.weight]
Loading weights:  95%|ΓûêΓûêΓûêΓûêΓûêΓûêΓûêΓûêΓûêΓûî| 372/391 [00:00<00:00, 10051.80it/s, Materializing param=encoder.layer.22.output.dense.bias]      
Loading weights:  95%|ΓûêΓûêΓûêΓûêΓûêΓûêΓûêΓûêΓûêΓûî| 372/391 [00:00<00:00, 10051.80it/s, Materializing param=encoder.layer.22.output.dense.bias]
Loading weights:  95%|ΓûêΓûêΓûêΓûêΓûêΓûêΓûêΓûêΓûêΓûî| 373/391 [00:00<00:00, 10078.82it/s, Materializing param=encoder.layer.22.output.dense.weight]
Loading weights:  95%|ΓûêΓûêΓûêΓûêΓûêΓûêΓûêΓûêΓûêΓûî| 373/391 [00:00<00:00, 10078.82it/s, Materializing param=encoder.layer.22.output.dense.weight]
Loading weights:  96%|ΓûêΓûêΓûêΓûêΓûêΓûêΓûêΓûêΓûêΓûî| 374/391 [00:00<00:00, 10105.85it/s, Materializing param=encoder.layer.23.attention.output.LayerNorm.bias]
Loading weights:  96%|ΓûêΓûêΓûêΓûêΓûêΓûêΓûêΓûêΓûêΓûî| 374/391 [00:00<00:00, 10105.85it/s, Materializing param=encoder.layer.23.attention.output.LayerNorm.bias]
Loading weights:  96%|ΓûêΓûêΓûêΓûêΓûêΓûêΓûêΓûêΓûêΓûî| 375/391 [00:00<00:00, 10132.87it/s, Materializing param=encoder.layer.23.attention.output.LayerNorm.weight]
Loading weights:  96%|ΓûêΓûêΓûêΓûêΓûêΓûêΓûêΓûêΓûêΓûî| 375/391 [00:00<00:00, 10132.87it/s, Materializing param=encoder.layer.23.attention.output.LayerNorm.weight]
Loading weights:  96%|ΓûêΓûêΓûêΓûêΓûêΓûêΓûêΓûêΓûêΓûî| 376/391 [00:00<00:00, 10159.89it/s, Materializing param=encoder.layer.23.attention.output.dense.bias]      
Loading weights:  96%|ΓûêΓûêΓûêΓûêΓûêΓûêΓûêΓûêΓûêΓûî| 376/391 [00:00<00:00, 10159.89it/s, Materializing param=encoder.layer.23.attention.output.dense.bias]
Loading weights:  96%|ΓûêΓûêΓûêΓûêΓûêΓûêΓûêΓûêΓûêΓûï| 377/391 [00:00<00:00, 10186.91it/s, Materializing param=encoder.layer.23.attention.output.dense.weight]
Loading weights:  96%|ΓûêΓûêΓûêΓûêΓûêΓûêΓûêΓûêΓûêΓûï| 377/391 [00:00<00:00, 10186.91it/s, Materializing param=encoder.layer.23.attention.output.dense.weight]
Loading weights:  97%|ΓûêΓûêΓûêΓûêΓûêΓûêΓûêΓûêΓûêΓûï| 378/391 [00:00<00:00, 10213.93it/s, Materializing param=encoder.layer.23.attention.self.key.bias]      
Loading weights:  97%|ΓûêΓûêΓûêΓûêΓûêΓûêΓûêΓûêΓûêΓûï| 378/391 [00:00<00:00, 10213.93it/s, Materializing param=encoder.layer.23.attention.self.key.bias]
Loading weights:  97%|ΓûêΓûêΓûêΓûêΓûêΓûêΓûêΓûêΓûêΓûï| 379/391 [00:00<00:00, 10240.95it/s, Materializing param=encoder.layer.23.attention.self.key.weight]
Loading weights:  97%|ΓûêΓûêΓûêΓûêΓûêΓûêΓûêΓûêΓûêΓûï| 379/391 [00:00<00:00, 10240.95it/s, Materializing param=encoder.layer.23.attention.self.key.weight]
Loading weights:  97%|ΓûêΓûêΓûêΓûêΓûêΓûêΓûêΓûêΓûêΓûï| 380/391 [00:00<00:00, 10267.97it/s, Materializing param=encoder.layer.23.attention.self.query.bias]
Loading weights:  97%|ΓûêΓûêΓûêΓûêΓûêΓûêΓûêΓûêΓûêΓûï| 380/391 [00:00<00:00, 10267.97it/s, Materializing param=encoder.layer.23.attention.self.query.bias]
Loading weights:  97%|ΓûêΓûêΓûêΓûêΓûêΓûêΓûêΓûêΓûêΓûï| 381/391 [00:00<00:00, 10294.99it/s, Materializing param=encoder.layer.23.attention.self.query.weight]
Loading weights:  97%|ΓûêΓûêΓûêΓûêΓûêΓûêΓûêΓûêΓûêΓûï| 381/391 [00:00<00:00, 10294.99it/s, Materializing param=encoder.layer.23.attention.self.query.weight]
Loading weights:  98%|ΓûêΓûêΓûêΓûêΓûêΓûêΓûêΓûêΓûêΓûè| 382/391 [00:00<00:00, 10322.01it/s, Materializing param=encoder.layer.23.attention.self.value.bias]  
Loading weights:  98%|ΓûêΓûêΓûêΓûêΓûêΓûêΓûêΓûêΓûêΓûè| 382/391 [00:00<00:00, 10322.01it/s, Materializing param=encoder.layer.23.attention.self.value.bias]
Loading weights:  98%|ΓûêΓûêΓûêΓûêΓûêΓûêΓûêΓûêΓûêΓûè| 383/391 [00:00<00:00, 10349.03it/s, Materializing param=encoder.layer.23.attention.self.value.weight]
Loading weights:  98%|ΓûêΓûêΓûêΓûêΓûêΓûêΓûêΓûêΓûêΓûè| 383/391 [00:00<00:00, 10349.03it/s, Materializing param=encoder.layer.23.attention.self.value.weight]
Loading weights:  98%|ΓûêΓûêΓûêΓûêΓûêΓûêΓûêΓûêΓûêΓûè| 384/391 [00:00<00:00, 10376.05it/s, Materializing param=encoder.layer.23.intermediate.dense.bias]    
Loading weights:  98%|ΓûêΓûêΓûêΓûêΓûêΓûêΓûêΓûêΓûêΓûè| 384/391 [00:00<00:00, 10376.05it/s, Materializing param=encoder.layer.23.intermediate.dense.bias]
Loading weights:  98%|ΓûêΓûêΓûêΓûêΓûêΓûêΓûêΓûêΓûêΓûè| 385/391 [00:00<00:00, 10403.08it/s, Materializing param=encoder.layer.23.intermediate.dense.weight]
Loading weights:  98%|ΓûêΓûêΓûêΓûêΓûêΓûêΓûêΓûêΓûêΓûè| 385/391 [00:00<00:00, 10403.08it/s, Materializing param=encoder.layer.23.intermediate.dense.weight]
Loading weights:  99%|ΓûêΓûêΓûêΓûêΓûêΓûêΓûêΓûêΓûêΓûè| 386/391 [00:00<00:00, 10430.10it/s, Materializing param=encoder.layer.23.output.LayerNorm.bias]    
Loading weights:  99%|ΓûêΓûêΓûêΓûêΓûêΓûêΓûêΓûêΓûêΓûè| 386/391 [00:00<00:00, 10430.10it/s, Materializing param=encoder.layer.23.output.LayerNorm.bias]
Loading weights:  99%|ΓûêΓûêΓûêΓûêΓûêΓûêΓûêΓûêΓûêΓûë| 387/391 [00:00<00:00, 10457.12it/s, Materializing param=encoder.layer.23.output.LayerNorm.weight]
Loading weights:  99%|ΓûêΓûêΓûêΓûêΓûêΓûêΓûêΓûêΓûêΓûë| 387/391 [00:00<00:00, 10457.12it/s, Materializing param=encoder.layer.23.output.LayerNorm.weight]
Loading weights:  99%|ΓûêΓûêΓûêΓûêΓûêΓûêΓûêΓûêΓûêΓûë| 388/391 [00:00<00:00, 10484.14it/s, Materializing param=encoder.layer.23.output.dense.bias]      
Loading weights:  99%|ΓûêΓûêΓûêΓûêΓûêΓûêΓûêΓûêΓûêΓûë| 388/391 [00:00<00:00, 10484.14it/s, Materializing param=encoder.layer.23.output.dense.bias]
Loading weights:  99%|ΓûêΓûêΓûêΓûêΓûêΓûêΓûêΓûêΓûêΓûë| 389/391 [00:00<00:00, 10511.16it/s, Materializing param=encoder.layer.23.output.dense.weight]
Loading weights:  99%|ΓûêΓûêΓûêΓûêΓûêΓûêΓûêΓûêΓûêΓûë| 389/391 [00:00<00:00, 9481.77it/s, Materializing param=encoder.layer.23.output.dense.weight] 
Loading weights: 100%|ΓûêΓûêΓûêΓûêΓûêΓûêΓûêΓûêΓûêΓûë| 390/391 [00:00<00:00, 9506.14it/s, Materializing param=pooler.dense.bias]                   
Loading weights: 100%|ΓûêΓûêΓûêΓûêΓûêΓûêΓûêΓûêΓûêΓûë| 390/391 [00:00<00:00, 9506.14it/s, Materializing param=pooler.dense.bias]
Loading weights: 100%|ΓûêΓûêΓûêΓûêΓûêΓûêΓûêΓûêΓûêΓûê| 391/391 [00:00<00:00, 9530.51it/s, Materializing param=pooler.dense.weight]
Loading weights: 100%|ΓûêΓûêΓûêΓûêΓûêΓûêΓûêΓûêΓûêΓûê| 391/391 [00:00<00:00, 9530.51it/s, Materializing param=pooler.dense.weight]
Loading weights: 100%|ΓûêΓûêΓûêΓûêΓûêΓûêΓûêΓûêΓûêΓûê| 391/391 [00:00<00:00, 9530.51it/s, Materializing param=pooler.dense.weight]

Processing:   0%|          | 0/23 [00:00<?, ?item/s]
Processing: 100%|ΓûêΓûêΓûêΓûêΓûêΓûêΓûêΓûêΓûêΓûê| 23/23 [00:00<?, ?item/s]

Processing:   0%|          | 0/23 [00:00<?, ?item/s]
Processing: 100%|ΓûêΓûêΓûêΓûêΓûêΓûêΓûêΓûêΓûêΓûê| 23/23 [00:00<?, ?item/s]

Processing:   0%|          | 0/26 [00:00<?, ?item/s]
Processing: 100%|ΓûêΓûêΓûêΓûêΓûêΓûêΓûêΓûêΓûêΓûê| 26/26 [00:00<?, ?item/s]

Processing:   0%|          | 0/30 [00:00<?, ?item/s]
Processing: 100%|ΓûêΓûêΓûêΓûêΓûêΓûêΓûêΓûêΓûêΓûê| 30/30 [00:00<?, ?item/s]

Processing:   0%|          | 0/25 [00:00<?, ?item/s]
Processing: 100%|ΓûêΓûêΓûêΓûêΓûêΓûêΓûêΓûêΓûêΓûê| 25/25 [00:00<?, ?item/s]

Processing:   0%|          | 0/31 [00:00<?, ?item/s]
Processing: 100%|ΓûêΓûêΓûêΓûêΓûêΓûêΓûêΓûêΓûêΓûê| 31/31 [00:00<?, ?item/s]

Processing:   0%|          | 0/19 [00:00<?, ?item/s]
Processing: 100%|ΓûêΓûêΓûêΓûêΓûêΓûêΓûêΓûêΓûêΓûê| 19/19 [00:00<?, ?item/s]

Processing:   0%|          | 0/25 [00:00<?, ?item/s]
Processing: 100%|ΓûêΓûêΓûêΓûêΓûêΓûêΓûêΓûêΓûêΓûê| 25/25 [00:00<?, ?item/s]

Processing:   0%|          | 0/29 [00:00<?, ?item/s]
Processing: 100%|ΓûêΓûêΓûêΓûêΓûêΓûêΓûêΓûêΓûêΓûê| 29/29 [00:00<?, ?item/s]

Processing:   0%|          | 0/20 [00:00<?, ?item/s]
Processing: 100%|ΓûêΓûêΓûêΓûêΓûêΓûêΓûêΓûêΓûêΓûê| 20/20 [00:00<?, ?item/s]

Processing:   0%|          | 0/16 [00:00<?, ?item/s]
Processing: 100%|ΓûêΓûêΓûêΓûêΓûêΓûêΓûêΓûêΓûêΓûê| 16/16 [00:00<?, ?item/s]

Processing:   0%|          | 0/23 [00:00<?, ?item/s]
Processing: 100%|ΓûêΓûêΓûêΓûêΓûêΓûêΓûêΓûêΓûêΓûê| 23/23 [00:00<?, ?item/s]

Processing:   0%|          | 0/24 [00:00<?, ?item/s]
Processing: 100%|ΓûêΓûêΓûêΓûêΓûêΓûêΓûêΓûêΓûêΓûê| 24/24 [00:00<?, ?item/s]

Processing:   0%|          | 0/33 [00:00<?, ?item/s]
Processing: 100%|ΓûêΓûêΓûêΓûêΓûêΓûêΓûêΓûêΓûêΓûê| 33/33 [00:00<?, ?item/s]

Processing:   0%|          | 0/20 [00:00<?, ?item/s]
Processing: 100%|ΓûêΓûêΓûêΓûêΓûêΓûêΓûêΓûêΓûêΓûê| 20/20 [00:00<?, ?item/s]

Processing:   0%|          | 0/20 [00:00<?, ?item/s]
Processing: 100%|ΓûêΓûêΓûêΓûêΓûêΓûêΓûêΓûêΓûêΓûê| 20/20 [00:00<?, ?item/s]

Processing:   0%|          | 0/26 [00:00<?, ?item/s]
Processing: 100%|ΓûêΓûêΓûêΓûêΓûêΓûêΓûêΓûêΓûêΓûê| 26/26 [00:00<?, ?item/s]

Processing:   0%|          | 0/24 [00:00<?, ?item/s]
Processing: 100%|ΓûêΓûêΓûêΓûêΓûêΓûêΓûêΓûêΓûêΓûê| 24/24 [00:00<?, ?item/s]

Processing:   0%|          | 0/24 [00:00<?, ?item/s]
Processing: 100%|ΓûêΓûêΓûêΓûêΓûêΓûêΓûêΓûêΓûêΓûê| 24/24 [00:00<?, ?item/s]

Processing:   0%|          | 0/31 [00:00<?, ?item/s]
Processing: 100%|ΓûêΓûêΓûêΓûêΓûêΓûêΓûêΓûêΓûêΓûê| 31/31 [00:00<?, ?item/s]

Processing:   0%|          | 0/28 [00:00<?, ?item/s]
Processing: 100%|ΓûêΓûêΓûêΓûêΓûêΓûêΓûêΓûêΓûêΓûê| 28/28 [00:00<?, ?item/s]

Processing:   0%|          | 0/21 [00:00<?, ?item/s]
Processing: 100%|ΓûêΓûêΓûêΓûêΓûêΓûêΓûêΓûêΓûêΓûê| 21/21 [00:00<?, ?item/s]

Processing:   0%|          | 0/23 [00:00<?, ?item/s]
Processing: 100%|ΓûêΓûêΓûêΓûêΓûêΓûêΓûêΓûêΓûêΓûê| 23/23 [00:00<?, ?item/s]

Processing:   0%|          | 0/18 [00:00<?, ?item/s]
Processing: 100%|ΓûêΓûêΓûêΓûêΓûêΓûêΓûêΓûêΓûêΓûê| 18/18 [00:00<?, ?item/s]

Processing:   0%|          | 0/27 [00:00<?, ?item/s]
Processing: 100%|ΓûêΓûêΓûêΓûêΓûêΓûêΓûêΓûêΓûêΓûê| 27/27 [00:00<?, ?item/s]

Processing:   0%|          | 0/23 [00:00<?, ?item/s]
Processing: 100%|ΓûêΓûêΓûêΓûêΓûêΓûêΓûêΓûêΓûêΓûê| 23/23 [00:00<?, ?item/s]

Processing:   0%|          | 0/36 [00:00<?, ?item/s]
Processing: 100%|ΓûêΓûêΓûêΓûêΓûêΓûêΓûêΓûêΓûêΓûê| 36/36 [00:00<?, ?item/s]

Processing:   0%|          | 0/37 [00:00<?, ?item/s]
Processing: 100%|ΓûêΓûêΓûêΓûêΓûêΓûêΓûêΓûêΓûêΓûê| 37/37 [00:00<?, ?item/s]

Processing:   0%|          | 0/37 [00:00<?, ?item/s]
Processing: 100%|ΓûêΓûêΓûêΓûêΓûêΓûêΓûêΓûêΓûêΓûê| 37/37 [00:00<?, ?item/s]

Processing:   0%|          | 0/34 [00:00<?, ?item/s]
Processing: 100%|ΓûêΓûêΓûêΓûêΓûêΓûêΓûêΓûêΓûêΓûê| 34/34 [00:00<?, ?item/s]

Processing:   0%|          | 0/32 [00:00<?, ?item/s]
Processing: 100%|ΓûêΓûêΓûêΓûêΓûêΓûêΓûêΓûêΓûêΓûê| 32/32 [00:00<?, ?item/s]

Processing:   0%|          | 0/59 [00:00<?, ?item/s]
Processing: 100%|ΓûêΓûêΓûêΓûêΓûêΓûêΓûêΓûêΓûêΓûê| 59/59 [00:00<?, ?item/s]

Processing:   0%|          | 0/28 [00:00<?, ?item/s]
Processing: 100%|ΓûêΓûêΓûêΓûêΓûêΓûêΓûêΓûêΓûêΓûê| 28/28 [00:00<?, ?item/s]

Processing:   0%|          | 0/34 [00:00<?, ?item/s]
Processing: 100%|ΓûêΓûêΓûêΓûêΓûêΓûêΓûêΓûêΓûêΓûê| 34/34 [00:00<?, ?item/s]

Processing:   0%|          | 0/29 [00:00<?, ?item/s]
Processing: 100%|ΓûêΓûêΓûêΓûêΓûêΓûêΓûêΓûêΓûêΓûê| 29/29 [00:00<?, ?item/s]

Processing:   0%|          | 0/32 [00:00<?, ?item/s]
Processing: 100%|ΓûêΓûêΓûêΓûêΓûêΓûêΓûêΓûêΓûêΓûê| 32/32 [00:00<?, ?item/s]

Processing:   0%|          | 0/24 [00:00<?, ?item/s]
Processing: 100%|ΓûêΓûêΓûêΓûêΓûêΓûêΓûêΓûêΓûêΓûê| 24/24 [00:00<?, ?item/s]

Processing:   0%|          | 0/41 [00:00<?, ?item/s]
Processing: 100%|ΓûêΓûêΓûêΓûêΓûêΓûêΓûêΓûêΓûêΓûê| 41/41 [00:00<?, ?item/s]

Processing:   0%|          | 0/29 [00:00<?, ?item/s]
Processing: 100%|ΓûêΓûêΓûêΓûêΓûêΓûêΓûêΓûêΓûêΓûê| 29/29 [00:00<?, ?item/s]

Processing:   0%|          | 0/33 [00:00<?, ?item/s]
Processing: 100%|ΓûêΓûêΓûêΓûêΓûêΓûêΓûêΓûêΓûêΓûê| 33/33 [00:00<?, ?item/s]

Processing:   0%|          | 0/22 [00:00<?, ?item/s]
Processing: 100%|ΓûêΓûêΓûêΓûêΓûêΓûêΓûêΓûêΓûêΓûê| 22/22 [00:00<?, ?item/s]

Processing:   0%|          | 0/23 [00:00<?, ?item/s]
Processing: 100%|ΓûêΓûêΓûêΓûêΓûêΓûêΓûêΓûêΓûêΓûê| 23/23 [00:00<?, ?item/s]

Processing:   0%|          | 0/25 [00:00<?, ?item/s]
Processing: 100%|ΓûêΓûêΓûêΓûêΓûêΓûêΓûêΓûêΓûêΓûê| 25/25 [00:00<?, ?item/s]

Processing:   0%|          | 0/27 [00:00<?, ?item/s]
Processing: 100%|ΓûêΓûêΓûêΓûêΓûêΓûêΓûêΓûêΓûêΓûê| 27/27 [00:00<?, ?item/s]

Processing:   0%|          | 0/38 [00:00<?, ?item/s]
Processing: 100%|ΓûêΓûêΓûêΓûêΓûêΓûêΓûêΓûêΓûêΓûê| 38/38 [00:00<?, ?item/s]

Processing:   0%|          | 0/4 [00:00<?, ?item/s]
Processing: 100%|ΓûêΓûêΓûêΓûêΓûêΓûêΓûêΓûêΓûêΓûê| 4/4 [00:00<?, ?item/s]

Processing:   0%|          | 0/4 [00:00<?, ?item/s]
Processing: 100%|ΓûêΓûêΓûêΓûêΓûêΓûêΓûêΓûêΓûêΓûê| 4/4 [00:00<?, ?item/s]

Processing:   0%|          | 0/4 [00:00<?, ?item/s]
Processing: 100%|ΓûêΓûêΓûêΓûêΓûêΓûêΓûêΓûêΓûêΓûê| 4/4 [00:00<?, ?item/s]

Processing:   0%|          | 0/4 [00:00<?, ?item/s]
Processing: 100%|ΓûêΓûêΓûêΓûêΓûêΓûêΓûêΓûêΓûêΓûê| 4/4 [00:00<00:00, 3999.34item/s]

Processing:   0%|          | 0/4 [00:00<?, ?item/s]
Processing: 100%|ΓûêΓûêΓûêΓûêΓûêΓûêΓûêΓûêΓûêΓûê| 4/4 [00:00<?, ?item/s]

Processing: 0item [00:00, ?item/s]
Processing: 0item [00:00, ?item/s]
Prompt assembly failed: INVALID_CONTEXT_TYPE
[GraphMemoryBridge] SQLite store init failed: Non-canonical MEMORY_DB path rejected in production scope: C:\Git\Agentic-Workflow-FRESH\artifacts\memory\knowledge_graph.sqlite. Expected artifacts\memory\knowledge_graph.sqlite. ΓÇö no-op mode
Mutation failed: SovereignLLMGateway.generate() missing 1 required positional argument: 'artifact'

Processing: 0item [00:00, ?item/s]
Processing: 0item [00:00, ?item/s]
[ledger.writer] router_l0_agentic append failed: no such table: events

Loading weights:   0%|          | 0/391 [00:00<?, ?it/s]
Loading weights:   0%|          | 1/391 [00:00<?, ?it/s, Materializing param=embeddings.LayerNorm.bias]
Loading weights:   0%|          | 1/391 [00:00<?, ?it/s, Materializing param=embeddings.LayerNorm.bias]
Loading weights:   1%|          | 2/391 [00:00<?, ?it/s, Materializing param=embeddings.LayerNorm.weight]
Loading weights:   1%|          | 2/391 [00:00<?, ?it/s, Materializing param=embeddings.LayerNorm.weight]
Loading weights:   1%|          | 3/391 [00:00<?, ?it/s, Materializing param=embeddings.position_embeddings.weight]
Loading weights:   1%|          | 3/391 [00:00<?, ?it/s, Materializing param=embeddings.position_embeddings.weight]
Loading weights:   1%|          | 4/391 [00:00<?, ?it/s, Materializing param=embeddings.token_type_embeddings.weight]
Loading weights:   1%|          | 4/391 [00:00<?, ?it/s, Materializing param=embeddings.token_type_embeddings.weight]
Loading weights:   1%|ΓûÅ         | 5/391 [00:00<?, ?it/s, Materializing param=embeddings.word_embeddings.weight]      
Loading weights:   1%|ΓûÅ         | 5/391 [00:00<?, ?it/s, Materializing param=embeddings.word_embeddings.weight]
Loading weights:   2%|ΓûÅ         | 6/391 [00:00<?, ?it/s, Materializing param=encoder.layer.0.attention.output.LayerNorm.bias]
Loading weights:   2%|ΓûÅ         | 6/391 [00:00<?, ?it/s, Materializing param=encoder.layer.0.attention.output.LayerNorm.bias]
Loading weights:   2%|ΓûÅ         | 7/391 [00:00<?, ?it/s, Materializing param=encoder.layer.0.attention.output.LayerNorm.weight]
Loading weights:   2%|ΓûÅ         | 7/391 [00:00<?, ?it/s, Materializing param=encoder.layer.0.attention.output.LayerNorm.weight]
Loading weights:   2%|ΓûÅ         | 8/391 [00:00<?, ?it/s, Materializing param=encoder.layer.0.attention.output.dense.bias]      
Loading weights:   2%|ΓûÅ         | 8/391 [00:00<?, ?it/s, Materializing param=encoder.layer.0.attention.output.dense.bias]
Loading weights:   2%|ΓûÅ         | 9/391 [00:00<?, ?it/s, Materializing param=encoder.layer.0.attention.output.dense.weight]
Loading weights:   2%|ΓûÅ         | 9/391 [00:00<?, ?it/s, Materializing param=encoder.layer.0.attention.output.dense.weight]
Loading weights:   3%|ΓûÄ         | 10/391 [00:00<?, ?it/s, Materializing param=encoder.layer.0.attention.self.key.bias]     
Loading weights:   3%|ΓûÄ         | 10/391 [00:00<?, ?it/s, Materializing param=encoder.layer.0.attention.self.key.bias]
Loading weights:   3%|ΓûÄ         | 11/391 [00:00<?, ?it/s, Materializing param=encoder.layer.0.attention.self.key.weight]
Loading weights:   3%|ΓûÄ         | 11/391 [00:00<?, ?it/s, Materializing param=encoder.layer.0.attention.self.key.weight]
Loading weights:   3%|ΓûÄ         | 12/391 [00:00<?, ?it/s, Materializing param=encoder.layer.0.attention.self.query.bias]
Loading weights:   3%|ΓûÄ         | 12/391 [00:00<?, ?it/s, Materializing param=encoder.layer.0.attention.self.query.bias]
Loading weights:   3%|ΓûÄ         | 13/391 [00:00<?, ?it/s, Materializing param=encoder.layer.0.attention.self.query.weight]
Loading weights:   3%|ΓûÄ         | 13/391 [00:00<?, ?it/s, Materializing param=encoder.layer.0.attention.self.query.weight]
Loading weights:   4%|ΓûÄ         | 14/391 [00:00<?, ?it/s, Materializing param=encoder.layer.0.attention.self.value.bias]  
Loading weights:   4%|ΓûÄ         | 14/391 [00:00<?, ?it/s, Materializing param=encoder.layer.0.attention.self.value.bias]
Loading weights:   4%|Γûì         | 15/391 [00:00<00:00, 3008.54it/s, Materializing param=encoder.layer.0.attention.self.value.weight]
Loading weights:   4%|Γûì         | 15/391 [00:00<00:00, 3008.54it/s, Materializing param=encoder.layer.0.attention.self.value.weight]
Loading weights:   4%|Γûì         | 16/391 [00:00<00:00, 3209.11it/s, Materializing param=encoder.layer.0.intermediate.dense.bias]    
Loading weights:   4%|Γûì         | 16/391 [00:00<00:00, 3209.11it/s, Materializing param=encoder.layer.0.intermediate.dense.bias]
Loading weights:   4%|Γûì         | 17/391 [00:00<00:00, 3409.68it/s, Materializing param=encoder.layer.0.intermediate.dense.weight]
Loading weights:   4%|Γûì         | 17/391 [00:00<00:00, 3409.68it/s, Materializing param=encoder.layer.0.intermediate.dense.weight]
Loading weights:   5%|Γûì         | 18/391 [00:00<00:00, 3610.25it/s, Materializing param=encoder.layer.0.output.LayerNorm.bias]    
Loading weights:   5%|Γûì         | 18/391 [00:00<00:00, 3610.25it/s, Materializing param=encoder.layer.0.output.LayerNorm.bias]
Loading weights:   5%|Γûì         | 19/391 [00:00<00:00, 3810.82it/s, Materializing param=encoder.layer.0.output.LayerNorm.weight]
Loading weights:   5%|Γûì         | 19/391 [00:00<00:00, 3810.82it/s, Materializing param=encoder.layer.0.output.LayerNorm.weight]
Loading weights:   5%|Γûî         | 20/391 [00:00<00:00, 4011.38it/s, Materializing param=encoder.layer.0.output.dense.bias]      
Loading weights:   5%|Γûî         | 20/391 [00:00<00:00, 4011.38it/s, Materializing param=encoder.layer.0.output.dense.bias]
Loading weights:   5%|Γûî         | 21/391 [00:00<00:00, 4211.95it/s, Materializing param=encoder.layer.0.output.dense.weight]
Loading weights:   5%|Γûî         | 21/391 [00:00<00:00, 4211.95it/s, Materializing param=encoder.layer.0.output.dense.weight]
Loading weights:   6%|Γûî         | 22/391 [00:00<00:00, 4412.52it/s, Materializing param=encoder.layer.1.attention.output.LayerNorm.bias]
Loading weights:   6%|Γûî         | 22/391 [00:00<00:00, 4412.52it/s, Materializing param=encoder.layer.1.attention.output.LayerNorm.bias]
Loading weights:   6%|Γûî         | 23/391 [00:00<00:00, 4613.09it/s, Materializing param=encoder.layer.1.attention.output.LayerNorm.weight]
Loading weights:   6%|Γûî         | 23/391 [00:00<00:00, 4613.09it/s, Materializing param=encoder.layer.1.attention.output.LayerNorm.weight]
Loading weights:   6%|Γûî         | 24/391 [00:00<00:00, 4813.66it/s, Materializing param=encoder.layer.1.attention.output.dense.bias]      
Loading weights:   6%|Γûî         | 24/391 [00:00<00:00, 4813.66it/s, Materializing param=encoder.layer.1.attention.output.dense.bias]
Loading weights:   6%|Γûï         | 25/391 [00:00<00:00, 5014.23it/s, Materializing param=encoder.layer.1.attention.output.dense.weight]
Loading weights:   6%|Γûï         | 25/391 [00:00<00:00, 5014.23it/s, Materializing param=encoder.layer.1.attention.output.dense.weight]
Loading weights:   7%|Γûï         | 26/391 [00:00<00:00, 5214.80it/s, Materializing param=encoder.layer.1.attention.self.key.bias]      
Loading weights:   7%|Γûï         | 26/391 [00:00<00:00, 5214.80it/s, Materializing param=encoder.layer.1.attention.self.key.bias]
Loading weights:   7%|Γûï         | 27/391 [00:00<00:00, 5415.37it/s, Materializing param=encoder.layer.1.attention.self.key.weight]
Loading weights:   7%|Γûï         | 27/391 [00:00<00:00, 5415.37it/s, Materializing param=encoder.layer.1.attention.self.key.weight]
Loading weights:   7%|Γûï         | 28/391 [00:00<00:00, 5615.94it/s, Materializing param=encoder.layer.1.attention.self.query.bias]
Loading weights:   7%|Γûï         | 28/391 [00:00<00:00, 5615.94it/s, Materializing param=encoder.layer.1.attention.self.query.bias]
Loading weights:   7%|Γûï         | 29/391 [00:00<00:00, 5816.51it/s, Materializing param=encoder.layer.1.attention.self.query.weight]
Loading weights:   7%|Γûï         | 29/391 [00:00<00:00, 5816.51it/s, Materializing param=encoder.layer.1.attention.self.query.weight]
Loading weights:   8%|Γûè         | 30/391 [00:00<00:00, 6017.08it/s, Materializing param=encoder.layer.1.attention.self.value.bias]  
Loading weights:   8%|Γûè         | 30/391 [00:00<00:00, 6017.08it/s, Materializing param=encoder.layer.1.attention.self.value.bias]
Loading weights:   8%|Γûè         | 31/391 [00:00<00:00, 6217.65it/s, Materializing param=encoder.layer.1.attention.self.value.weight]
Loading weights:   8%|Γûè         | 31/391 [00:00<00:00, 6217.65it/s, Materializing param=encoder.layer.1.attention.self.value.weight]
Loading weights:   8%|Γûè         | 32/391 [00:00<00:00, 6418.22it/s, Materializing param=encoder.layer.1.intermediate.dense.bias]    
Loading weights:   8%|Γûè         | 32/391 [00:00<00:00, 6418.22it/s, Materializing param=encoder.layer.1.intermediate.dense.bias]
Loading weights:   8%|Γûè         | 33/391 [00:00<00:00, 6618.79it/s, Materializing param=encoder.layer.1.intermediate.dense.weight]
Loading weights:   8%|Γûè         | 33/391 [00:00<00:00, 6618.79it/s, Materializing param=encoder.layer.1.intermediate.dense.weight]
Loading weights:   9%|Γûè         | 34/391 [00:00<00:00, 6819.35it/s, Materializing param=encoder.layer.1.output.LayerNorm.bias]    
Loading weights:   9%|Γûè         | 34/391 [00:00<00:00, 6819.35it/s, Materializing param=encoder.layer.1.output.LayerNorm.bias]
Loading weights:   9%|Γûë         | 35/391 [00:00<00:00, 7019.92it/s, Materializing param=encoder.layer.1.output.LayerNorm.weight]
Loading weights:   9%|Γûë         | 35/391 [00:00<00:00, 7019.92it/s, Materializing param=encoder.layer.1.output.LayerNorm.weight]
Loading weights:   9%|Γûë         | 36/391 [00:00<00:00, 7220.49it/s, Materializing param=encoder.layer.1.output.dense.bias]      
Loading weights:   9%|Γûë         | 36/391 [00:00<00:00, 7220.49it/s, Materializing param=encoder.layer.1.output.dense.bias]
Loading weights:   9%|Γûë         | 37/391 [00:00<00:00, 7421.06it/s, Materializing param=encoder.layer.1.output.dense.weight]
Loading weights:   9%|Γûë         | 37/391 [00:00<00:00, 7421.06it/s, Materializing param=encoder.layer.1.output.dense.weight]
Loading weights:  10%|Γûë         | 38/391 [00:00<00:00, 7621.63it/s, Materializing param=encoder.layer.2.attention.output.LayerNorm.bias]
Loading weights:  10%|Γûë         | 38/391 [00:00<00:00, 7621.63it/s, Materializing param=encoder.layer.2.attention.output.LayerNorm.bias]
Loading weights:  10%|Γûë         | 39/391 [00:00<00:00, 7822.20it/s, Materializing param=encoder.layer.2.attention.output.LayerNorm.weight]
Loading weights:  10%|Γûë         | 39/391 [00:00<00:00, 7822.20it/s, Materializing param=encoder.layer.2.attention.output.LayerNorm.weight]
Loading weights:  10%|Γûê         | 40/391 [00:00<00:00, 8022.77it/s, Materializing param=encoder.layer.2.attention.output.dense.bias]      
Loading weights:  10%|Γûê         | 40/391 [00:00<00:00, 8022.77it/s, Materializing param=encoder.layer.2.attention.output.dense.bias]
Loading weights:  10%|Γûê         | 41/391 [00:00<00:00, 8223.34it/s, Materializing param=encoder.layer.2.attention.output.dense.weight]
Loading weights:  10%|Γûê         | 41/391 [00:00<00:00, 8223.34it/s, Materializing param=encoder.layer.2.attention.output.dense.weight]
Loading weights:  11%|Γûê         | 42/391 [00:00<00:00, 8423.91it/s, Materializing param=encoder.layer.2.attention.self.key.bias]      
Loading weights:  11%|Γûê         | 42/391 [00:00<00:00, 8423.91it/s, Materializing param=encoder.layer.2.attention.self.key.bias]
Loading weights:  11%|Γûê         | 43/391 [00:00<00:00, 8624.48it/s, Materializing param=encoder.layer.2.attention.self.key.weight]
Loading weights:  11%|Γûê         | 43/391 [00:00<00:00, 8624.48it/s, Materializing param=encoder.layer.2.attention.self.key.weight]
Loading weights:  11%|ΓûêΓûÅ        | 44/391 [00:00<00:00, 8825.05it/s, Materializing param=encoder.layer.2.attention.self.query.bias]
Loading weights:  11%|ΓûêΓûÅ        | 44/391 [00:00<00:00, 8825.05it/s, Materializing param=encoder.layer.2.attention.self.query.bias]
Loading weights:  12%|ΓûêΓûÅ        | 45/391 [00:00<00:00, 9025.62it/s, Materializing param=encoder.layer.2.attention.self.query.weight]
Loading weights:  12%|ΓûêΓûÅ        | 45/391 [00:00<00:00, 9025.62it/s, Materializing param=encoder.layer.2.attention.self.query.weight]
Loading weights:  12%|ΓûêΓûÅ        | 46/391 [00:00<00:00, 9226.19it/s, Materializing param=encoder.layer.2.attention.self.value.bias]  
Loading weights:  12%|ΓûêΓûÅ        | 46/391 [00:00<00:00, 9226.19it/s, Materializing param=encoder.layer.2.attention.self.value.bias]
Loading weights:  12%|ΓûêΓûÅ        | 47/391 [00:00<00:00, 9426.75it/s, Materializing param=encoder.layer.2.attention.self.value.weight]
Loading weights:  12%|ΓûêΓûÅ        | 47/391 [00:00<00:00, 9426.75it/s, Materializing param=encoder.layer.2.attention.self.value.weight]
Loading weights:  12%|ΓûêΓûÅ        | 48/391 [00:00<00:00, 9627.32it/s, Materializing param=encoder.layer.2.intermediate.dense.bias]    
Loading weights:  12%|ΓûêΓûÅ        | 48/391 [00:00<00:00, 9627.32it/s, Materializing param=encoder.layer.2.intermediate.dense.bias]
Loading weights:  13%|ΓûêΓûÄ        | 49/391 [00:00<00:00, 9827.89it/s, Materializing param=encoder.layer.2.intermediate.dense.weight]
Loading weights:  13%|ΓûêΓûÄ        | 49/391 [00:00<00:00, 9827.89it/s, Materializing param=encoder.layer.2.intermediate.dense.weight]
Loading weights:  13%|ΓûêΓûÄ        | 50/391 [00:00<00:00, 10028.46it/s, Materializing param=encoder.layer.2.output.LayerNorm.bias]   
Loading weights:  13%|ΓûêΓûÄ        | 50/391 [00:00<00:00, 10028.46it/s, Materializing param=encoder.layer.2.output.LayerNorm.bias]
Loading weights:  13%|ΓûêΓûÄ        | 51/391 [00:00<00:00, 10229.03it/s, Materializing param=encoder.layer.2.output.LayerNorm.weight]
Loading weights:  13%|ΓûêΓûÄ        | 51/391 [00:00<00:00, 10229.03it/s, Materializing param=encoder.layer.2.output.LayerNorm.weight]
Loading weights:  13%|ΓûêΓûÄ        | 52/391 [00:00<00:00, 10429.60it/s, Materializing param=encoder.layer.2.output.dense.bias]      
Loading weights:  13%|ΓûêΓûÄ        | 52/391 [00:00<00:00, 10429.60it/s, Materializing param=encoder.layer.2.output.dense.bias]
Loading weights:  14%|ΓûêΓûÄ        | 53/391 [00:00<00:00, 10630.17it/s, Materializing param=encoder.layer.2.output.dense.weight]
Loading weights:  14%|ΓûêΓûÄ        | 53/391 [00:00<00:00, 10630.17it/s, Materializing param=encoder.layer.2.output.dense.weight]
Loading weights:  14%|ΓûêΓûì        | 54/391 [00:00<00:00, 10830.74it/s, Materializing param=encoder.layer.3.attention.output.LayerNorm.bias]
Loading weights:  14%|ΓûêΓûì        | 54/391 [00:00<00:00, 10830.74it/s, Materializing param=encoder.layer.3.attention.output.LayerNorm.bias]
Loading weights:  14%|ΓûêΓûì        | 55/391 [00:00<00:00, 11031.31it/s, Materializing param=encoder.layer.3.attention.output.LayerNorm.weight]
Loading weights:  14%|ΓûêΓûì        | 55/391 [00:00<00:00, 11031.31it/s, Materializing param=encoder.layer.3.attention.output.LayerNorm.weight]
Loading weights:  14%|ΓûêΓûì        | 56/391 [00:00<00:00, 11231.88it/s, Materializing param=encoder.layer.3.attention.output.dense.bias]      
Loading weights:  14%|ΓûêΓûì        | 56/391 [00:00<00:00, 11231.88it/s, Materializing param=encoder.layer.3.attention.output.dense.bias]
Loading weights:  15%|ΓûêΓûì        | 57/391 [00:00<00:00, 11432.45it/s, Materializing param=encoder.layer.3.attention.output.dense.weight]
Loading weights:  15%|ΓûêΓûì        | 57/391 [00:00<00:00, 11432.45it/s, Materializing param=encoder.layer.3.attention.output.dense.weight]
Loading weights:  15%|ΓûêΓûì        | 58/391 [00:00<00:00, 11633.02it/s, Materializing param=encoder.layer.3.attention.self.key.bias]      
Loading weights:  15%|ΓûêΓûì        | 58/391 [00:00<00:00, 11633.02it/s, Materializing param=encoder.layer.3.attention.self.key.bias]
Loading weights:  15%|ΓûêΓûî        | 59/391 [00:00<00:00, 11833.59it/s, Materializing param=encoder.layer.3.attention.self.key.weight]
Loading weights:  15%|ΓûêΓûî        | 59/391 [00:00<00:00, 11833.59it/s, Materializing param=encoder.layer.3.attention.self.key.weight]
Loading weights:  15%|ΓûêΓûî        | 60/391 [00:00<00:00, 12034.15it/s, Materializing param=encoder.layer.3.attention.self.query.bias]
Loading weights:  15%|ΓûêΓûî        | 60/391 [00:00<00:00, 12034.15it/s, Materializing param=encoder.layer.3.attention.self.query.bias]
Loading weights:  16%|ΓûêΓûî        | 61/391 [00:00<00:00, 12234.72it/s, Materializing param=encoder.layer.3.attention.self.query.weight]
Loading weights:  16%|ΓûêΓûî        | 61/391 [00:00<00:00, 12234.72it/s, Materializing param=encoder.layer.3.attention.self.query.weight]
Loading weights:  16%|ΓûêΓûî        | 62/391 [00:00<00:00, 12435.29it/s, Materializing param=encoder.layer.3.attention.self.value.bias]  
Loading weights:  16%|ΓûêΓûî        | 62/391 [00:00<00:00, 12435.29it/s, Materializing param=encoder.layer.3.attention.self.value.bias]
Loading weights:  16%|ΓûêΓûî        | 63/391 [00:00<00:00, 12635.86it/s, Materializing param=encoder.layer.3.attention.self.value.weight]
Loading weights:  16%|ΓûêΓûî        | 63/391 [00:00<00:00, 12635.86it/s, Materializing param=encoder.layer.3.attention.self.value.weight]
Loading weights:  16%|ΓûêΓûï        | 64/391 [00:00<00:00, 4801.81it/s, Materializing param=encoder.layer.3.intermediate.dense.bias]     
Loading weights:  16%|ΓûêΓûï        | 64/391 [00:00<00:00, 4801.81it/s, Materializing param=encoder.layer.3.intermediate.dense.bias]
Loading weights:  17%|ΓûêΓûï        | 65/391 [00:00<00:00, 4876.84it/s, Materializing param=encoder.layer.3.intermediate.dense.weight]
Loading weights:  17%|ΓûêΓûï        | 65/391 [00:00<00:00, 4876.84it/s, Materializing param=encoder.layer.3.intermediate.dense.weight]
Loading weights:  17%|ΓûêΓûï        | 66/391 [00:00<00:00, 4951.86it/s, Materializing param=encoder.layer.3.output.LayerNorm.bias]    
Loading weights:  17%|ΓûêΓûï        | 66/391 [00:00<00:00, 4951.86it/s, Materializing param=encoder.layer.3.output.LayerNorm.bias]
Loading weights:  17%|ΓûêΓûï        | 67/391 [00:00<00:00, 5026.89it/s, Materializing param=encoder.layer.3.output.LayerNorm.weight]
Loading weights:  17%|ΓûêΓûï        | 67/391 [00:00<00:00, 5026.89it/s, Materializing param=encoder.layer.3.output.LayerNorm.weight]
Loading weights:  17%|ΓûêΓûï        | 68/391 [00:00<00:00, 5101.92it/s, Materializing param=encoder.layer.3.output.dense.bias]      
Loading weights:  17%|ΓûêΓûï        | 68/391 [00:00<00:00, 5101.92it/s, Materializing param=encoder.layer.3.output.dense.bias]
Loading weights:  18%|ΓûêΓûè        | 69/391 [00:00<00:00, 4987.88it/s, Materializing param=encoder.layer.3.output.dense.weight]
Loading weights:  18%|ΓûêΓûè        | 69/391 [00:00<00:00, 4987.88it/s, Materializing param=encoder.layer.3.output.dense.weight]
Loading weights:  18%|ΓûêΓûè        | 70/391 [00:00<00:00, 5060.17it/s, Materializing param=encoder.layer.4.attention.output.LayerNorm.bias]
Loading weights:  18%|ΓûêΓûè        | 70/391 [00:00<00:00, 5060.17it/s, Materializing param=encoder.layer.4.attention.output.LayerNorm.bias]
Loading weights:  18%|ΓûêΓûè        | 71/391 [00:00<00:00, 5132.46it/s, Materializing param=encoder.layer.4.attention.output.LayerNorm.weight]
Loading weights:  18%|ΓûêΓûè        | 71/391 [00:00<00:00, 5132.46it/s, Materializing param=encoder.layer.4.attention.output.LayerNorm.weight]
Loading weights:  18%|ΓûêΓûè        | 72/391 [00:00<00:00, 5204.75it/s, Materializing param=encoder.layer.4.attention.output.dense.bias]      
Loading weights:  18%|ΓûêΓûè        | 72/391 [00:00<00:00, 5204.75it/s, Materializing param=encoder.layer.4.attention.output.dense.bias]
Loading weights:  19%|ΓûêΓûè        | 73/391 [00:00<00:00, 5277.04it/s, Materializing param=encoder.layer.4.attention.output.dense.weight]
Loading weights:  19%|ΓûêΓûè        | 73/391 [00:00<00:00, 5277.04it/s, Materializing param=encoder.layer.4.attention.output.dense.weight]
Loading weights:  19%|ΓûêΓûë        | 74/391 [00:00<00:00, 5349.32it/s, Materializing param=encoder.layer.4.attention.self.key.bias]      
Loading weights:  19%|ΓûêΓûë        | 74/391 [00:00<00:00, 5349.32it/s, Materializing param=encoder.layer.4.attention.self.key.bias]
Loading weights:  19%|ΓûêΓûë        | 75/391 [00:00<00:00, 5421.61it/s, Materializing param=encoder.layer.4.attention.self.key.weight]
Loading weights:  19%|ΓûêΓûë        | 75/391 [00:00<00:00, 5421.61it/s, Materializing param=encoder.layer.4.attention.self.key.weight]
Loading weights:  19%|ΓûêΓûë        | 76/391 [00:00<00:00, 5493.90it/s, Materializing param=encoder.layer.4.attention.self.query.bias]
Loading weights:  19%|ΓûêΓûë        | 76/391 [00:00<00:00, 5493.90it/s, Materializing param=encoder.layer.4.attention.self.query.bias]
Loading weights:  20%|ΓûêΓûë        | 77/391 [00:00<00:00, 5566.19it/s, Materializing param=encoder.layer.4.attention.self.query.weight]
Loading weights:  20%|ΓûêΓûë        | 77/391 [00:00<00:00, 5566.19it/s, Materializing param=encoder.layer.4.attention.self.query.weight]
Loading weights:  20%|ΓûêΓûë        | 78/391 [00:00<00:00, 5433.67it/s, Materializing param=encoder.layer.4.attention.self.value.bias]  
Loading weights:  20%|ΓûêΓûë        | 78/391 [00:00<00:00, 5433.67it/s, Materializing param=encoder.layer.4.attention.self.value.bias]
Loading weights:  20%|ΓûêΓûê        | 79/391 [00:00<00:00, 5503.33it/s, Materializing param=encoder.layer.4.attention.self.value.weight]
Loading weights:  20%|ΓûêΓûê        | 79/391 [00:00<00:00, 5503.33it/s, Materializing param=encoder.layer.4.attention.self.value.weight]
Loading weights:  20%|ΓûêΓûê        | 80/391 [00:00<00:00, 5572.99it/s, Materializing param=encoder.layer.4.intermediate.dense.bias]    
Loading weights:  20%|ΓûêΓûê        | 80/391 [00:00<00:00, 5572.99it/s, Materializing param=encoder.layer.4.intermediate.dense.bias]
Loading weights:  21%|ΓûêΓûê        | 81/391 [00:00<00:00, 5642.66it/s, Materializing param=encoder.layer.4.intermediate.dense.weight]
Loading weights:  21%|ΓûêΓûê        | 81/391 [00:00<00:00, 5642.66it/s, Materializing param=encoder.layer.4.intermediate.dense.weight]
Loading weights:  21%|ΓûêΓûê        | 82/391 [00:00<00:00, 5712.32it/s, Materializing param=encoder.layer.4.output.LayerNorm.bias]    
Loading weights:  21%|ΓûêΓûê        | 82/391 [00:00<00:00, 5712.32it/s, Materializing param=encoder.layer.4.output.LayerNorm.bias]
Loading weights:  21%|ΓûêΓûê        | 83/391 [00:00<00:00, 5580.84it/s, Materializing param=encoder.layer.4.output.LayerNorm.weight]
Loading weights:  21%|ΓûêΓûê        | 83/391 [00:00<00:00, 5580.84it/s, Materializing param=encoder.layer.4.output.LayerNorm.weight]
Loading weights:  21%|ΓûêΓûêΓûÅ       | 84/391 [00:00<00:00, 5648.08it/s, Materializing param=encoder.layer.4.output.dense.bias]      
Loading weights:  21%|ΓûêΓûêΓûÅ       | 84/391 [00:00<00:00, 5648.08it/s, Materializing param=encoder.layer.4.output.dense.bias]
Loading weights:  22%|ΓûêΓûêΓûÅ       | 85/391 [00:00<00:00, 5715.32it/s, Materializing param=encoder.layer.4.output.dense.weight]
Loading weights:  22%|ΓûêΓûêΓûÅ       | 85/391 [00:00<00:00, 5715.32it/s, Materializing param=encoder.layer.4.output.dense.weight]
Loading weights:  22%|ΓûêΓûêΓûÅ       | 86/391 [00:00<00:00, 5782.56it/s, Materializing param=encoder.layer.5.attention.output.LayerNorm.bias]
Loading weights:  22%|ΓûêΓûêΓûÅ       | 86/391 [00:00<00:00, 5782.56it/s, Materializing param=encoder.layer.5.attention.output.LayerNorm.bias]
Loading weights:  22%|ΓûêΓûêΓûÅ       | 87/391 [00:00<00:00, 5849.80it/s, Materializing param=encoder.layer.5.attention.output.LayerNorm.weight]
Loading weights:  22%|ΓûêΓûêΓûÅ       | 87/391 [00:00<00:00, 5849.80it/s, Materializing param=encoder.layer.5.attention.output.LayerNorm.weight]
Loading weights:  23%|ΓûêΓûêΓûÄ       | 88/391 [00:00<00:00, 5917.04it/s, Materializing param=encoder.layer.5.attention.output.dense.bias]      
Loading weights:  23%|ΓûêΓûêΓûÄ       | 88/391 [00:00<00:00, 5917.04it/s, Materializing param=encoder.layer.5.attention.output.dense.bias]
Loading weights:  23%|ΓûêΓûêΓûÄ       | 89/391 [00:00<00:00, 5984.27it/s, Materializing param=encoder.layer.5.attention.output.dense.weight]
Loading weights:  23%|ΓûêΓûêΓûÄ       | 89/391 [00:00<00:00, 5984.27it/s, Materializing param=encoder.layer.5.attention.output.dense.weight]
Loading weights:  23%|ΓûêΓûêΓûÄ       | 90/391 [00:00<00:00, 6051.51it/s, Materializing param=encoder.layer.5.attention.self.key.bias]      
Loading weights:  23%|ΓûêΓûêΓûÄ       | 90/391 [00:00<00:00, 6051.51it/s, Materializing param=encoder.layer.5.attention.self.key.bias]
Loading weights:  23%|ΓûêΓûêΓûÄ       | 91/391 [00:00<00:00, 5913.42it/s, Materializing param=encoder.layer.5.attention.self.key.weight]
Loading weights:  23%|ΓûêΓûêΓûÄ       | 91/391 [00:00<00:00, 5913.42it/s, Materializing param=encoder.layer.5.attention.self.key.weight]
Loading weights:  24%|ΓûêΓûêΓûÄ       | 92/391 [00:00<00:00, 5978.40it/s, Materializing param=encoder.layer.5.attention.self.query.bias]
Loading weights:  24%|ΓûêΓûêΓûÄ       | 92/391 [00:00<00:00, 5978.40it/s, Materializing param=encoder.layer.5.attention.self.query.bias]
Loading weights:  24%|ΓûêΓûêΓûì       | 93/391 [00:00<00:00, 6043.38it/s, Materializing param=encoder.layer.5.attention.self.query.weight]
Loading weights:  24%|ΓûêΓûêΓûì       | 93/391 [00:00<00:00, 6043.38it/s, Materializing param=encoder.layer.5.attention.self.query.weight]
Loading weights:  24%|ΓûêΓûêΓûì       | 94/391 [00:00<00:00, 6108.37it/s, Materializing param=encoder.layer.5.attention.self.value.bias]  
Loading weights:  24%|ΓûêΓûêΓûì       | 94/391 [00:00<00:00, 6108.37it/s, Materializing param=encoder.layer.5.attention.self.value.bias]
Loading weights:  24%|ΓûêΓûêΓûì       | 95/391 [00:00<00:00, 6173.35it/s, Materializing param=encoder.layer.5.attention.self.value.weight]
Loading weights:  24%|ΓûêΓûêΓûì       | 95/391 [00:00<00:00, 6173.35it/s, Materializing param=encoder.layer.5.attention.self.value.weight]
Loading weights:  25%|ΓûêΓûêΓûì       | 96/391 [00:00<00:00, 6238.33it/s, Materializing param=encoder.layer.5.intermediate.dense.bias]    
Loading weights:  25%|ΓûêΓûêΓûì       | 96/391 [00:00<00:00, 6238.33it/s, Materializing param=encoder.layer.5.intermediate.dense.bias]
Loading weights:  25%|ΓûêΓûêΓûì       | 97/391 [00:00<00:00, 6303.32it/s, Materializing param=encoder.layer.5.intermediate.dense.weight]
Loading weights:  25%|ΓûêΓûêΓûì       | 97/391 [00:00<00:00, 6303.32it/s, Materializing param=encoder.layer.5.intermediate.dense.weight]
Loading weights:  25%|ΓûêΓûêΓûî       | 98/391 [00:00<00:00, 6368.30it/s, Materializing param=encoder.layer.5.output.LayerNorm.bias]    
Loading weights:  25%|ΓûêΓûêΓûî       | 98/391 [00:00<00:00, 6368.30it/s, Materializing param=encoder.layer.5.output.LayerNorm.bias]
Loading weights:  25%|ΓûêΓûêΓûî       | 99/391 [00:00<00:00, 6433.28it/s, Materializing param=encoder.layer.5.output.LayerNorm.weight]
Loading weights:  25%|ΓûêΓûêΓûî       | 99/391 [00:00<00:00, 6138.73it/s, Materializing param=encoder.layer.5.output.LayerNorm.weight]
Loading weights:  26%|ΓûêΓûêΓûî       | 100/391 [00:00<00:00, 6200.74it/s, Materializing param=encoder.layer.5.output.dense.bias]     
Loading weights:  26%|ΓûêΓûêΓûî       | 100/391 [00:00<00:00, 6200.74it/s, Materializing param=encoder.layer.5.output.dense.bias]
Loading weights:  26%|ΓûêΓûêΓûî       | 101/391 [00:00<00:00, 6262.75it/s, Materializing param=encoder.layer.5.output.dense.weight]
Loading weights:  26%|ΓûêΓûêΓûî       | 101/391 [00:00<00:00, 6262.75it/s, Materializing param=encoder.layer.5.output.dense.weight]
Loading weights:  26%|ΓûêΓûêΓûî       | 102/391 [00:00<00:00, 6324.75it/s, Materializing param=encoder.layer.6.attention.output.LayerNorm.bias]
Loading weights:  26%|ΓûêΓûêΓûî       | 102/391 [00:00<00:00, 6324.75it/s, Materializing param=encoder.layer.6.attention.output.LayerNorm.bias]
Loading weights:  26%|ΓûêΓûêΓûï       | 103/391 [00:00<00:00, 6386.76it/s, Materializing param=encoder.layer.6.attention.output.LayerNorm.weight]
Loading weights:  26%|ΓûêΓûêΓûï       | 103/391 [00:00<00:00, 6386.76it/s, Materializing param=encoder.layer.6.attention.output.LayerNorm.weight]
Loading weights:  27%|ΓûêΓûêΓûï       | 104/391 [00:00<00:00, 6448.77it/s, Materializing param=encoder.layer.6.attention.output.dense.bias]      
Loading weights:  27%|ΓûêΓûêΓûï       | 104/391 [00:00<00:00, 6448.77it/s, Materializing param=encoder.layer.6.attention.output.dense.bias]
Loading weights:  27%|ΓûêΓûêΓûï       | 105/391 [00:00<00:00, 6510.78it/s, Materializing param=encoder.layer.6.attention.output.dense.weight]
Loading weights:  27%|ΓûêΓûêΓûï       | 105/391 [00:00<00:00, 6510.78it/s, Materializing param=encoder.layer.6.attention.output.dense.weight]
Loading weights:  27%|ΓûêΓûêΓûï       | 106/391 [00:00<00:00, 6572.78it/s, Materializing param=encoder.layer.6.attention.self.key.bias]      
Loading weights:  27%|ΓûêΓûêΓûï       | 106/391 [00:00<00:00, 6572.78it/s, Materializing param=encoder.layer.6.attention.self.key.bias]
Loading weights:  27%|ΓûêΓûêΓûï       | 107/391 [00:00<00:00, 6634.79it/s, Materializing param=encoder.layer.6.attention.self.key.weight]
Loading weights:  27%|ΓûêΓûêΓûï       | 107/391 [00:00<00:00, 6634.79it/s, Materializing param=encoder.layer.6.attention.self.key.weight]
Loading weights:  28%|ΓûêΓûêΓûè       | 108/391 [00:00<00:00, 6414.94it/s, Materializing param=encoder.layer.6.attention.self.query.bias]
Loading weights:  28%|ΓûêΓûêΓûè       | 108/391 [00:00<00:00, 6414.94it/s, Materializing param=encoder.layer.6.attention.self.query.bias]
Loading weights:  28%|ΓûêΓûêΓûè       | 109/391 [00:00<00:00, 6474.34it/s, Materializing param=encoder.layer.6.attention.self.query.weight]
Loading weights:  28%|ΓûêΓûêΓûè       | 109/391 [00:00<00:00, 6474.34it/s, Materializing param=encoder.layer.6.attention.self.query.weight]
Loading weights:  28%|ΓûêΓûêΓûè       | 110/391 [00:00<00:00, 6533.74it/s, Materializing param=encoder.layer.6.attention.self.value.bias]  
Loading weights:  28%|ΓûêΓûêΓûè       | 110/391 [00:00<00:00, 6533.74it/s, Materializing param=encoder.layer.6.attention.self.value.bias]
Loading weights:  28%|ΓûêΓûêΓûè       | 111/391 [00:00<00:00, 6593.14it/s, Materializing param=encoder.layer.6.attention.self.value.weight]
Loading weights:  28%|ΓûêΓûêΓûè       | 111/391 [00:00<00:00, 6593.14it/s, Materializing param=encoder.layer.6.attention.self.value.weight]
Loading weights:  29%|ΓûêΓûêΓûè       | 112/391 [00:00<00:00, 6652.53it/s, Materializing param=encoder.layer.6.intermediate.dense.bias]    
Loading weights:  29%|ΓûêΓûêΓûè       | 112/391 [00:00<00:00, 6652.53it/s, Materializing param=encoder.layer.6.intermediate.dense.bias]
Loading weights:  29%|ΓûêΓûêΓûë       | 113/391 [00:00<00:00, 6711.93it/s, Materializing param=encoder.layer.6.intermediate.dense.weight]
Loading weights:  29%|ΓûêΓûêΓûë       | 113/391 [00:00<00:00, 6711.93it/s, Materializing param=encoder.layer.6.intermediate.dense.weight]
Loading weights:  29%|ΓûêΓûêΓûë       | 114/391 [00:00<00:00, 6771.33it/s, Materializing param=encoder.layer.6.output.LayerNorm.bias]    
Loading weights:  29%|ΓûêΓûêΓûë       | 114/391 [00:00<00:00, 6771.33it/s, Materializing param=encoder.layer.6.output.LayerNorm.bias]
Loading weights:  29%|ΓûêΓûêΓûë       | 115/391 [00:00<00:00, 6830.73it/s, Materializing param=encoder.layer.6.output.LayerNorm.weight]
Loading weights:  29%|ΓûêΓûêΓûë       | 115/391 [00:00<00:00, 6615.44it/s, Materializing param=encoder.layer.6.output.LayerNorm.weight]
Loading weights:  30%|ΓûêΓûêΓûë       | 116/391 [00:00<00:00, 6672.97it/s, Materializing param=encoder.layer.6.output.dense.bias]      
Loading weights:  30%|ΓûêΓûêΓûë       | 116/391 [00:00<00:00, 6672.97it/s, Materializing param=encoder.layer.6.output.dense.bias]
Loading weights:  30%|ΓûêΓûêΓûë       | 117/391 [00:00<00:00, 6730.49it/s, Materializing param=encoder.layer.6.output.dense.weight]
Loading weights:  30%|ΓûêΓûêΓûë       | 117/391 [00:00<00:00, 6730.49it/s, Materializing param=encoder.layer.6.output.dense.weight]
Loading weights:  30%|ΓûêΓûêΓûê       | 118/391 [00:00<00:00, 6788.02it/s, Materializing param=encoder.layer.7.attention.output.LayerNorm.bias]
Loading weights:  30%|ΓûêΓûêΓûê       | 118/391 [00:00<00:00, 6788.02it/s, Materializing param=encoder.layer.7.attention.output.LayerNorm.bias]
Loading weights:  30%|ΓûêΓûêΓûê       | 119/391 [00:00<00:00, 6845.54it/s, Materializing param=encoder.layer.7.attention.output.LayerNorm.weight]
Loading weights:  30%|ΓûêΓûêΓûê       | 119/391 [00:00<00:00, 6845.54it/s, Materializing param=encoder.layer.7.attention.output.LayerNorm.weight]
Loading weights:  31%|ΓûêΓûêΓûê       | 120/391 [00:00<00:00, 6903.07it/s, Materializing param=encoder.layer.7.attention.output.dense.bias]      
Loading weights:  31%|ΓûêΓûêΓûê       | 120/391 [00:00<00:00, 6903.07it/s, Materializing param=encoder.layer.7.attention.output.dense.bias]
Loading weights:  31%|ΓûêΓûêΓûê       | 121/391 [00:00<00:00, 6960.59it/s, Materializing param=encoder.layer.7.attention.output.dense.weight]
Loading weights:  31%|ΓûêΓûêΓûê       | 121/391 [00:00<00:00, 6960.59it/s, Materializing param=encoder.layer.7.attention.output.dense.weight]
Loading weights:  31%|ΓûêΓûêΓûê       | 122/391 [00:00<00:00, 7018.12it/s, Materializing param=encoder.layer.7.attention.self.key.bias]      
Loading weights:  31%|ΓûêΓûêΓûê       | 122/391 [00:00<00:00, 7018.12it/s, Materializing param=encoder.layer.7.attention.self.key.bias]
Loading weights:  31%|ΓûêΓûêΓûêΓûÅ      | 123/391 [00:00<00:00, 6866.85it/s, Materializing param=encoder.layer.7.attention.self.key.weight]
Loading weights:  31%|ΓûêΓûêΓûêΓûÅ      | 123/391 [00:00<00:00, 6866.85it/s, Materializing param=encoder.layer.7.attention.self.key.weight]
Loading weights:  32%|ΓûêΓûêΓûêΓûÅ      | 124/391 [00:00<00:00, 6922.68it/s, Materializing param=encoder.layer.7.attention.self.query.bias]
Loading weights:  32%|ΓûêΓûêΓûêΓûÅ      | 124/391 [00:00<00:00, 6922.68it/s, Materializing param=encoder.layer.7.attention.self.query.bias]
Loading weights:  32%|ΓûêΓûêΓûêΓûÅ      | 125/391 [00:00<00:00, 6978.50it/s, Materializing param=encoder.layer.7.attention.self.query.weight]
Loading weights:  32%|ΓûêΓûêΓûêΓûÅ      | 125/391 [00:00<00:00, 6978.50it/s, Materializing param=encoder.layer.7.attention.self.query.weight]
Loading weights:  32%|ΓûêΓûêΓûêΓûÅ      | 126/391 [00:00<00:00, 7034.33it/s, Materializing param=encoder.layer.7.attention.self.value.bias]  
Loading weights:  32%|ΓûêΓûêΓûêΓûÅ      | 126/391 [00:00<00:00, 7034.33it/s, Materializing param=encoder.layer.7.attention.self.value.bias]
Loading weights:  32%|ΓûêΓûêΓûêΓûÅ      | 127/391 [00:00<00:00, 7090.16it/s, Materializing param=encoder.layer.7.attention.self.value.weight]
Loading weights:  32%|ΓûêΓûêΓûêΓûÅ      | 127/391 [00:00<00:00, 7090.16it/s, Materializing param=encoder.layer.7.attention.self.value.weight]
Loading weights:  33%|ΓûêΓûêΓûêΓûÄ      | 128/391 [00:00<00:00, 7145.99it/s, Materializing param=encoder.layer.7.intermediate.dense.bias]    
Loading weights:  33%|ΓûêΓûêΓûêΓûÄ      | 128/391 [00:00<00:00, 7145.99it/s, Materializing param=encoder.layer.7.intermediate.dense.bias]
Loading weights:  33%|ΓûêΓûêΓûêΓûÄ      | 129/391 [00:00<00:00, 7201.82it/s, Materializing param=encoder.layer.7.intermediate.dense.weight]
Loading weights:  33%|ΓûêΓûêΓûêΓûÄ      | 129/391 [00:00<00:00, 7201.82it/s, Materializing param=encoder.layer.7.intermediate.dense.weight]
Loading weights:  33%|ΓûêΓûêΓûêΓûÄ      | 130/391 [00:00<00:00, 7257.64it/s, Materializing param=encoder.layer.7.output.LayerNorm.bias]    
Loading weights:  33%|ΓûêΓûêΓûêΓûÄ      | 130/391 [00:00<00:00, 7051.35it/s, Materializing param=encoder.layer.7.output.LayerNorm.bias]
Loading weights:  34%|ΓûêΓûêΓûêΓûÄ      | 131/391 [00:00<00:00, 7105.59it/s, Materializing param=encoder.layer.7.output.LayerNorm.weight]
Loading weights:  34%|ΓûêΓûêΓûêΓûÄ      | 131/391 [00:00<00:00, 7105.59it/s, Materializing param=encoder.layer.7.output.LayerNorm.weight]
Loading weights:  34%|ΓûêΓûêΓûêΓûì      | 132/391 [00:00<00:00, 7159.83it/s, Materializing param=encoder.layer.7.output.dense.bias]      
Loading weights:  34%|ΓûêΓûêΓûêΓûì      | 132/391 [00:00<00:00, 7159.83it/s, Materializing param=encoder.layer.7.output.dense.bias]
Loading weights:  34%|ΓûêΓûêΓûêΓûì      | 133/391 [00:00<00:00, 7214.07it/s, Materializing param=encoder.layer.7.output.dense.weight]
Loading weights:  34%|ΓûêΓûêΓûêΓûì      | 133/391 [00:00<00:00, 7214.07it/s, Materializing param=encoder.layer.7.output.dense.weight]
Loading weights:  34%|ΓûêΓûêΓûêΓûì      | 134/391 [00:00<00:00, 7268.31it/s, Materializing param=encoder.layer.8.attention.output.LayerNorm.bias]
Loading weights:  34%|ΓûêΓûêΓûêΓûì      | 134/391 [00:00<00:00, 7268.31it/s, Materializing param=encoder.layer.8.attention.output.LayerNorm.bias]
Loading weights:  35%|ΓûêΓûêΓûêΓûì      | 135/391 [00:00<00:00, 7322.55it/s, Materializing param=encoder.layer.8.attention.output.LayerNorm.weight]
Loading weights:  35%|ΓûêΓûêΓûêΓûì      | 135/391 [00:00<00:00, 7322.55it/s, Materializing param=encoder.layer.8.attention.output.LayerNorm.weight]
Loading weights:  35%|ΓûêΓûêΓûêΓûì      | 136/391 [00:00<00:00, 7376.79it/s, Materializing param=encoder.layer.8.attention.output.dense.bias]      
Loading weights:  35%|ΓûêΓûêΓûêΓûì      | 136/391 [00:00<00:00, 7376.79it/s, Materializing param=encoder.layer.8.attention.output.dense.bias]
Loading weights:  35%|ΓûêΓûêΓûêΓûî      | 137/391 [00:00<00:00, 7431.04it/s, Materializing param=encoder.layer.8.attention.output.dense.weight]
Loading weights:  35%|ΓûêΓûêΓûêΓûî      | 137/391 [00:00<00:00, 7431.04it/s, Materializing param=encoder.layer.8.attention.output.dense.weight]
Loading weights:  35%|ΓûêΓûêΓûêΓûî      | 138/391 [00:00<00:00, 7277.29it/s, Materializing param=encoder.layer.8.attention.self.key.bias]      
Loading weights:  35%|ΓûêΓûêΓûêΓûî      | 138/391 [00:00<00:00, 7277.29it/s, Materializing param=encoder.layer.8.attention.self.key.bias]
Loading weights:  36%|ΓûêΓûêΓûêΓûî      | 139/391 [00:00<00:00, 7330.03it/s, Materializing param=encoder.layer.8.attention.self.key.weight]
Loading weights:  36%|ΓûêΓûêΓûêΓûî      | 139/391 [00:00<00:00, 7330.03it/s, Materializing param=encoder.layer.8.attention.self.key.weight]
Loading weights:  36%|ΓûêΓûêΓûêΓûî      | 140/391 [00:00<00:00, 7382.76it/s, Materializing param=encoder.layer.8.attention.self.query.bias]
Loading weights:  36%|ΓûêΓûêΓûêΓûî      | 140/391 [00:00<00:00, 7382.76it/s, Materializing param=encoder.layer.8.attention.self.query.bias]
Loading weights:  36%|ΓûêΓûêΓûêΓûî      | 141/391 [00:00<00:00, 7435.49it/s, Materializing param=encoder.layer.8.attention.self.query.weight]
Loading weights:  36%|ΓûêΓûêΓûêΓûî      | 141/391 [00:00<00:00, 7435.49it/s, Materializing param=encoder.layer.8.attention.self.query.weight]
Loading weights:  36%|ΓûêΓûêΓûêΓûï      | 142/391 [00:00<00:00, 7488.23it/s, Materializing param=encoder.layer.8.attention.self.value.bias]  
Loading weights:  36%|ΓûêΓûêΓûêΓûï      | 142/391 [00:00<00:00, 7488.23it/s, Materializing param=encoder.layer.8.attention.self.value.bias]
Loading weights:  37%|ΓûêΓûêΓûêΓûï      | 143/391 [00:00<00:00, 7540.96it/s, Materializing param=encoder.layer.8.attention.self.value.weight]
Loading weights:  37%|ΓûêΓûêΓûêΓûï      | 143/391 [00:00<00:00, 7540.96it/s, Materializing param=encoder.layer.8.attention.self.value.weight]
Loading weights:  37%|ΓûêΓûêΓûêΓûï      | 144/391 [00:00<00:00, 7593.70it/s, Materializing param=encoder.layer.8.intermediate.dense.bias]    
Loading weights:  37%|ΓûêΓûêΓûêΓûï      | 144/391 [00:00<00:00, 7593.70it/s, Materializing param=encoder.layer.8.intermediate.dense.bias]
Loading weights:  37%|ΓûêΓûêΓûêΓûï      | 145/391 [00:00<00:00, 7646.43it/s, Materializing param=encoder.layer.8.intermediate.dense.weight]
Loading weights:  37%|ΓûêΓûêΓûêΓûï      | 145/391 [00:00<00:00, 7646.43it/s, Materializing param=encoder.layer.8.intermediate.dense.weight]
Loading weights:  37%|ΓûêΓûêΓûêΓûï      | 146/391 [00:00<00:00, 7492.30it/s, Materializing param=encoder.layer.8.output.LayerNorm.bias]    
Loading weights:  37%|ΓûêΓûêΓûêΓûï      | 146/391 [00:00<00:00, 7492.30it/s, Materializing param=encoder.layer.8.output.LayerNorm.bias]
Loading weights:  38%|ΓûêΓûêΓûêΓûè      | 147/391 [00:00<00:00, 7543.62it/s, Materializing param=encoder.layer.8.output.LayerNorm.weight]
Loading weights:  38%|ΓûêΓûêΓûêΓûè      | 147/391 [00:00<00:00, 7543.62it/s, Materializing param=encoder.layer.8.output.LayerNorm.weight]
Loading weights:  38%|ΓûêΓûêΓûêΓûè      | 148/391 [00:00<00:00, 7594.94it/s, Materializing param=encoder.layer.8.output.dense.bias]      
Loading weights:  38%|ΓûêΓûêΓûêΓûè      | 148/391 [00:00<00:00, 7594.94it/s, Materializing param=encoder.layer.8.output.dense.bias]
Loading weights:  38%|ΓûêΓûêΓûêΓûè      | 149/391 [00:00<00:00, 7646.25it/s, Materializing param=encoder.layer.8.output.dense.weight]
Loading weights:  38%|ΓûêΓûêΓûêΓûè      | 149/391 [00:00<00:00, 7646.25it/s, Materializing param=encoder.layer.8.output.dense.weight]
Loading weights:  38%|ΓûêΓûêΓûêΓûè      | 150/391 [00:00<00:00, 7697.57it/s, Materializing param=encoder.layer.9.attention.output.LayerNorm.bias]
Loading weights:  38%|ΓûêΓûêΓûêΓûè      | 150/391 [00:00<00:00, 7697.57it/s, Materializing param=encoder.layer.9.attention.output.LayerNorm.bias]
Loading weights:  39%|ΓûêΓûêΓûêΓûè      | 151/391 [00:00<00:00, 7748.89it/s, Materializing param=encoder.layer.9.attention.output.LayerNorm.weight]
Loading weights:  39%|ΓûêΓûêΓûêΓûè      | 151/391 [00:00<00:00, 7748.89it/s, Materializing param=encoder.layer.9.attention.output.LayerNorm.weight]
Loading weights:  39%|ΓûêΓûêΓûêΓûë      | 152/391 [00:00<00:00, 7800.21it/s, Materializing param=encoder.layer.9.attention.output.dense.bias]      
Loading weights:  39%|ΓûêΓûêΓûêΓûë      | 152/391 [00:00<00:00, 7597.38it/s, Materializing param=encoder.layer.9.attention.output.dense.bias]
Loading weights:  39%|ΓûêΓûêΓûêΓûë      | 153/391 [00:00<00:00, 7647.36it/s, Materializing param=encoder.layer.9.attention.output.dense.weight]
Loading weights:  39%|ΓûêΓûêΓûêΓûë      | 153/391 [00:00<00:00, 7647.36it/s, Materializing param=encoder.layer.9.attention.output.dense.weight]
Loading weights:  39%|ΓûêΓûêΓûêΓûë      | 154/391 [00:00<00:00, 7697.35it/s, Materializing param=encoder.layer.9.attention.self.key.bias]      
Loading weights:  39%|ΓûêΓûêΓûêΓûë      | 154/391 [00:00<00:00, 7697.35it/s, Materializing param=encoder.layer.9.attention.self.key.bias]
Loading weights:  40%|ΓûêΓûêΓûêΓûë      | 155/391 [00:00<00:00, 7747.33it/s, Materializing param=encoder.layer.9.attention.self.key.weight]
Loading weights:  40%|ΓûêΓûêΓûêΓûë      | 155/391 [00:00<00:00, 7747.33it/s, Materializing param=encoder.layer.9.attention.self.key.weight]
Loading weights:  40%|ΓûêΓûêΓûêΓûë      | 156/391 [00:00<00:00, 7797.31it/s, Materializing param=encoder.layer.9.attention.self.query.bias]
Loading weights:  40%|ΓûêΓûêΓûêΓûë      | 156/391 [00:00<00:00, 7797.31it/s, Materializing param=encoder.layer.9.attention.self.query.bias]
Loading weights:  40%|ΓûêΓûêΓûêΓûê      | 157/391 [00:00<00:00, 7847.29it/s, Materializing param=encoder.layer.9.attention.self.query.weight]
Loading weights:  40%|ΓûêΓûêΓûêΓûê      | 157/391 [00:00<00:00, 7847.29it/s, Materializing param=encoder.layer.9.attention.self.query.weight]
Loading weights:  40%|ΓûêΓûêΓûêΓûê      | 158/391 [00:00<00:00, 7897.28it/s, Materializing param=encoder.layer.9.attention.self.value.bias]  
Loading weights:  40%|ΓûêΓûêΓûêΓûê      | 158/391 [00:00<00:00, 7897.28it/s, Materializing param=encoder.layer.9.attention.self.value.bias]
Loading weights:  41%|ΓûêΓûêΓûêΓûê      | 159/391 [00:00<00:00, 7745.94it/s, Materializing param=encoder.layer.9.attention.self.value.weight]
Loading weights:  41%|ΓûêΓûêΓûêΓûê      | 159/391 [00:00<00:00, 7745.94it/s, Materializing param=encoder.layer.9.attention.self.value.weight]
Loading weights:  41%|ΓûêΓûêΓûêΓûê      | 160/391 [00:00<00:00, 7794.66it/s, Materializing param=encoder.layer.9.intermediate.dense.bias]    
Loading weights:  41%|ΓûêΓûêΓûêΓûê      | 160/391 [00:00<00:00, 7794.66it/s, Materializing param=encoder.layer.9.intermediate.dense.bias]
Loading weights:  41%|ΓûêΓûêΓûêΓûê      | 161/391 [00:00<00:00, 7843.37it/s, Materializing param=encoder.layer.9.intermediate.dense.weight]
Loading weights:  41%|ΓûêΓûêΓûêΓûê      | 161/391 [00:00<00:00, 7843.37it/s, Materializing param=encoder.layer.9.intermediate.dense.weight]
Loading weights:  41%|ΓûêΓûêΓûêΓûêΓûÅ     | 162/391 [00:00<00:00, 7892.09it/s, Materializing param=encoder.layer.9.output.LayerNorm.bias]    
Loading weights:  41%|ΓûêΓûêΓûêΓûêΓûÅ     | 162/391 [00:00<00:00, 7892.09it/s, Materializing param=encoder.layer.9.output.LayerNorm.bias]
Loading weights:  42%|ΓûêΓûêΓûêΓûêΓûÅ     | 163/391 [00:00<00:00, 7940.81it/s, Materializing param=encoder.layer.9.output.LayerNorm.weight]
Loading weights:  42%|ΓûêΓûêΓûêΓûêΓûÅ     | 163/391 [00:00<00:00, 7940.81it/s, Materializing param=encoder.layer.9.output.LayerNorm.weight]
Loading weights:  42%|ΓûêΓûêΓûêΓûêΓûÅ     | 164/391 [00:00<00:00, 7989.52it/s, Materializing param=encoder.layer.9.output.dense.bias]      
Loading weights:  42%|ΓûêΓûêΓûêΓûêΓûÅ     | 164/391 [00:00<00:00, 7792.48it/s, Materializing param=encoder.layer.9.output.dense.bias]
Loading weights:  42%|ΓûêΓûêΓûêΓûêΓûÅ     | 165/391 [00:00<00:00, 7840.00it/s, Materializing param=encoder.layer.9.output.dense.weight]
Loading weights:  42%|ΓûêΓûêΓûêΓûêΓûÅ     | 165/391 [00:00<00:00, 7840.00it/s, Materializing param=encoder.layer.9.output.dense.weight]
Loading weights:  42%|ΓûêΓûêΓûêΓûêΓûÅ     | 166/391 [00:00<00:00, 7887.51it/s, Materializing param=encoder.layer.10.attention.output.LayerNorm.bias]
Loading weights:  42%|ΓûêΓûêΓûêΓûêΓûÅ     | 166/391 [00:00<00:00, 7887.51it/s, Materializing param=encoder.layer.10.attention.output.LayerNorm.bias]
Loading weights:  43%|ΓûêΓûêΓûêΓûêΓûÄ     | 167/391 [00:00<00:00, 7935.03it/s, Materializing param=encoder.layer.10.attention.output.LayerNorm.weight]
Loading weights:  43%|ΓûêΓûêΓûêΓûêΓûÄ     | 167/391 [00:00<00:00, 7935.03it/s, Materializing param=encoder.layer.10.attention.output.LayerNorm.weight]
Loading weights:  43%|ΓûêΓûêΓûêΓûêΓûÄ     | 168/391 [00:00<00:00, 7982.54it/s, Materializing param=encoder.layer.10.attention.output.dense.bias]      
Loading weights:  43%|ΓûêΓûêΓûêΓûêΓûÄ     | 168/391 [00:00<00:00, 7982.54it/s, Materializing param=encoder.layer.10.attention.output.dense.bias]
Loading weights:  43%|ΓûêΓûêΓûêΓûêΓûÄ     | 169/391 [00:00<00:00, 8030.06it/s, Materializing param=encoder.layer.10.attention.output.dense.weight]
Loading weights:  43%|ΓûêΓûêΓûêΓûêΓûÄ     | 169/391 [00:00<00:00, 7836.01it/s, Materializing param=encoder.layer.10.attention.output.dense.weight]
Loading weights:  43%|ΓûêΓûêΓûêΓûêΓûÄ     | 170/391 [00:00<00:00, 7882.37it/s, Materializing param=encoder.layer.10.attention.self.key.bias]      
Loading weights:  43%|ΓûêΓûêΓûêΓûêΓûÄ     | 170/391 [00:00<00:00, 7882.37it/s, Materializing param=encoder.layer.10.attention.self.key.bias]
Loading weights:  44%|ΓûêΓûêΓûêΓûêΓûÄ     | 171/391 [00:00<00:00, 7928.74it/s, Materializing param=encoder.layer.10.attention.self.key.weight]
Loading weights:  44%|ΓûêΓûêΓûêΓûêΓûÄ     | 171/391 [00:00<00:00, 7928.74it/s, Materializing param=encoder.layer.10.attention.self.key.weight]
Loading weights:  44%|ΓûêΓûêΓûêΓûêΓûì     | 172/391 [00:00<00:00, 7975.11it/s, Materializing param=encoder.layer.10.attention.self.query.bias]
Loading weights:  44%|ΓûêΓûêΓûêΓûêΓûì     | 172/391 [00:00<00:00, 7975.11it/s, Materializing param=encoder.layer.10.attention.self.query.bias]
Loading weights:  44%|ΓûêΓûêΓûêΓûêΓûì     | 173/391 [00:00<00:00, 8021.47it/s, Materializing param=encoder.layer.10.attention.self.query.weight]
Loading weights:  44%|ΓûêΓûêΓûêΓûêΓûì     | 173/391 [00:00<00:00, 8021.47it/s, Materializing param=encoder.layer.10.attention.self.query.weight]
Loading weights:  45%|ΓûêΓûêΓûêΓûêΓûì     | 174/391 [00:00<00:00, 8067.84it/s, Materializing param=encoder.layer.10.attention.self.value.bias]  
Loading weights:  45%|ΓûêΓûêΓûêΓûêΓûì     | 174/391 [00:00<00:00, 8067.84it/s, Materializing param=encoder.layer.10.attention.self.value.bias]
Loading weights:  45%|ΓûêΓûêΓûêΓûêΓûì     | 175/391 [00:00<00:00, 8114.21it/s, Materializing param=encoder.layer.10.attention.self.value.weight]
Loading weights:  45%|ΓûêΓûêΓûêΓûêΓûì     | 175/391 [00:00<00:00, 8114.21it/s, Materializing param=encoder.layer.10.attention.self.value.weight]
Loading weights:  45%|ΓûêΓûêΓûêΓûêΓûî     | 176/391 [00:00<00:00, 8160.58it/s, Materializing param=encoder.layer.10.intermediate.dense.bias]    
Loading weights:  45%|ΓûêΓûêΓûêΓûêΓûî     | 176/391 [00:00<00:00, 8160.58it/s, Materializing param=encoder.layer.10.intermediate.dense.bias]
Loading weights:  45%|ΓûêΓûêΓûêΓûêΓûî     | 177/391 [00:00<00:00, 8013.99it/s, Materializing param=encoder.layer.10.intermediate.dense.weight]
Loading weights:  45%|ΓûêΓûêΓûêΓûêΓûî     | 177/391 [00:00<00:00, 8013.99it/s, Materializing param=encoder.layer.10.intermediate.dense.weight]
Loading weights:  46%|ΓûêΓûêΓûêΓûêΓûî     | 178/391 [00:00<00:00, 8059.26it/s, Materializing param=encoder.layer.10.output.LayerNorm.bias]    
Loading weights:  46%|ΓûêΓûêΓûêΓûêΓûî     | 178/391 [00:00<00:00, 8059.26it/s, Materializing param=encoder.layer.10.output.LayerNorm.bias]
Loading weights:  46%|ΓûêΓûêΓûêΓûêΓûî     | 179/391 [00:00<00:00, 8104.54it/s, Materializing param=encoder.layer.10.output.LayerNorm.weight]
Loading weights:  46%|ΓûêΓûêΓûêΓûêΓûî     | 179/391 [00:00<00:00, 8104.54it/s, Materializing param=encoder.layer.10.output.LayerNorm.weight]
Loading weights:  46%|ΓûêΓûêΓûêΓûêΓûî     | 180/391 [00:00<00:00, 8149.82it/s, Materializing param=encoder.layer.10.output.dense.bias]      
Loading weights:  46%|ΓûêΓûêΓûêΓûêΓûî     | 180/391 [00:00<00:00, 8149.82it/s, Materializing param=encoder.layer.10.output.dense.bias]
Loading weights:  46%|ΓûêΓûêΓûêΓûêΓûï     | 181/391 [00:00<00:00, 8195.10it/s, Materializing param=encoder.layer.10.output.dense.weight]
Loading weights:  46%|ΓûêΓûêΓûêΓûêΓûï     | 181/391 [00:00<00:00, 8195.10it/s, Materializing param=encoder.layer.10.output.dense.weight]
Loading weights:  47%|ΓûêΓûêΓûêΓûêΓûï     | 182/391 [00:00<00:00, 8240.37it/s, Materializing param=encoder.layer.11.attention.output.LayerNorm.bias]
Loading weights:  47%|ΓûêΓûêΓûêΓûêΓûï     | 182/391 [00:00<00:00, 8240.37it/s, Materializing param=encoder.layer.11.attention.output.LayerNorm.bias]
Loading weights:  47%|ΓûêΓûêΓûêΓûêΓûï     | 183/391 [00:00<00:00, 8096.00it/s, Materializing param=encoder.layer.11.attention.output.LayerNorm.weight]
Loading weights:  47%|ΓûêΓûêΓûêΓûêΓûï     | 183/391 [00:00<00:00, 8096.00it/s, Materializing param=encoder.layer.11.attention.output.LayerNorm.weight]
Loading weights:  47%|ΓûêΓûêΓûêΓûêΓûï     | 184/391 [00:00<00:00, 8140.24it/s, Materializing param=encoder.layer.11.attention.output.dense.bias]      
Loading weights:  47%|ΓûêΓûêΓûêΓûêΓûï     | 184/391 [00:00<00:00, 8140.24it/s, Materializing param=encoder.layer.11.attention.output.dense.bias]
Loading weights:  47%|ΓûêΓûêΓûêΓûêΓûï     | 185/391 [00:00<00:00, 8184.48it/s, Materializing param=encoder.layer.11.attention.output.dense.weight]
Loading weights:  47%|ΓûêΓûêΓûêΓûêΓûï     | 185/391 [00:00<00:00, 8184.48it/s, Materializing param=encoder.layer.11.attention.output.dense.weight]
Loading weights:  48%|ΓûêΓûêΓûêΓûêΓûè     | 186/391 [00:00<00:00, 8228.72it/s, Materializing param=encoder.layer.11.attention.self.key.bias]      
Loading weights:  48%|ΓûêΓûêΓûêΓûêΓûè     | 186/391 [00:00<00:00, 8228.72it/s, Materializing param=encoder.layer.11.attention.self.key.bias]
Loading weights:  48%|ΓûêΓûêΓûêΓûêΓûè     | 187/391 [00:00<00:00, 8272.96it/s, Materializing param=encoder.layer.11.attention.self.key.weight]
Loading weights:  48%|ΓûêΓûêΓûêΓûêΓûè     | 187/391 [00:00<00:00, 8272.96it/s, Materializing param=encoder.layer.11.attention.self.key.weight]
Loading weights:  48%|ΓûêΓûêΓûêΓûêΓûè     | 188/391 [00:00<00:00, 8317.20it/s, Materializing param=encoder.layer.11.attention.self.query.bias]
Loading weights:  48%|ΓûêΓûêΓûêΓûêΓûè     | 188/391 [00:00<00:00, 8317.20it/s, Materializing param=encoder.layer.11.attention.self.query.bias]
Loading weights:  48%|ΓûêΓûêΓûêΓûêΓûè     | 189/391 [00:00<00:00, 8361.44it/s, Materializing param=encoder.layer.11.attention.self.query.weight]
Loading weights:  48%|ΓûêΓûêΓûêΓûêΓûè     | 189/391 [00:00<00:00, 8361.44it/s, Materializing param=encoder.layer.11.attention.self.query.weight]
Loading weights:  49%|ΓûêΓûêΓûêΓûêΓûè     | 190/391 [00:00<00:00, 8405.68it/s, Materializing param=encoder.layer.11.attention.self.value.bias]  
Loading weights:  49%|ΓûêΓûêΓûêΓûêΓûè     | 190/391 [00:00<00:00, 8405.68it/s, Materializing param=encoder.layer.11.attention.self.value.bias]
Loading weights:  49%|ΓûêΓûêΓûêΓûêΓûë     | 191/391 [00:00<00:00, 8262.04it/s, Materializing param=encoder.layer.11.attention.self.value.weight]
Loading weights:  49%|ΓûêΓûêΓûêΓûêΓûë     | 191/391 [00:00<00:00, 8262.04it/s, Materializing param=encoder.layer.11.attention.self.value.weight]
Loading weights:  49%|ΓûêΓûêΓûêΓûêΓûë     | 192/391 [00:00<00:00, 8305.30it/s, Materializing param=encoder.layer.11.intermediate.dense.bias]    
Loading weights:  49%|ΓûêΓûêΓûêΓûêΓûë     | 192/391 [00:00<00:00, 8305.30it/s, Materializing param=encoder.layer.11.intermediate.dense.bias]
Loading weights:  49%|ΓûêΓûêΓûêΓûêΓûë     | 193/391 [00:00<00:00, 8348.55it/s, Materializing param=encoder.layer.11.intermediate.dense.weight]
Loading weights:  49%|ΓûêΓûêΓûêΓûêΓûë     | 193/391 [00:00<00:00, 8348.55it/s, Materializing param=encoder.layer.11.intermediate.dense.weight]
Loading weights:  50%|ΓûêΓûêΓûêΓûêΓûë     | 194/391 [00:00<00:00, 8391.81it/s, Materializing param=encoder.layer.11.output.LayerNorm.bias]    
Loading weights:  50%|ΓûêΓûêΓûêΓûêΓûë     | 194/391 [00:00<00:00, 8391.81it/s, Materializing param=encoder.layer.11.output.LayerNorm.bias]
Loading weights:  50%|ΓûêΓûêΓûêΓûêΓûë     | 195/391 [00:00<00:00, 8435.07it/s, Materializing param=encoder.layer.11.output.LayerNorm.weight]
Loading weights:  50%|ΓûêΓûêΓûêΓûêΓûë     | 195/391 [00:00<00:00, 8435.07it/s, Materializing param=encoder.layer.11.output.LayerNorm.weight]
Loading weights:  50%|ΓûêΓûêΓûêΓûêΓûê     | 196/391 [00:00<00:00, 8478.32it/s, Materializing param=encoder.layer.11.output.dense.bias]      
Loading weights:  50%|ΓûêΓûêΓûêΓûêΓûê     | 196/391 [00:00<00:00, 8478.32it/s, Materializing param=encoder.layer.11.output.dense.bias]
Loading weights:  50%|ΓûêΓûêΓûêΓûêΓûê     | 197/391 [00:00<00:00, 8521.58it/s, Materializing param=encoder.layer.11.output.dense.weight]
Loading weights:  50%|ΓûêΓûêΓûêΓûêΓûê     | 197/391 [00:00<00:00, 8521.58it/s, Materializing param=encoder.layer.11.output.dense.weight]
Loading weights:  51%|ΓûêΓûêΓûêΓûêΓûê     | 198/391 [00:00<00:00, 8564.84it/s, Materializing param=encoder.layer.12.attention.output.LayerNorm.bias]
Loading weights:  51%|ΓûêΓûêΓûêΓûêΓûê     | 198/391 [00:00<00:00, 8564.84it/s, Materializing param=encoder.layer.12.attention.output.LayerNorm.bias]
Loading weights:  51%|ΓûêΓûêΓûêΓûêΓûê     | 199/391 [00:00<00:00, 8420.68it/s, Materializing param=encoder.layer.12.attention.output.LayerNorm.weight]
Loading weights:  51%|ΓûêΓûêΓûêΓûêΓûê     | 199/391 [00:00<00:00, 8420.68it/s, Materializing param=encoder.layer.12.attention.output.LayerNorm.weight]
Loading weights:  51%|ΓûêΓûêΓûêΓûêΓûê     | 200/391 [00:00<00:00, 8463.00it/s, Materializing param=encoder.layer.12.attention.output.dense.bias]      
Loading weights:  51%|ΓûêΓûêΓûêΓûêΓûê     | 200/391 [00:00<00:00, 8463.00it/s, Materializing param=encoder.layer.12.attention.output.dense.bias]
Loading weights:  51%|ΓûêΓûêΓûêΓûêΓûêΓûÅ    | 201/391 [00:00<00:00, 8505.31it/s, Materializing param=encoder.layer.12.attention.output.dense.weight]
Loading weights:  51%|ΓûêΓûêΓûêΓûêΓûêΓûÅ    | 201/391 [00:00<00:00, 8505.31it/s, Materializing param=encoder.layer.12.attention.output.dense.weight]
Loading weights:  52%|ΓûêΓûêΓûêΓûêΓûêΓûÅ    | 202/391 [00:00<00:00, 8547.63it/s, Materializing param=encoder.layer.12.attention.self.key.bias]      
Loading weights:  52%|ΓûêΓûêΓûêΓûêΓûêΓûÅ    | 202/391 [00:00<00:00, 8547.63it/s, Materializing param=encoder.layer.12.attention.self.key.bias]
Loading weights:  52%|ΓûêΓûêΓûêΓûêΓûêΓûÅ    | 203/391 [00:00<00:00, 8589.94it/s, Materializing param=encoder.layer.12.attention.self.key.weight]
Loading weights:  52%|ΓûêΓûêΓûêΓûêΓûêΓûÅ    | 203/391 [00:00<00:00, 8589.94it/s, Materializing param=encoder.layer.12.attention.self.key.weight]
Loading weights:  52%|ΓûêΓûêΓûêΓûêΓûêΓûÅ    | 204/391 [00:00<00:00, 8632.26it/s, Materializing param=encoder.layer.12.attention.self.query.bias]
Loading weights:  52%|ΓûêΓûêΓûêΓûêΓûêΓûÅ    | 204/391 [00:00<00:00, 8448.08it/s, Materializing param=encoder.layer.12.attention.self.query.bias]
Loading weights:  52%|ΓûêΓûêΓûêΓûêΓûêΓûÅ    | 205/391 [00:00<00:00, 8489.49it/s, Materializing param=encoder.layer.12.attention.self.query.weight]
Loading weights:  52%|ΓûêΓûêΓûêΓûêΓûêΓûÅ    | 205/391 [00:00<00:00, 8489.49it/s, Materializing param=encoder.layer.12.attention.self.query.weight]
Loading weights:  53%|ΓûêΓûêΓûêΓûêΓûêΓûÄ    | 206/391 [00:00<00:00, 8530.90it/s, Materializing param=encoder.layer.12.attention.self.value.bias]  
Loading weights:  53%|ΓûêΓûêΓûêΓûêΓûêΓûÄ    | 206/391 [00:00<00:00, 8530.90it/s, Materializing param=encoder.layer.12.attention.self.value.bias]
Loading weights:  53%|ΓûêΓûêΓûêΓûêΓûêΓûÄ    | 207/391 [00:00<00:00, 8572.31it/s, Materializing param=encoder.layer.12.attention.self.value.weight]
Loading weights:  53%|ΓûêΓûêΓûêΓûêΓûêΓûÄ    | 207/391 [00:00<00:00, 8572.31it/s, Materializing param=encoder.layer.12.attention.self.value.weight]
Loading weights:  53%|ΓûêΓûêΓûêΓûêΓûêΓûÄ    | 208/391 [00:00<00:00, 8613.72it/s, Materializing param=encoder.layer.12.intermediate.dense.bias]    
Loading weights:  53%|ΓûêΓûêΓûêΓûêΓûêΓûÄ    | 208/391 [00:00<00:00, 8613.72it/s, Materializing param=encoder.layer.12.intermediate.dense.bias]
Loading weights:  53%|ΓûêΓûêΓûêΓûêΓûêΓûÄ    | 209/391 [00:00<00:00, 8655.14it/s, Materializing param=encoder.layer.12.intermediate.dense.weight]
Loading weights:  53%|ΓûêΓûêΓûêΓûêΓûêΓûÄ    | 209/391 [00:00<00:00, 8655.14it/s, Materializing param=encoder.layer.12.intermediate.dense.weight]
Loading weights:  54%|ΓûêΓûêΓûêΓûêΓûêΓûÄ    | 210/391 [00:00<00:00, 8696.55it/s, Materializing param=encoder.layer.12.output.LayerNorm.bias]    
Loading weights:  54%|ΓûêΓûêΓûêΓûêΓûêΓûÄ    | 210/391 [00:00<00:00, 8696.55it/s, Materializing param=encoder.layer.12.output.LayerNorm.bias]
Loading weights:  54%|ΓûêΓûêΓûêΓûêΓûêΓûì    | 211/391 [00:00<00:00, 8554.18it/s, Materializing param=encoder.layer.12.output.LayerNorm.weight]
Loading weights:  54%|ΓûêΓûêΓûêΓûêΓûêΓûì    | 211/391 [00:00<00:00, 8554.18it/s, Materializing param=encoder.layer.12.output.LayerNorm.weight]
Loading weights:  54%|ΓûêΓûêΓûêΓûêΓûêΓûì    | 212/391 [00:00<00:00, 8594.72it/s, Materializing param=encoder.layer.12.output.dense.bias]      
Loading weights:  54%|ΓûêΓûêΓûêΓûêΓûêΓûì    | 212/391 [00:00<00:00, 8594.72it/s, Materializing param=encoder.layer.12.output.dense.bias]
Loading weights:  54%|ΓûêΓûêΓûêΓûêΓûêΓûì    | 213/391 [00:00<00:00, 8635.26it/s, Materializing param=encoder.layer.12.output.dense.weight]
Loading weights:  54%|ΓûêΓûêΓûêΓûêΓûêΓûì    | 213/391 [00:00<00:00, 8635.26it/s, Materializing param=encoder.layer.12.output.dense.weight]
Loading weights:  55%|ΓûêΓûêΓûêΓûêΓûêΓûì    | 214/391 [00:00<00:00, 8675.80it/s, Materializing param=encoder.layer.13.attention.output.LayerNorm.bias]
Loading weights:  55%|ΓûêΓûêΓûêΓûêΓûêΓûì    | 214/391 [00:00<00:00, 8675.80it/s, Materializing param=encoder.layer.13.attention.output.LayerNorm.bias]
Loading weights:  55%|ΓûêΓûêΓûêΓûêΓûêΓûì    | 215/391 [00:00<00:00, 8716.34it/s, Materializing param=encoder.layer.13.attention.output.LayerNorm.weight]
Loading weights:  55%|ΓûêΓûêΓûêΓûêΓûêΓûì    | 215/391 [00:00<00:00, 8716.34it/s, Materializing param=encoder.layer.13.attention.output.LayerNorm.weight]
Loading weights:  55%|ΓûêΓûêΓûêΓûêΓûêΓûî    | 216/391 [00:00<00:00, 8756.88it/s, Materializing param=encoder.layer.13.attention.output.dense.bias]      
Loading weights:  55%|ΓûêΓûêΓûêΓûêΓûêΓûî    | 216/391 [00:00<00:00, 8756.88it/s, Materializing param=encoder.layer.13.attention.output.dense.bias]
Loading weights:  55%|ΓûêΓûêΓûêΓûêΓûêΓûî    | 217/391 [00:00<00:00, 8797.42it/s, Materializing param=encoder.layer.13.attention.output.dense.weight]
Loading weights:  55%|ΓûêΓûêΓûêΓûêΓûêΓûî    | 217/391 [00:00<00:00, 8797.42it/s, Materializing param=encoder.layer.13.attention.output.dense.weight]
Loading weights:  56%|ΓûêΓûêΓûêΓûêΓûêΓûî    | 218/391 [00:00<00:00, 8655.74it/s, Materializing param=encoder.layer.13.attention.self.key.bias]      
Loading weights:  56%|ΓûêΓûêΓûêΓûêΓûêΓûî    | 218/391 [00:00<00:00, 8655.74it/s, Materializing param=encoder.layer.13.attention.self.key.bias]
Loading weights:  56%|ΓûêΓûêΓûêΓûêΓûêΓûî    | 219/391 [00:00<00:00, 8695.45it/s, Materializing param=encoder.layer.13.attention.self.key.weight]
Loading weights:  56%|ΓûêΓûêΓûêΓûêΓûêΓûî    | 219/391 [00:00<00:00, 8695.45it/s, Materializing param=encoder.layer.13.attention.self.key.weight]
Loading weights:  56%|ΓûêΓûêΓûêΓûêΓûêΓûï    | 220/391 [00:00<00:00, 8735.16it/s, Materializing param=encoder.layer.13.attention.self.query.bias]
Loading weights:  56%|ΓûêΓûêΓûêΓûêΓûêΓûï    | 220/391 [00:00<00:00, 8735.16it/s, Materializing param=encoder.layer.13.attention.self.query.bias]
Loading weights:  57%|ΓûêΓûêΓûêΓûêΓûêΓûï    | 221/391 [00:00<00:00, 8774.86it/s, Materializing param=encoder.layer.13.attention.self.query.weight]
Loading weights:  57%|ΓûêΓûêΓûêΓûêΓûêΓûï    | 221/391 [00:00<00:00, 8774.86it/s, Materializing param=encoder.layer.13.attention.self.query.weight]
Loading weights:  57%|ΓûêΓûêΓûêΓûêΓûêΓûï    | 222/391 [00:00<00:00, 8814.57it/s, Materializing param=encoder.layer.13.attention.self.value.bias]  
Loading weights:  57%|ΓûêΓûêΓûêΓûêΓûêΓûï    | 222/391 [00:00<00:00, 8814.57it/s, Materializing param=encoder.layer.13.attention.self.value.bias]
Loading weights:  57%|ΓûêΓûêΓûêΓûêΓûêΓûï    | 223/391 [00:00<00:00, 8854.27it/s, Materializing param=encoder.layer.13.attention.self.value.weight]
Loading weights:  57%|ΓûêΓûêΓûêΓûêΓûêΓûï    | 223/391 [00:00<00:00, 8854.27it/s, Materializing param=encoder.layer.13.attention.self.value.weight]
Loading weights:  57%|ΓûêΓûêΓûêΓûêΓûêΓûï    | 224/391 [00:00<00:00, 8893.98it/s, Materializing param=encoder.layer.13.intermediate.dense.bias]    
Loading weights:  57%|ΓûêΓûêΓûêΓûêΓûêΓûï    | 224/391 [00:00<00:00, 8893.98it/s, Materializing param=encoder.layer.13.intermediate.dense.bias]
Loading weights:  58%|ΓûêΓûêΓûêΓûêΓûêΓûè    | 225/391 [00:00<00:00, 8933.68it/s, Materializing param=encoder.layer.13.intermediate.dense.weight]
Loading weights:  58%|ΓûêΓûêΓûêΓûêΓûêΓûè    | 225/391 [00:00<00:00, 8757.19it/s, Materializing param=encoder.layer.13.intermediate.dense.weight]
Loading weights:  58%|ΓûêΓûêΓûêΓûêΓûêΓûè    | 226/391 [00:00<00:00, 8796.11it/s, Materializing param=encoder.layer.13.output.LayerNorm.bias]    
Loading weights:  58%|ΓûêΓûêΓûêΓûêΓûêΓûè    | 226/391 [00:00<00:00, 8796.11it/s, Materializing param=encoder.layer.13.output.LayerNorm.bias]
Loading weights:  58%|ΓûêΓûêΓûêΓûêΓûêΓûè    | 227/391 [00:00<00:00, 8835.03it/s, Materializing param=encoder.layer.13.output.LayerNorm.weight]
Loading weights:  58%|ΓûêΓûêΓûêΓûêΓûêΓûè    | 227/391 [00:00<00:00, 8835.03it/s, Materializing param=encoder.layer.13.output.LayerNorm.weight]
Loading weights:  58%|ΓûêΓûêΓûêΓûêΓûêΓûè    | 228/391 [00:00<00:00, 8873.95it/s, Materializing param=encoder.layer.13.output.dense.bias]      
Loading weights:  58%|ΓûêΓûêΓûêΓûêΓûêΓûè    | 228/391 [00:00<00:00, 8873.95it/s, Materializing param=encoder.layer.13.output.dense.bias]
Loading weights:  59%|ΓûêΓûêΓûêΓûêΓûêΓûè    | 229/391 [00:00<00:00, 8912.87it/s, Materializing param=encoder.layer.13.output.dense.weight]
Loading weights:  59%|ΓûêΓûêΓûêΓûêΓûêΓûè    | 229/391 [00:00<00:00, 8912.87it/s, Materializing param=encoder.layer.13.output.dense.weight]
Loading weights:  59%|ΓûêΓûêΓûêΓûêΓûêΓûë    | 230/391 [00:00<00:00, 8951.79it/s, Materializing param=encoder.layer.14.attention.output.LayerNorm.bias]
Loading weights:  59%|ΓûêΓûêΓûêΓûêΓûêΓûë    | 230/391 [00:00<00:00, 8951.79it/s, Materializing param=encoder.layer.14.attention.output.LayerNorm.bias]
Loading weights:  59%|ΓûêΓûêΓûêΓûêΓûêΓûë    | 231/391 [00:00<00:00, 8990.71it/s, Materializing param=encoder.layer.14.attention.output.LayerNorm.weight]
Loading weights:  59%|ΓûêΓûêΓûêΓûêΓûêΓûë    | 231/391 [00:00<00:00, 8990.71it/s, Materializing param=encoder.layer.14.attention.output.LayerNorm.weight]
Loading weights:  59%|ΓûêΓûêΓûêΓûêΓûêΓûë    | 232/391 [00:00<00:00, 9029.63it/s, Materializing param=encoder.layer.14.attention.output.dense.bias]      
Loading weights:  59%|ΓûêΓûêΓûêΓûêΓûêΓûë    | 232/391 [00:00<00:00, 9029.63it/s, Materializing param=encoder.layer.14.attention.output.dense.bias]
Loading weights:  60%|ΓûêΓûêΓûêΓûêΓûêΓûë    | 233/391 [00:00<00:00, 9068.56it/s, Materializing param=encoder.layer.14.attention.output.dense.weight]
Loading weights:  60%|ΓûêΓûêΓûêΓûêΓûêΓûë    | 233/391 [00:00<00:00, 8889.63it/s, Materializing param=encoder.layer.14.attention.output.dense.weight]
Loading weights:  60%|ΓûêΓûêΓûêΓûêΓûêΓûë    | 234/391 [00:00<00:00, 8927.79it/s, Materializing param=encoder.layer.14.attention.self.key.bias]      
Loading weights:  60%|ΓûêΓûêΓûêΓûêΓûêΓûë    | 234/391 [00:00<00:00, 8927.79it/s, Materializing param=encoder.layer.14.attention.self.key.bias]
Loading weights:  60%|ΓûêΓûêΓûêΓûêΓûêΓûê    | 235/391 [00:00<00:00, 8965.94it/s, Materializing param=encoder.layer.14.attention.self.key.weight]
Loading weights:  60%|ΓûêΓûêΓûêΓûêΓûêΓûê    | 235/391 [00:00<00:00, 8965.94it/s, Materializing param=encoder.layer.14.attention.self.key.weight]
Loading weights:  60%|ΓûêΓûêΓûêΓûêΓûêΓûê    | 236/391 [00:00<00:00, 9004.09it/s, Materializing param=encoder.layer.14.attention.self.query.bias]
Loading weights:  60%|ΓûêΓûêΓûêΓûêΓûêΓûê    | 236/391 [00:00<00:00, 9004.09it/s, Materializing param=encoder.layer.14.attention.self.query.bias]
Loading weights:  61%|ΓûêΓûêΓûêΓûêΓûêΓûê    | 237/391 [00:00<00:00, 9042.24it/s, Materializing param=encoder.layer.14.attention.self.query.weight]
Loading weights:  61%|ΓûêΓûêΓûêΓûêΓûêΓûê    | 237/391 [00:00<00:00, 9042.24it/s, Materializing param=encoder.layer.14.attention.self.query.weight]
Loading weights:  61%|ΓûêΓûêΓûêΓûêΓûêΓûê    | 238/391 [00:00<00:00, 9080.40it/s, Materializing param=encoder.layer.14.attention.self.value.bias]  
Loading weights:  61%|ΓûêΓûêΓûêΓûêΓûêΓûê    | 238/391 [00:00<00:00, 9080.40it/s, Materializing param=encoder.layer.14.attention.self.value.bias]
Loading weights:  61%|ΓûêΓûêΓûêΓûêΓûêΓûê    | 239/391 [00:00<00:00, 9118.55it/s, Materializing param=encoder.layer.14.attention.self.value.weight]
Loading weights:  61%|ΓûêΓûêΓûêΓûêΓûêΓûê    | 239/391 [00:00<00:00, 9118.55it/s, Materializing param=encoder.layer.14.attention.self.value.weight]
Loading weights:  61%|ΓûêΓûêΓûêΓûêΓûêΓûêΓûÅ   | 240/391 [00:00<00:00, 9156.70it/s, Materializing param=encoder.layer.14.intermediate.dense.bias]    
Loading weights:  61%|ΓûêΓûêΓûêΓûêΓûêΓûêΓûÅ   | 240/391 [00:00<00:00, 9156.70it/s, Materializing param=encoder.layer.14.intermediate.dense.bias]
Loading weights:  62%|ΓûêΓûêΓûêΓûêΓûêΓûêΓûÅ   | 241/391 [00:00<00:00, 9018.32it/s, Materializing param=encoder.layer.14.intermediate.dense.weight]
Loading weights:  62%|ΓûêΓûêΓûêΓûêΓûêΓûêΓûÅ   | 241/391 [00:00<00:00, 9018.32it/s, Materializing param=encoder.layer.14.intermediate.dense.weight]
Loading weights:  62%|ΓûêΓûêΓûêΓûêΓûêΓûêΓûÅ   | 242/391 [00:00<00:00, 9055.74it/s, Materializing param=encoder.layer.14.output.LayerNorm.bias]    
Loading weights:  62%|ΓûêΓûêΓûêΓûêΓûêΓûêΓûÅ   | 242/391 [00:00<00:00, 9055.74it/s, Materializing param=encoder.layer.14.output.LayerNorm.bias]
Loading weights:  62%|ΓûêΓûêΓûêΓûêΓûêΓûêΓûÅ   | 243/391 [00:00<00:00, 9093.16it/s, Materializing param=encoder.layer.14.output.LayerNorm.weight]
Loading weights:  62%|ΓûêΓûêΓûêΓûêΓûêΓûêΓûÅ   | 243/391 [00:00<00:00, 9093.16it/s, Materializing param=encoder.layer.14.output.LayerNorm.weight]
Loading weights:  62%|ΓûêΓûêΓûêΓûêΓûêΓûêΓûÅ   | 244/391 [00:00<00:00, 9130.58it/s, Materializing param=encoder.layer.14.output.dense.bias]      
Loading weights:  62%|ΓûêΓûêΓûêΓûêΓûêΓûêΓûÅ   | 244/391 [00:00<00:00, 9130.58it/s, Materializing param=encoder.layer.14.output.dense.bias]
Loading weights:  63%|ΓûêΓûêΓûêΓûêΓûêΓûêΓûÄ   | 245/391 [00:00<00:00, 9168.00it/s, Materializing param=encoder.layer.14.output.dense.weight]
Loading weights:  63%|ΓûêΓûêΓûêΓûêΓûêΓûêΓûÄ   | 245/391 [00:00<00:00, 9168.00it/s, Materializing param=encoder.layer.14.output.dense.weight]
Loading weights:  63%|ΓûêΓûêΓûêΓûêΓûêΓûêΓûÄ   | 246/391 [00:00<00:00, 9205.42it/s, Materializing param=encoder.layer.15.attention.output.LayerNorm.bias]
Loading weights:  63%|ΓûêΓûêΓûêΓûêΓûêΓûêΓûÄ   | 246/391 [00:00<00:00, 9205.42it/s, Materializing param=encoder.layer.15.attention.output.LayerNorm.bias]
Loading weights:  63%|ΓûêΓûêΓûêΓûêΓûêΓûêΓûÄ   | 247/391 [00:00<00:00, 9242.84it/s, Materializing param=encoder.layer.15.attention.output.LayerNorm.weight]
Loading weights:  63%|ΓûêΓûêΓûêΓûêΓûêΓûêΓûÄ   | 247/391 [00:00<00:00, 9242.84it/s, Materializing param=encoder.layer.15.attention.output.LayerNorm.weight]
Loading weights:  63%|ΓûêΓûêΓûêΓûêΓûêΓûêΓûÄ   | 248/391 [00:00<00:00, 9280.26it/s, Materializing param=encoder.layer.15.attention.output.dense.bias]      
Loading weights:  63%|ΓûêΓûêΓûêΓûêΓûêΓûêΓûÄ   | 248/391 [00:00<00:00, 9280.26it/s, Materializing param=encoder.layer.15.attention.output.dense.bias]
Loading weights:  64%|ΓûêΓûêΓûêΓûêΓûêΓûêΓûÄ   | 249/391 [00:00<00:00, 9317.68it/s, Materializing param=encoder.layer.15.attention.output.dense.weight]
Loading weights:  64%|ΓûêΓûêΓûêΓûêΓûêΓûêΓûÄ   | 249/391 [00:00<00:00, 9317.68it/s, Materializing param=encoder.layer.15.attention.output.dense.weight]
Loading weights:  64%|ΓûêΓûêΓûêΓûêΓûêΓûêΓûì   | 250/391 [00:00<00:00, 9355.10it/s, Materializing param=encoder.layer.15.attention.self.key.bias]      
Loading weights:  64%|ΓûêΓûêΓûêΓûêΓûêΓûêΓûì   | 250/391 [00:00<00:00, 9355.10it/s, Materializing param=encoder.layer.15.attention.self.key.bias]
Loading weights:  64%|ΓûêΓûêΓûêΓûêΓûêΓûêΓûì   | 251/391 [00:00<00:00, 9392.52it/s, Materializing param=encoder.layer.15.attention.self.key.weight]
Loading weights:  64%|ΓûêΓûêΓûêΓûêΓûêΓûêΓûì   | 251/391 [00:00<00:00, 9392.52it/s, Materializing param=encoder.layer.15.attention.self.key.weight]
Loading weights:  64%|ΓûêΓûêΓûêΓûêΓûêΓûêΓûì   | 252/391 [00:00<00:00, 9429.94it/s, Materializing param=encoder.layer.15.attention.self.query.bias]
Loading weights:  64%|ΓûêΓûêΓûêΓûêΓûêΓûêΓûì   | 252/391 [00:00<00:00, 9429.94it/s, Materializing param=encoder.layer.15.attention.self.query.bias]
Loading weights:  65%|ΓûêΓûêΓûêΓûêΓûêΓûêΓûì   | 253/391 [00:00<00:00, 9467.36it/s, Materializing param=encoder.layer.15.attention.self.query.weight]
Loading weights:  65%|ΓûêΓûêΓûêΓûêΓûêΓûêΓûì   | 253/391 [00:00<00:00, 9467.36it/s, Materializing param=encoder.layer.15.attention.self.query.weight]
Loading weights:  65%|ΓûêΓûêΓûêΓûêΓûêΓûêΓûì   | 254/391 [00:00<00:00, 9504.78it/s, Materializing param=encoder.layer.15.attention.self.value.bias]  
Loading weights:  65%|ΓûêΓûêΓûêΓûêΓûêΓûêΓûì   | 254/391 [00:00<00:00, 9504.78it/s, Materializing param=encoder.layer.15.attention.self.value.bias]
Loading weights:  65%|ΓûêΓûêΓûêΓûêΓûêΓûêΓûî   | 255/391 [00:00<00:00, 9542.20it/s, Materializing param=encoder.layer.15.attention.self.value.weight]
Loading weights:  65%|ΓûêΓûêΓûêΓûêΓûêΓûêΓûî   | 255/391 [00:00<00:00, 9542.20it/s, Materializing param=encoder.layer.15.attention.self.value.weight]
Loading weights:  65%|ΓûêΓûêΓûêΓûêΓûêΓûêΓûî   | 256/391 [00:00<00:00, 9579.62it/s, Materializing param=encoder.layer.15.intermediate.dense.bias]    
Loading weights:  65%|ΓûêΓûêΓûêΓûêΓûêΓûêΓûî   | 256/391 [00:00<00:00, 9579.62it/s, Materializing param=encoder.layer.15.intermediate.dense.bias]
Loading weights:  66%|ΓûêΓûêΓûêΓûêΓûêΓûêΓûî   | 257/391 [00:00<00:00, 9617.05it/s, Materializing param=encoder.layer.15.intermediate.dense.weight]
Loading weights:  66%|ΓûêΓûêΓûêΓûêΓûêΓûêΓûî   | 257/391 [00:00<00:00, 9617.05it/s, Materializing param=encoder.layer.15.intermediate.dense.weight]
Loading weights:  66%|ΓûêΓûêΓûêΓûêΓûêΓûêΓûî   | 258/391 [00:00<00:00, 9654.47it/s, Materializing param=encoder.layer.15.output.LayerNorm.bias]    
Loading weights:  66%|ΓûêΓûêΓûêΓûêΓûêΓûêΓûî   | 258/391 [00:00<00:00, 9654.47it/s, Materializing param=encoder.layer.15.output.LayerNorm.bias]
Loading weights:  66%|ΓûêΓûêΓûêΓûêΓûêΓûêΓûî   | 259/391 [00:00<00:00, 9691.89it/s, Materializing param=encoder.layer.15.output.LayerNorm.weight]
Loading weights:  66%|ΓûêΓûêΓûêΓûêΓûêΓûêΓûî   | 259/391 [00:00<00:00, 9691.89it/s, Materializing param=encoder.layer.15.output.LayerNorm.weight]
Loading weights:  66%|ΓûêΓûêΓûêΓûêΓûêΓûêΓûï   | 260/391 [00:00<00:00, 9729.31it/s, Materializing param=encoder.layer.15.output.dense.bias]      
Loading weights:  66%|ΓûêΓûêΓûêΓûêΓûêΓûêΓûï   | 260/391 [00:00<00:00, 9729.31it/s, Materializing param=encoder.layer.15.output.dense.bias]
Loading weights:  67%|ΓûêΓûêΓûêΓûêΓûêΓûêΓûï   | 261/391 [00:00<00:00, 9766.73it/s, Materializing param=encoder.layer.15.output.dense.weight]
Loading weights:  67%|ΓûêΓûêΓûêΓûêΓûêΓûêΓûï   | 261/391 [00:00<00:00, 9766.73it/s, Materializing param=encoder.layer.15.output.dense.weight]
Loading weights:  67%|ΓûêΓûêΓûêΓûêΓûêΓûêΓûï   | 262/391 [00:00<00:00, 9804.15it/s, Materializing param=encoder.layer.16.attention.output.LayerNorm.bias]
Loading weights:  67%|ΓûêΓûêΓûêΓûêΓûêΓûêΓûï   | 262/391 [00:00<00:00, 9804.15it/s, Materializing param=encoder.layer.16.attention.output.LayerNorm.bias]
Loading weights:  67%|ΓûêΓûêΓûêΓûêΓûêΓûêΓûï   | 263/391 [00:00<00:00, 9841.57it/s, Materializing param=encoder.layer.16.attention.output.LayerNorm.weight]
Loading weights:  67%|ΓûêΓûêΓûêΓûêΓûêΓûêΓûï   | 263/391 [00:00<00:00, 9841.57it/s, Materializing param=encoder.layer.16.attention.output.LayerNorm.weight]
Loading weights:  68%|ΓûêΓûêΓûêΓûêΓûêΓûêΓûè   | 264/391 [00:00<00:00, 9878.99it/s, Materializing param=encoder.layer.16.attention.output.dense.bias]      
Loading weights:  68%|ΓûêΓûêΓûêΓûêΓûêΓûêΓûè   | 264/391 [00:00<00:00, 9878.99it/s, Materializing param=encoder.layer.16.attention.output.dense.bias]
Loading weights:  68%|ΓûêΓûêΓûêΓûêΓûêΓûêΓûè   | 265/391 [00:00<00:00, 9916.41it/s, Materializing param=encoder.layer.16.attention.output.dense.weight]
Loading weights:  68%|ΓûêΓûêΓûêΓûêΓûêΓûêΓûè   | 265/391 [00:00<00:00, 9916.41it/s, Materializing param=encoder.layer.16.attention.output.dense.weight]
Loading weights:  68%|ΓûêΓûêΓûêΓûêΓûêΓûêΓûè   | 266/391 [00:00<00:00, 9953.83it/s, Materializing param=encoder.layer.16.attention.self.key.bias]      
Loading weights:  68%|ΓûêΓûêΓûêΓûêΓûêΓûêΓûè   | 266/391 [00:00<00:00, 9953.83it/s, Materializing param=encoder.layer.16.attention.self.key.bias]
Loading weights:  68%|ΓûêΓûêΓûêΓûêΓûêΓûêΓûè   | 267/391 [00:00<00:00, 9991.25it/s, Materializing param=encoder.layer.16.attention.self.key.weight]
Loading weights:  68%|ΓûêΓûêΓûêΓûêΓûêΓûêΓûè   | 267/391 [00:00<00:00, 9991.25it/s, Materializing param=encoder.layer.16.attention.self.key.weight]
Loading weights:  69%|ΓûêΓûêΓûêΓûêΓûêΓûêΓûè   | 268/391 [00:00<00:00, 10028.67it/s, Materializing param=encoder.layer.16.attention.self.query.bias]
Loading weights:  69%|ΓûêΓûêΓûêΓûêΓûêΓûêΓûè   | 268/391 [00:00<00:00, 10028.67it/s, Materializing param=encoder.layer.16.attention.self.query.bias]
Loading weights:  69%|ΓûêΓûêΓûêΓûêΓûêΓûêΓûë   | 269/391 [00:00<00:00, 10066.09it/s, Materializing param=encoder.layer.16.attention.self.query.weight]
Loading weights:  69%|ΓûêΓûêΓûêΓûêΓûêΓûêΓûë   | 269/391 [00:00<00:00, 10066.09it/s, Materializing param=encoder.layer.16.attention.self.query.weight]
Loading weights:  69%|ΓûêΓûêΓûêΓûêΓûêΓûêΓûë   | 270/391 [00:00<00:00, 10103.51it/s, Materializing param=encoder.layer.16.attention.self.value.bias]  
Loading weights:  69%|ΓûêΓûêΓûêΓûêΓûêΓûêΓûë   | 270/391 [00:00<00:00, 10103.51it/s, Materializing param=encoder.layer.16.attention.self.value.bias]
Loading weights:  69%|ΓûêΓûêΓûêΓûêΓûêΓûêΓûë   | 271/391 [00:00<00:00, 9432.68it/s, Materializing param=encoder.layer.16.attention.self.value.weight]
Loading weights:  69%|ΓûêΓûêΓûêΓûêΓûêΓûêΓûë   | 271/391 [00:00<00:00, 9432.68it/s, Materializing param=encoder.layer.16.attention.self.value.weight]
Loading weights:  70%|ΓûêΓûêΓûêΓûêΓûêΓûêΓûë   | 272/391 [00:00<00:00, 9467.48it/s, Materializing param=encoder.layer.16.intermediate.dense.bias]    
Loading weights:  70%|ΓûêΓûêΓûêΓûêΓûêΓûêΓûë   | 272/391 [00:00<00:00, 9467.48it/s, Materializing param=encoder.layer.16.intermediate.dense.bias]
Loading weights:  70%|ΓûêΓûêΓûêΓûêΓûêΓûêΓûë   | 273/391 [00:00<00:00, 9502.29it/s, Materializing param=encoder.layer.16.intermediate.dense.weight]
Loading weights:  70%|ΓûêΓûêΓûêΓûêΓûêΓûêΓûë   | 273/391 [00:00<00:00, 9502.29it/s, Materializing param=encoder.layer.16.intermediate.dense.weight]
Loading weights:  70%|ΓûêΓûêΓûêΓûêΓûêΓûêΓûê   | 274/391 [00:00<00:00, 9537.10it/s, Materializing param=encoder.layer.16.output.LayerNorm.bias]    
Loading weights:  70%|ΓûêΓûêΓûêΓûêΓûêΓûêΓûê   | 274/391 [00:00<00:00, 9537.10it/s, Materializing param=encoder.layer.16.output.LayerNorm.bias]
Loading weights:  70%|ΓûêΓûêΓûêΓûêΓûêΓûêΓûê   | 275/391 [00:00<00:00, 9571.90it/s, Materializing param=encoder.layer.16.output.LayerNorm.weight]
Loading weights:  70%|ΓûêΓûêΓûêΓûêΓûêΓûêΓûê   | 275/391 [00:00<00:00, 9571.90it/s, Materializing param=encoder.layer.16.output.LayerNorm.weight]
Loading weights:  71%|ΓûêΓûêΓûêΓûêΓûêΓûêΓûê   | 276/391 [00:00<00:00, 9606.71it/s, Materializing param=encoder.layer.16.output.dense.bias]      
Loading weights:  71%|ΓûêΓûêΓûêΓûêΓûêΓûêΓûê   | 276/391 [00:00<00:00, 9606.71it/s, Materializing param=encoder.layer.16.output.dense.bias]
Loading weights:  71%|ΓûêΓûêΓûêΓûêΓûêΓûêΓûê   | 277/391 [00:00<00:00, 9641.52it/s, Materializing param=encoder.layer.16.output.dense.weight]
Loading weights:  71%|ΓûêΓûêΓûêΓûêΓûêΓûêΓûê   | 277/391 [00:00<00:00, 9641.52it/s, Materializing param=encoder.layer.16.output.dense.weight]
Loading weights:  71%|ΓûêΓûêΓûêΓûêΓûêΓûêΓûê   | 278/391 [00:00<00:00, 9676.32it/s, Materializing param=encoder.layer.17.attention.output.LayerNorm.bias]
Loading weights:  71%|ΓûêΓûêΓûêΓûêΓûêΓûêΓûê   | 278/391 [00:00<00:00, 9676.32it/s, Materializing param=encoder.layer.17.attention.output.LayerNorm.bias]
Loading weights:  71%|ΓûêΓûêΓûêΓûêΓûêΓûêΓûêΓûÅ  | 279/391 [00:00<00:00, 9711.13it/s, Materializing param=encoder.layer.17.attention.output.LayerNorm.weight]
Loading weights:  71%|ΓûêΓûêΓûêΓûêΓûêΓûêΓûêΓûÅ  | 279/391 [00:00<00:00, 9711.13it/s, Materializing param=encoder.layer.17.attention.output.LayerNorm.weight]
Loading weights:  72%|ΓûêΓûêΓûêΓûêΓûêΓûêΓûêΓûÅ  | 280/391 [00:00<00:00, 9745.94it/s, Materializing param=encoder.layer.17.attention.output.dense.bias]      
Loading weights:  72%|ΓûêΓûêΓûêΓûêΓûêΓûêΓûêΓûÅ  | 280/391 [00:00<00:00, 9745.94it/s, Materializing param=encoder.layer.17.attention.output.dense.bias]
Loading weights:  72%|ΓûêΓûêΓûêΓûêΓûêΓûêΓûêΓûÅ  | 281/391 [00:00<00:00, 9780.75it/s, Materializing param=encoder.layer.17.attention.output.dense.weight]
Loading weights:  72%|ΓûêΓûêΓûêΓûêΓûêΓûêΓûêΓûÅ  | 281/391 [00:00<00:00, 9780.75it/s, Materializing param=encoder.layer.17.attention.output.dense.weight]
Loading weights:  72%|ΓûêΓûêΓûêΓûêΓûêΓûêΓûêΓûÅ  | 282/391 [00:00<00:00, 9815.55it/s, Materializing param=encoder.layer.17.attention.self.key.bias]      
Loading weights:  72%|ΓûêΓûêΓûêΓûêΓûêΓûêΓûêΓûÅ  | 282/391 [00:00<00:00, 9815.55it/s, Materializing param=encoder.layer.17.attention.self.key.bias]
Loading weights:  72%|ΓûêΓûêΓûêΓûêΓûêΓûêΓûêΓûÅ  | 283/391 [00:00<00:00, 9850.36it/s, Materializing param=encoder.layer.17.attention.self.key.weight]
Loading weights:  72%|ΓûêΓûêΓûêΓûêΓûêΓûêΓûêΓûÅ  | 283/391 [00:00<00:00, 9850.36it/s, Materializing param=encoder.layer.17.attention.self.key.weight]
Loading weights:  73%|ΓûêΓûêΓûêΓûêΓûêΓûêΓûêΓûÄ  | 284/391 [00:00<00:00, 9885.17it/s, Materializing param=encoder.layer.17.attention.self.query.bias]
Loading weights:  73%|ΓûêΓûêΓûêΓûêΓûêΓûêΓûêΓûÄ  | 284/391 [00:00<00:00, 9885.17it/s, Materializing param=encoder.layer.17.attention.self.query.bias]
Loading weights:  73%|ΓûêΓûêΓûêΓûêΓûêΓûêΓûêΓûÄ  | 285/391 [00:00<00:00, 9919.97it/s, Materializing param=encoder.layer.17.attention.self.query.weight]
Loading weights:  73%|ΓûêΓûêΓûêΓûêΓûêΓûêΓûêΓûÄ  | 285/391 [00:00<00:00, 9919.97it/s, Materializing param=encoder.layer.17.attention.self.query.weight]
Loading weights:  73%|ΓûêΓûêΓûêΓûêΓûêΓûêΓûêΓûÄ  | 286/391 [00:00<00:00, 9954.78it/s, Materializing param=encoder.layer.17.attention.self.value.bias]  
Loading weights:  73%|ΓûêΓûêΓûêΓûêΓûêΓûêΓûêΓûÄ  | 286/391 [00:00<00:00, 9954.78it/s, Materializing param=encoder.layer.17.attention.self.value.bias]
Loading weights:  73%|ΓûêΓûêΓûêΓûêΓûêΓûêΓûêΓûÄ  | 287/391 [00:00<00:00, 9989.59it/s, Materializing param=encoder.layer.17.attention.self.value.weight]
Loading weights:  73%|ΓûêΓûêΓûêΓûêΓûêΓûêΓûêΓûÄ  | 287/391 [00:00<00:00, 9989.59it/s, Materializing param=encoder.layer.17.attention.self.value.weight]
Loading weights:  74%|ΓûêΓûêΓûêΓûêΓûêΓûêΓûêΓûÄ  | 288/391 [00:00<00:00, 10024.39it/s, Materializing param=encoder.layer.17.intermediate.dense.bias]   
Loading weights:  74%|ΓûêΓûêΓûêΓûêΓûêΓûêΓûêΓûÄ  | 288/391 [00:00<00:00, 10024.39it/s, Materializing param=encoder.layer.17.intermediate.dense.bias]
Loading weights:  74%|ΓûêΓûêΓûêΓûêΓûêΓûêΓûêΓûì  | 289/391 [00:00<00:00, 10059.20it/s, Materializing param=encoder.layer.17.intermediate.dense.weight]
Loading weights:  74%|ΓûêΓûêΓûêΓûêΓûêΓûêΓûêΓûì  | 289/391 [00:00<00:00, 10059.20it/s, Materializing param=encoder.layer.17.intermediate.dense.weight]
Loading weights:  74%|ΓûêΓûêΓûêΓûêΓûêΓûêΓûêΓûì  | 290/391 [00:00<00:00, 10094.01it/s, Materializing param=encoder.layer.17.output.LayerNorm.bias]    
Loading weights:  74%|ΓûêΓûêΓûêΓûêΓûêΓûêΓûêΓûì  | 290/391 [00:00<00:00, 10094.01it/s, Materializing param=encoder.layer.17.output.LayerNorm.bias]
Loading weights:  74%|ΓûêΓûêΓûêΓûêΓûêΓûêΓûêΓûì  | 291/391 [00:00<00:00, 10128.81it/s, Materializing param=encoder.layer.17.output.LayerNorm.weight]
Loading weights:  74%|ΓûêΓûêΓûêΓûêΓûêΓûêΓûêΓûì  | 291/391 [00:00<00:00, 10128.81it/s, Materializing param=encoder.layer.17.output.LayerNorm.weight]
Loading weights:  75%|ΓûêΓûêΓûêΓûêΓûêΓûêΓûêΓûì  | 292/391 [00:00<00:00, 10163.62it/s, Materializing param=encoder.layer.17.output.dense.bias]      
Loading weights:  75%|ΓûêΓûêΓûêΓûêΓûêΓûêΓûêΓûì  | 292/391 [00:00<00:00, 10163.62it/s, Materializing param=encoder.layer.17.output.dense.bias]
Loading weights:  75%|ΓûêΓûêΓûêΓûêΓûêΓûêΓûêΓûì  | 293/391 [00:00<00:00, 10198.43it/s, Materializing param=encoder.layer.17.output.dense.weight]
Loading weights:  75%|ΓûêΓûêΓûêΓûêΓûêΓûêΓûêΓûì  | 293/391 [00:00<00:00, 10198.43it/s, Materializing param=encoder.layer.17.output.dense.weight]
Loading weights:  75%|ΓûêΓûêΓûêΓûêΓûêΓûêΓûêΓûî  | 294/391 [00:00<00:00, 10233.24it/s, Materializing param=encoder.layer.18.attention.output.LayerNorm.bias]
Loading weights:  75%|ΓûêΓûêΓûêΓûêΓûêΓûêΓûêΓûî  | 294/391 [00:00<00:00, 10233.24it/s, Materializing param=encoder.layer.18.attention.output.LayerNorm.bias]
Loading weights:  75%|ΓûêΓûêΓûêΓûêΓûêΓûêΓûêΓûî  | 295/391 [00:00<00:00, 10268.04it/s, Materializing param=encoder.layer.18.attention.output.LayerNorm.weight]
Loading weights:  75%|ΓûêΓûêΓûêΓûêΓûêΓûêΓûêΓûî  | 295/391 [00:00<00:00, 10268.04it/s, Materializing param=encoder.layer.18.attention.output.LayerNorm.weight]
Loading weights:  76%|ΓûêΓûêΓûêΓûêΓûêΓûêΓûêΓûî  | 296/391 [00:00<00:00, 10302.85it/s, Materializing param=encoder.layer.18.attention.output.dense.bias]      
Loading weights:  76%|ΓûêΓûêΓûêΓûêΓûêΓûêΓûêΓûî  | 296/391 [00:00<00:00, 10302.85it/s, Materializing param=encoder.layer.18.attention.output.dense.bias]
Loading weights:  76%|ΓûêΓûêΓûêΓûêΓûêΓûêΓûêΓûî  | 297/391 [00:00<00:00, 10337.66it/s, Materializing param=encoder.layer.18.attention.output.dense.weight]
Loading weights:  76%|ΓûêΓûêΓûêΓûêΓûêΓûêΓûêΓûî  | 297/391 [00:00<00:00, 10337.66it/s, Materializing param=encoder.layer.18.attention.output.dense.weight]
Loading weights:  76%|ΓûêΓûêΓûêΓûêΓûêΓûêΓûêΓûî  | 298/391 [00:00<00:00, 9696.08it/s, Materializing param=encoder.layer.18.attention.self.key.bias]       
Loading weights:  76%|ΓûêΓûêΓûêΓûêΓûêΓûêΓûêΓûî  | 298/391 [00:00<00:00, 9696.08it/s, Materializing param=encoder.layer.18.attention.self.key.bias]
Loading weights:  76%|ΓûêΓûêΓûêΓûêΓûêΓûêΓûêΓûï  | 299/391 [00:00<00:00, 9728.62it/s, Materializing param=encoder.layer.18.attention.self.key.weight]
Loading weights:  76%|ΓûêΓûêΓûêΓûêΓûêΓûêΓûêΓûï  | 299/391 [00:00<00:00, 9728.62it/s, Materializing param=encoder.layer.18.attention.self.key.weight]
Loading weights:  77%|ΓûêΓûêΓûêΓûêΓûêΓûêΓûêΓûï  | 300/391 [00:00<00:00, 9761.16it/s, Materializing param=encoder.layer.18.attention.self.query.bias]
Loading weights:  77%|ΓûêΓûêΓûêΓûêΓûêΓûêΓûêΓûï  | 300/391 [00:00<00:00, 9761.16it/s, Materializing param=encoder.layer.18.attention.self.query.bias]
Loading weights:  77%|ΓûêΓûêΓûêΓûêΓûêΓûêΓûêΓûï  | 301/391 [00:00<00:00, 9793.69it/s, Materializing param=encoder.layer.18.attention.self.query.weight]
Loading weights:  77%|ΓûêΓûêΓûêΓûêΓûêΓûêΓûêΓûï  | 301/391 [00:00<00:00, 9793.69it/s, Materializing param=encoder.layer.18.attention.self.query.weight]
Loading weights:  77%|ΓûêΓûêΓûêΓûêΓûêΓûêΓûêΓûï  | 302/391 [00:00<00:00, 9826.23it/s, Materializing param=encoder.layer.18.attention.self.value.bias]  
Loading weights:  77%|ΓûêΓûêΓûêΓûêΓûêΓûêΓûêΓûï  | 302/391 [00:00<00:00, 9826.23it/s, Materializing param=encoder.layer.18.attention.self.value.bias]
Loading weights:  77%|ΓûêΓûêΓûêΓûêΓûêΓûêΓûêΓûï  | 303/391 [00:00<00:00, 9858.77it/s, Materializing param=encoder.layer.18.attention.self.value.weight]
Loading weights:  77%|ΓûêΓûêΓûêΓûêΓûêΓûêΓûêΓûï  | 303/391 [00:00<00:00, 9858.77it/s, Materializing param=encoder.layer.18.attention.self.value.weight]
Loading weights:  78%|ΓûêΓûêΓûêΓûêΓûêΓûêΓûêΓûè  | 304/391 [00:00<00:00, 9891.31it/s, Materializing param=encoder.layer.18.intermediate.dense.bias]    
Loading weights:  78%|ΓûêΓûêΓûêΓûêΓûêΓûêΓûêΓûè  | 304/391 [00:00<00:00, 9891.31it/s, Materializing param=encoder.layer.18.intermediate.dense.bias]
Loading weights:  78%|ΓûêΓûêΓûêΓûêΓûêΓûêΓûêΓûè  | 305/391 [00:00<00:00, 9923.84it/s, Materializing param=encoder.layer.18.intermediate.dense.weight]
Loading weights:  78%|ΓûêΓûêΓûêΓûêΓûêΓûêΓûêΓûè  | 305/391 [00:00<00:00, 9923.84it/s, Materializing param=encoder.layer.18.intermediate.dense.weight]
Loading weights:  78%|ΓûêΓûêΓûêΓûêΓûêΓûêΓûêΓûè  | 306/391 [00:00<00:00, 9956.38it/s, Materializing param=encoder.layer.18.output.LayerNorm.bias]    
Loading weights:  78%|ΓûêΓûêΓûêΓûêΓûêΓûêΓûêΓûè  | 306/391 [00:00<00:00, 9956.38it/s, Materializing param=encoder.layer.18.output.LayerNorm.bias]
Loading weights:  79%|ΓûêΓûêΓûêΓûêΓûêΓûêΓûêΓûè  | 307/391 [00:00<00:00, 9988.92it/s, Materializing param=encoder.layer.18.output.LayerNorm.weight]
Loading weights:  79%|ΓûêΓûêΓûêΓûêΓûêΓûêΓûêΓûè  | 307/391 [00:00<00:00, 9988.92it/s, Materializing param=encoder.layer.18.output.LayerNorm.weight]
Loading weights:  79%|ΓûêΓûêΓûêΓûêΓûêΓûêΓûêΓûë  | 308/391 [00:00<00:00, 10021.45it/s, Materializing param=encoder.layer.18.output.dense.bias]     
Loading weights:  79%|ΓûêΓûêΓûêΓûêΓûêΓûêΓûêΓûë  | 308/391 [00:00<00:00, 10021.45it/s, Materializing param=encoder.layer.18.output.dense.bias]
Loading weights:  79%|ΓûêΓûêΓûêΓûêΓûêΓûêΓûêΓûë  | 309/391 [00:00<00:00, 10053.99it/s, Materializing param=encoder.layer.18.output.dense.weight]
Loading weights:  79%|ΓûêΓûêΓûêΓûêΓûêΓûêΓûêΓûë  | 309/391 [00:00<00:00, 10053.99it/s, Materializing param=encoder.layer.18.output.dense.weight]
Loading weights:  79%|ΓûêΓûêΓûêΓûêΓûêΓûêΓûêΓûë  | 310/391 [00:00<00:00, 10086.53it/s, Materializing param=encoder.layer.19.attention.output.LayerNorm.bias]
Loading weights:  79%|ΓûêΓûêΓûêΓûêΓûêΓûêΓûêΓûë  | 310/391 [00:00<00:00, 10086.53it/s, Materializing param=encoder.layer.19.attention.output.LayerNorm.bias]
Loading weights:  80%|ΓûêΓûêΓûêΓûêΓûêΓûêΓûêΓûë  | 311/391 [00:00<00:00, 10119.07it/s, Materializing param=encoder.layer.19.attention.output.LayerNorm.weight]
Loading weights:  80%|ΓûêΓûêΓûêΓûêΓûêΓûêΓûêΓûë  | 311/391 [00:00<00:00, 10119.07it/s, Materializing param=encoder.layer.19.attention.output.LayerNorm.weight]
Loading weights:  80%|ΓûêΓûêΓûêΓûêΓûêΓûêΓûêΓûë  | 312/391 [00:00<00:00, 10151.60it/s, Materializing param=encoder.layer.19.attention.output.dense.bias]      
Loading weights:  80%|ΓûêΓûêΓûêΓûêΓûêΓûêΓûêΓûë  | 312/391 [00:00<00:00, 10151.60it/s, Materializing param=encoder.layer.19.attention.output.dense.bias]
Loading weights:  80%|ΓûêΓûêΓûêΓûêΓûêΓûêΓûêΓûê  | 313/391 [00:00<00:00, 10184.14it/s, Materializing param=encoder.layer.19.attention.output.dense.weight]
Loading weights:  80%|ΓûêΓûêΓûêΓûêΓûêΓûêΓûêΓûê  | 313/391 [00:00<00:00, 10184.14it/s, Materializing param=encoder.layer.19.attention.output.dense.weight]
Loading weights:  80%|ΓûêΓûêΓûêΓûêΓûêΓûêΓûêΓûê  | 314/391 [00:00<00:00, 10216.68it/s, Materializing param=encoder.layer.19.attention.self.key.bias]      
Loading weights:  80%|ΓûêΓûêΓûêΓûêΓûêΓûêΓûêΓûê  | 314/391 [00:00<00:00, 10216.68it/s, Materializing param=encoder.layer.19.attention.self.key.bias]
Loading weights:  81%|ΓûêΓûêΓûêΓûêΓûêΓûêΓûêΓûê  | 315/391 [00:00<00:00, 10249.21it/s, Materializing param=encoder.layer.19.attention.self.key.weight]
Loading weights:  81%|ΓûêΓûêΓûêΓûêΓûêΓûêΓûêΓûê  | 315/391 [00:00<00:00, 10249.21it/s, Materializing param=encoder.layer.19.attention.self.key.weight]
Loading weights:  81%|ΓûêΓûêΓûêΓûêΓûêΓûêΓûêΓûê  | 316/391 [00:00<00:00, 10281.75it/s, Materializing param=encoder.layer.19.attention.self.query.bias]
Loading weights:  81%|ΓûêΓûêΓûêΓûêΓûêΓûêΓûêΓûê  | 316/391 [00:00<00:00, 10281.75it/s, Materializing param=encoder.layer.19.attention.self.query.bias]
Loading weights:  81%|ΓûêΓûêΓûêΓûêΓûêΓûêΓûêΓûê  | 317/391 [00:00<00:00, 10314.29it/s, Materializing param=encoder.layer.19.attention.self.query.weight]
Loading weights:  81%|ΓûêΓûêΓûêΓûêΓûêΓûêΓûêΓûê  | 317/391 [00:00<00:00, 10314.29it/s, Materializing param=encoder.layer.19.attention.self.query.weight]
Loading weights:  81%|ΓûêΓûêΓûêΓûêΓûêΓûêΓûêΓûêΓûÅ | 318/391 [00:00<00:00, 10346.83it/s, Materializing param=encoder.layer.19.attention.self.value.bias]  
Loading weights:  81%|ΓûêΓûêΓûêΓûêΓûêΓûêΓûêΓûêΓûÅ | 318/391 [00:00<00:00, 10346.83it/s, Materializing param=encoder.layer.19.attention.self.value.bias]
Loading weights:  82%|ΓûêΓûêΓûêΓûêΓûêΓûêΓûêΓûêΓûÅ | 319/391 [00:00<00:00, 10379.36it/s, Materializing param=encoder.layer.19.attention.self.value.weight]
Loading weights:  82%|ΓûêΓûêΓûêΓûêΓûêΓûêΓûêΓûêΓûÅ | 319/391 [00:00<00:00, 10379.36it/s, Materializing param=encoder.layer.19.attention.self.value.weight]
Loading weights:  82%|ΓûêΓûêΓûêΓûêΓûêΓûêΓûêΓûêΓûÅ | 320/391 [00:00<00:00, 9926.03it/s, Materializing param=encoder.layer.19.intermediate.dense.bias]     
Loading weights:  82%|ΓûêΓûêΓûêΓûêΓûêΓûêΓûêΓûêΓûÅ | 320/391 [00:00<00:00, 9926.03it/s, Materializing param=encoder.layer.19.intermediate.dense.bias]
Loading weights:  82%|ΓûêΓûêΓûêΓûêΓûêΓûêΓûêΓûêΓûÅ | 321/391 [00:00<00:00, 9957.04it/s, Materializing param=encoder.layer.19.intermediate.dense.weight]
Loading weights:  82%|ΓûêΓûêΓûêΓûêΓûêΓûêΓûêΓûêΓûÅ | 321/391 [00:00<00:00, 9800.63it/s, Materializing param=encoder.layer.19.intermediate.dense.weight]
Loading weights:  82%|ΓûêΓûêΓûêΓûêΓûêΓûêΓûêΓûêΓûÅ | 322/391 [00:00<00:00, 9831.16it/s, Materializing param=encoder.layer.19.output.LayerNorm.bias]    
Loading weights:  82%|ΓûêΓûêΓûêΓûêΓûêΓûêΓûêΓûêΓûÅ | 322/391 [00:00<00:00, 9831.16it/s, Materializing param=encoder.layer.19.output.LayerNorm.bias]
Loading weights:  83%|ΓûêΓûêΓûêΓûêΓûêΓûêΓûêΓûêΓûÄ | 323/391 [00:00<00:00, 9861.69it/s, Materializing param=encoder.layer.19.output.LayerNorm.weight]
Loading weights:  83%|ΓûêΓûêΓûêΓûêΓûêΓûêΓûêΓûêΓûÄ | 323/391 [00:00<00:00, 9861.69it/s, Materializing param=encoder.layer.19.output.LayerNorm.weight]
Loading weights:  83%|ΓûêΓûêΓûêΓûêΓûêΓûêΓûêΓûêΓûÄ | 324/391 [00:00<00:00, 9892.23it/s, Materializing param=encoder.layer.19.output.dense.bias]      
Loading weights:  83%|ΓûêΓûêΓûêΓûêΓûêΓûêΓûêΓûêΓûÄ | 324/391 [00:00<00:00, 9892.23it/s, Materializing param=encoder.layer.19.output.dense.bias]
Loading weights:  83%|ΓûêΓûêΓûêΓûêΓûêΓûêΓûêΓûêΓûÄ | 325/391 [00:00<00:00, 9922.76it/s, Materializing param=encoder.layer.19.output.dense.weight]
Loading weights:  83%|ΓûêΓûêΓûêΓûêΓûêΓûêΓûêΓûêΓûÄ | 325/391 [00:00<00:00, 9922.76it/s, Materializing param=encoder.layer.19.output.dense.weight]
Loading weights:  83%|ΓûêΓûêΓûêΓûêΓûêΓûêΓûêΓûêΓûÄ | 326/391 [00:00<00:00, 9953.29it/s, Materializing param=encoder.layer.20.attention.output.LayerNorm.bias]
Loading weights:  83%|ΓûêΓûêΓûêΓûêΓûêΓûêΓûêΓûêΓûÄ | 326/391 [00:00<00:00, 9953.29it/s, Materializing param=encoder.layer.20.attention.output.LayerNorm.bias]
Loading weights:  84%|ΓûêΓûêΓûêΓûêΓûêΓûêΓûêΓûêΓûÄ | 327/391 [00:00<00:00, 9983.82it/s, Materializing param=encoder.layer.20.attention.output.LayerNorm.weight]
Loading weights:  84%|ΓûêΓûêΓûêΓûêΓûêΓûêΓûêΓûêΓûÄ | 327/391 [00:00<00:00, 9983.82it/s, Materializing param=encoder.layer.20.attention.output.LayerNorm.weight]
Loading weights:  84%|ΓûêΓûêΓûêΓûêΓûêΓûêΓûêΓûêΓûì | 328/391 [00:00<00:00, 10014.35it/s, Materializing param=encoder.layer.20.attention.output.dense.bias]     
Loading weights:  84%|ΓûêΓûêΓûêΓûêΓûêΓûêΓûêΓûêΓûì | 328/391 [00:00<00:00, 10014.35it/s, Materializing param=encoder.layer.20.attention.output.dense.bias]
Loading weights:  84%|ΓûêΓûêΓûêΓûêΓûêΓûêΓûêΓûêΓûì | 329/391 [00:00<00:00, 10044.88it/s, Materializing param=encoder.layer.20.attention.output.dense.weight]
Loading weights:  84%|ΓûêΓûêΓûêΓûêΓûêΓûêΓûêΓûêΓûì | 329/391 [00:00<00:00, 10044.88it/s, Materializing param=encoder.layer.20.attention.output.dense.weight]
Loading weights:  84%|ΓûêΓûêΓûêΓûêΓûêΓûêΓûêΓûêΓûì | 330/391 [00:00<00:00, 10075.42it/s, Materializing param=encoder.layer.20.attention.self.key.bias]      
Loading weights:  84%|ΓûêΓûêΓûêΓûêΓûêΓûêΓûêΓûêΓûì | 330/391 [00:00<00:00, 10075.42it/s, Materializing param=encoder.layer.20.attention.self.key.bias]
Loading weights:  85%|ΓûêΓûêΓûêΓûêΓûêΓûêΓûêΓûêΓûì | 331/391 [00:00<00:00, 10105.95it/s, Materializing param=encoder.layer.20.attention.self.key.weight]
Loading weights:  85%|ΓûêΓûêΓûêΓûêΓûêΓûêΓûêΓûêΓûì | 331/391 [00:00<00:00, 10105.95it/s, Materializing param=encoder.layer.20.attention.self.key.weight]
Loading weights:  85%|ΓûêΓûêΓûêΓûêΓûêΓûêΓûêΓûêΓûì | 332/391 [00:00<00:00, 10136.48it/s, Materializing param=encoder.layer.20.attention.self.query.bias]
Loading weights:  85%|ΓûêΓûêΓûêΓûêΓûêΓûêΓûêΓûêΓûì | 332/391 [00:00<00:00, 10136.48it/s, Materializing param=encoder.layer.20.attention.self.query.bias]
Loading weights:  85%|ΓûêΓûêΓûêΓûêΓûêΓûêΓûêΓûêΓûî | 333/391 [00:00<00:00, 10167.01it/s, Materializing param=encoder.layer.20.attention.self.query.weight]
Loading weights:  85%|ΓûêΓûêΓûêΓûêΓûêΓûêΓûêΓûêΓûî | 333/391 [00:00<00:00, 10167.01it/s, Materializing param=encoder.layer.20.attention.self.query.weight]
Loading weights:  85%|ΓûêΓûêΓûêΓûêΓûêΓûêΓûêΓûêΓûî | 334/391 [00:00<00:00, 10197.54it/s, Materializing param=encoder.layer.20.attention.self.value.bias]  
Loading weights:  85%|ΓûêΓûêΓûêΓûêΓûêΓûêΓûêΓûêΓûî | 334/391 [00:00<00:00, 10197.54it/s, Materializing param=encoder.layer.20.attention.self.value.bias]
Loading weights:  86%|ΓûêΓûêΓûêΓûêΓûêΓûêΓûêΓûêΓûî | 335/391 [00:00<00:00, 10228.07it/s, Materializing param=encoder.layer.20.attention.self.value.weight]
Loading weights:  86%|ΓûêΓûêΓûêΓûêΓûêΓûêΓûêΓûêΓûî | 335/391 [00:00<00:00, 10228.07it/s, Materializing param=encoder.layer.20.attention.self.value.weight]
Loading weights:  86%|ΓûêΓûêΓûêΓûêΓûêΓûêΓûêΓûêΓûî | 336/391 [00:00<00:00, 10258.61it/s, Materializing param=encoder.layer.20.intermediate.dense.bias]    
Loading weights:  86%|ΓûêΓûêΓûêΓûêΓûêΓûêΓûêΓûêΓûî | 336/391 [00:00<00:00, 10258.61it/s, Materializing param=encoder.layer.20.intermediate.dense.bias]
Loading weights:  86%|ΓûêΓûêΓûêΓûêΓûêΓûêΓûêΓûêΓûî | 337/391 [00:00<00:00, 10289.14it/s, Materializing param=encoder.layer.20.intermediate.dense.weight]
Loading weights:  86%|ΓûêΓûêΓûêΓûêΓûêΓûêΓûêΓûêΓûî | 337/391 [00:00<00:00, 10289.14it/s, Materializing param=encoder.layer.20.intermediate.dense.weight]
Loading weights:  86%|ΓûêΓûêΓûêΓûêΓûêΓûêΓûêΓûêΓûï | 338/391 [00:00<00:00, 10319.67it/s, Materializing param=encoder.layer.20.output.LayerNorm.bias]    
Loading weights:  86%|ΓûêΓûêΓûêΓûêΓûêΓûêΓûêΓûêΓûï | 338/391 [00:00<00:00, 10319.67it/s, Materializing param=encoder.layer.20.output.LayerNorm.bias]
Loading weights:  87%|ΓûêΓûêΓûêΓûêΓûêΓûêΓûêΓûêΓûï | 339/391 [00:00<00:00, 10350.20it/s, Materializing param=encoder.layer.20.output.LayerNorm.weight]
Loading weights:  87%|ΓûêΓûêΓûêΓûêΓûêΓûêΓûêΓûêΓûï | 339/391 [00:00<00:00, 10350.20it/s, Materializing param=encoder.layer.20.output.LayerNorm.weight]
Loading weights:  87%|ΓûêΓûêΓûêΓûêΓûêΓûêΓûêΓûêΓûï | 340/391 [00:00<00:00, 10380.73it/s, Materializing param=encoder.layer.20.output.dense.bias]      
Loading weights:  87%|ΓûêΓûêΓûêΓûêΓûêΓûêΓûêΓûêΓûï | 340/391 [00:00<00:00, 10380.73it/s, Materializing param=encoder.layer.20.output.dense.bias]
Loading weights:  87%|ΓûêΓûêΓûêΓûêΓûêΓûêΓûêΓûêΓûï | 341/391 [00:00<00:00, 10411.26it/s, Materializing param=encoder.layer.20.output.dense.weight]
Loading weights:  87%|ΓûêΓûêΓûêΓûêΓûêΓûêΓûêΓûêΓûï | 341/391 [00:00<00:00, 10411.26it/s, Materializing param=encoder.layer.20.output.dense.weight]
Loading weights:  87%|ΓûêΓûêΓûêΓûêΓûêΓûêΓûêΓûêΓûï | 342/391 [00:00<00:00, 10441.79it/s, Materializing param=encoder.layer.21.attention.output.LayerNorm.bias]
Loading weights:  87%|ΓûêΓûêΓûêΓûêΓûêΓûêΓûêΓûêΓûï | 342/391 [00:00<00:00, 10441.79it/s, Materializing param=encoder.layer.21.attention.output.LayerNorm.bias]
Loading weights:  88%|ΓûêΓûêΓûêΓûêΓûêΓûêΓûêΓûêΓûè | 343/391 [00:00<00:00, 10472.33it/s, Materializing param=encoder.layer.21.attention.output.LayerNorm.weight]
Loading weights:  88%|ΓûêΓûêΓûêΓûêΓûêΓûêΓûêΓûêΓûè | 343/391 [00:00<00:00, 10472.33it/s, Materializing param=encoder.layer.21.attention.output.LayerNorm.weight]
Loading weights:  88%|ΓûêΓûêΓûêΓûêΓûêΓûêΓûêΓûêΓûè | 344/391 [00:00<00:00, 10502.86it/s, Materializing param=encoder.layer.21.attention.output.dense.bias]      
Loading weights:  88%|ΓûêΓûêΓûêΓûêΓûêΓûêΓûêΓûêΓûè | 344/391 [00:00<00:00, 10502.86it/s, Materializing param=encoder.layer.21.attention.output.dense.bias]
Loading weights:  88%|ΓûêΓûêΓûêΓûêΓûêΓûêΓûêΓûêΓûè | 345/391 [00:00<00:00, 10533.39it/s, Materializing param=encoder.layer.21.attention.output.dense.weight]
Loading weights:  88%|ΓûêΓûêΓûêΓûêΓûêΓûêΓûêΓûêΓûè | 345/391 [00:00<00:00, 10533.39it/s, Materializing param=encoder.layer.21.attention.output.dense.weight]
Loading weights:  88%|ΓûêΓûêΓûêΓûêΓûêΓûêΓûêΓûêΓûè | 346/391 [00:00<00:00, 10563.92it/s, Materializing param=encoder.layer.21.attention.self.key.bias]      
Loading weights:  88%|ΓûêΓûêΓûêΓûêΓûêΓûêΓûêΓûêΓûè | 346/391 [00:00<00:00, 10563.92it/s, Materializing param=encoder.layer.21.attention.self.key.bias]
Loading weights:  89%|ΓûêΓûêΓûêΓûêΓûêΓûêΓûêΓûêΓûè | 347/391 [00:00<00:00, 10594.45it/s, Materializing param=encoder.layer.21.attention.self.key.weight]
Loading weights:  89%|ΓûêΓûêΓûêΓûêΓûêΓûêΓûêΓûêΓûè | 347/391 [00:00<00:00, 10594.45it/s, Materializing param=encoder.layer.21.attention.self.key.weight]
Loading weights:  89%|ΓûêΓûêΓûêΓûêΓûêΓûêΓûêΓûêΓûë | 348/391 [00:00<00:00, 10624.98it/s, Materializing param=encoder.layer.21.attention.self.query.bias]
Loading weights:  89%|ΓûêΓûêΓûêΓûêΓûêΓûêΓûêΓûêΓûë | 348/391 [00:00<00:00, 10624.98it/s, Materializing param=encoder.layer.21.attention.self.query.bias]
Loading weights:  89%|ΓûêΓûêΓûêΓûêΓûêΓûêΓûêΓûêΓûë | 349/391 [00:00<00:00, 10655.52it/s, Materializing param=encoder.layer.21.attention.self.query.weight]
Loading weights:  89%|ΓûêΓûêΓûêΓûêΓûêΓûêΓûêΓûêΓûë | 349/391 [00:00<00:00, 10655.52it/s, Materializing param=encoder.layer.21.attention.self.query.weight]
Loading weights:  90%|ΓûêΓûêΓûêΓûêΓûêΓûêΓûêΓûêΓûë | 350/391 [00:00<00:00, 10686.05it/s, Materializing param=encoder.layer.21.attention.self.value.bias]  
Loading weights:  90%|ΓûêΓûêΓûêΓûêΓûêΓûêΓûêΓûêΓûë | 350/391 [00:00<00:00, 10686.05it/s, Materializing param=encoder.layer.21.attention.self.value.bias]
Loading weights:  90%|ΓûêΓûêΓûêΓûêΓûêΓûêΓûêΓûêΓûë | 351/391 [00:00<00:00, 10716.58it/s, Materializing param=encoder.layer.21.attention.self.value.weight]
Loading weights:  90%|ΓûêΓûêΓûêΓûêΓûêΓûêΓûêΓûêΓûë | 351/391 [00:00<00:00, 10716.58it/s, Materializing param=encoder.layer.21.attention.self.value.weight]
Loading weights:  90%|ΓûêΓûêΓûêΓûêΓûêΓûêΓûêΓûêΓûê | 352/391 [00:00<00:00, 10747.11it/s, Materializing param=encoder.layer.21.intermediate.dense.bias]    
Loading weights:  90%|ΓûêΓûêΓûêΓûêΓûêΓûêΓûêΓûêΓûê | 352/391 [00:00<00:00, 10747.11it/s, Materializing param=encoder.layer.21.intermediate.dense.bias]
Loading weights:  90%|ΓûêΓûêΓûêΓûêΓûêΓûêΓûêΓûêΓûê | 353/391 [00:00<00:00, 10777.64it/s, Materializing param=encoder.layer.21.intermediate.dense.weight]
Loading weights:  90%|ΓûêΓûêΓûêΓûêΓûêΓûêΓûêΓûêΓûê | 353/391 [00:00<00:00, 10777.64it/s, Materializing param=encoder.layer.21.intermediate.dense.weight]
Loading weights:  91%|ΓûêΓûêΓûêΓûêΓûêΓûêΓûêΓûêΓûê | 354/391 [00:00<00:00, 10808.17it/s, Materializing param=encoder.layer.21.output.LayerNorm.bias]    
Loading weights:  91%|ΓûêΓûêΓûêΓûêΓûêΓûêΓûêΓûêΓûê | 354/391 [00:00<00:00, 10808.17it/s, Materializing param=encoder.layer.21.output.LayerNorm.bias]
Loading weights:  91%|ΓûêΓûêΓûêΓûêΓûêΓûêΓûêΓûêΓûê | 355/391 [00:00<00:00, 10838.70it/s, Materializing param=encoder.layer.21.output.LayerNorm.weight]
Loading weights:  91%|ΓûêΓûêΓûêΓûêΓûêΓûêΓûêΓûêΓûê | 355/391 [00:00<00:00, 10838.70it/s, Materializing param=encoder.layer.21.output.LayerNorm.weight]
Loading weights:  91%|ΓûêΓûêΓûêΓûêΓûêΓûêΓûêΓûêΓûê | 356/391 [00:00<00:00, 10869.24it/s, Materializing param=encoder.layer.21.output.dense.bias]      
Loading weights:  91%|ΓûêΓûêΓûêΓûêΓûêΓûêΓûêΓûêΓûê | 356/391 [00:00<00:00, 10869.24it/s, Materializing param=encoder.layer.21.output.dense.bias]
Loading weights:  91%|ΓûêΓûêΓûêΓûêΓûêΓûêΓûêΓûêΓûêΓûÅ| 357/391 [00:00<00:00, 10899.77it/s, Materializing param=encoder.layer.21.output.dense.weight]
Loading weights:  91%|ΓûêΓûêΓûêΓûêΓûêΓûêΓûêΓûêΓûêΓûÅ| 357/391 [00:00<00:00, 10899.77it/s, Materializing param=encoder.layer.21.output.dense.weight]
Loading weights:  92%|ΓûêΓûêΓûêΓûêΓûêΓûêΓûêΓûêΓûêΓûÅ| 358/391 [00:00<00:00, 10930.30it/s, Materializing param=encoder.layer.22.attention.output.LayerNorm.bias]
Loading weights:  92%|ΓûêΓûêΓûêΓûêΓûêΓûêΓûêΓûêΓûêΓûÅ| 358/391 [00:00<00:00, 10930.30it/s, Materializing param=encoder.layer.22.attention.output.LayerNorm.bias]
Loading weights:  92%|ΓûêΓûêΓûêΓûêΓûêΓûêΓûêΓûêΓûêΓûÅ| 359/391 [00:00<00:00, 10960.83it/s, Materializing param=encoder.layer.22.attention.output.LayerNorm.weight]
Loading weights:  92%|ΓûêΓûêΓûêΓûêΓûêΓûêΓûêΓûêΓûêΓûÅ| 359/391 [00:00<00:00, 10960.83it/s, Materializing param=encoder.layer.22.attention.output.LayerNorm.weight]
Loading weights:  92%|ΓûêΓûêΓûêΓûêΓûêΓûêΓûêΓûêΓûêΓûÅ| 360/391 [00:00<00:00, 10991.36it/s, Materializing param=encoder.layer.22.attention.output.dense.bias]      
Loading weights:  92%|ΓûêΓûêΓûêΓûêΓûêΓûêΓûêΓûêΓûêΓûÅ| 360/391 [00:00<00:00, 10991.36it/s, Materializing param=encoder.layer.22.attention.output.dense.bias]
Loading weights:  92%|ΓûêΓûêΓûêΓûêΓûêΓûêΓûêΓûêΓûêΓûÅ| 361/391 [00:00<00:00, 11021.89it/s, Materializing param=encoder.layer.22.attention.output.dense.weight]
Loading weights:  92%|ΓûêΓûêΓûêΓûêΓûêΓûêΓûêΓûêΓûêΓûÅ| 361/391 [00:00<00:00, 10055.14it/s, Materializing param=encoder.layer.22.attention.output.dense.weight]
Loading weights:  93%|ΓûêΓûêΓûêΓûêΓûêΓûêΓûêΓûêΓûêΓûÄ| 362/391 [00:00<00:00, 10083.00it/s, Materializing param=encoder.layer.22.attention.self.key.bias]      
Loading weights:  93%|ΓûêΓûêΓûêΓûêΓûêΓûêΓûêΓûêΓûêΓûÄ| 362/391 [00:00<00:00, 10083.00it/s, Materializing param=encoder.layer.22.attention.self.key.bias]
Loading weights:  93%|ΓûêΓûêΓûêΓûêΓûêΓûêΓûêΓûêΓûêΓûÄ| 363/391 [00:00<00:00, 10110.85it/s, Materializing param=encoder.layer.22.attention.self.key.weight]
Loading weights:  93%|ΓûêΓûêΓûêΓûêΓûêΓûêΓûêΓûêΓûêΓûÄ| 363/391 [00:00<00:00, 10110.85it/s, Materializing param=encoder.layer.22.attention.self.key.weight]
Loading weights:  93%|ΓûêΓûêΓûêΓûêΓûêΓûêΓûêΓûêΓûêΓûÄ| 364/391 [00:00<00:00, 10138.70it/s, Materializing param=encoder.layer.22.attention.self.query.bias]
Loading weights:  93%|ΓûêΓûêΓûêΓûêΓûêΓûêΓûêΓûêΓûêΓûÄ| 364/391 [00:00<00:00, 10138.70it/s, Materializing param=encoder.layer.22.attention.self.query.bias]
Loading weights:  93%|ΓûêΓûêΓûêΓûêΓûêΓûêΓûêΓûêΓûêΓûÄ| 365/391 [00:00<00:00, 10166.56it/s, Materializing param=encoder.layer.22.attention.self.query.weight]
Loading weights:  93%|ΓûêΓûêΓûêΓûêΓûêΓûêΓûêΓûêΓûêΓûÄ| 365/391 [00:00<00:00, 10166.56it/s, Materializing param=encoder.layer.22.attention.self.query.weight]
Loading weights:  94%|ΓûêΓûêΓûêΓûêΓûêΓûêΓûêΓûêΓûêΓûÄ| 366/391 [00:00<00:00, 10194.41it/s, Materializing param=encoder.layer.22.attention.self.value.bias]  
Loading weights:  94%|ΓûêΓûêΓûêΓûêΓûêΓûêΓûêΓûêΓûêΓûÄ| 366/391 [00:00<00:00, 10194.41it/s, Materializing param=encoder.layer.22.attention.self.value.bias]
Loading weights:  94%|ΓûêΓûêΓûêΓûêΓûêΓûêΓûêΓûêΓûêΓûì| 367/391 [00:00<00:00, 10222.27it/s, Materializing param=encoder.layer.22.attention.self.value.weight]
Loading weights:  94%|ΓûêΓûêΓûêΓûêΓûêΓûêΓûêΓûêΓûêΓûì| 367/391 [00:00<00:00, 10222.27it/s, Materializing param=encoder.layer.22.attention.self.value.weight]
Loading weights:  94%|ΓûêΓûêΓûêΓûêΓûêΓûêΓûêΓûêΓûêΓûì| 368/391 [00:00<00:00, 10250.12it/s, Materializing param=encoder.layer.22.intermediate.dense.bias]    
Loading weights:  94%|ΓûêΓûêΓûêΓûêΓûêΓûêΓûêΓûêΓûêΓûì| 368/391 [00:00<00:00, 10250.12it/s, Materializing param=encoder.layer.22.intermediate.dense.bias]
Loading weights:  94%|ΓûêΓûêΓûêΓûêΓûêΓûêΓûêΓûêΓûêΓûì| 369/391 [00:00<00:00, 10277.97it/s, Materializing param=encoder.layer.22.intermediate.dense.weight]
Loading weights:  94%|ΓûêΓûêΓûêΓûêΓûêΓûêΓûêΓûêΓûêΓûì| 369/391 [00:00<00:00, 10277.97it/s, Materializing param=encoder.layer.22.intermediate.dense.weight]
Loading weights:  95%|ΓûêΓûêΓûêΓûêΓûêΓûêΓûêΓûêΓûêΓûì| 370/391 [00:00<00:00, 10305.83it/s, Materializing param=encoder.layer.22.output.LayerNorm.bias]    
Loading weights:  95%|ΓûêΓûêΓûêΓûêΓûêΓûêΓûêΓûêΓûêΓûì| 370/391 [00:00<00:00, 10305.83it/s, Materializing param=encoder.layer.22.output.LayerNorm.bias]
Loading weights:  95%|ΓûêΓûêΓûêΓûêΓûêΓûêΓûêΓûêΓûêΓûì| 371/391 [00:00<00:00, 10333.68it/s, Materializing param=encoder.layer.22.output.LayerNorm.weight]
Loading weights:  95%|ΓûêΓûêΓûêΓûêΓûêΓûêΓûêΓûêΓûêΓûì| 371/391 [00:00<00:00, 10333.68it/s, Materializing param=encoder.layer.22.output.LayerNorm.weight]
Loading weights:  95%|ΓûêΓûêΓûêΓûêΓûêΓûêΓûêΓûêΓûêΓûî| 372/391 [00:00<00:00, 10361.53it/s, Materializing param=encoder.layer.22.output.dense.bias]      
Loading weights:  95%|ΓûêΓûêΓûêΓûêΓûêΓûêΓûêΓûêΓûêΓûî| 372/391 [00:00<00:00, 10361.53it/s, Materializing param=encoder.layer.22.output.dense.bias]
Loading weights:  95%|ΓûêΓûêΓûêΓûêΓûêΓûêΓûêΓûêΓûêΓûî| 373/391 [00:00<00:00, 10389.39it/s, Materializing param=encoder.layer.22.output.dense.weight]
Loading weights:  95%|ΓûêΓûêΓûêΓûêΓûêΓûêΓûêΓûêΓûêΓûî| 373/391 [00:00<00:00, 10389.39it/s, Materializing param=encoder.layer.22.output.dense.weight]
Loading weights:  96%|ΓûêΓûêΓûêΓûêΓûêΓûêΓûêΓûêΓûêΓûî| 374/391 [00:00<00:00, 10417.24it/s, Materializing param=encoder.layer.23.attention.output.LayerNorm.bias]
Loading weights:  96%|ΓûêΓûêΓûêΓûêΓûêΓûêΓûêΓûêΓûêΓûî| 374/391 [00:00<00:00, 10417.24it/s, Materializing param=encoder.layer.23.attention.output.LayerNorm.bias]
Loading weights:  96%|ΓûêΓûêΓûêΓûêΓûêΓûêΓûêΓûêΓûêΓûî| 375/391 [00:00<00:00, 10445.09it/s, Materializing param=encoder.layer.23.attention.output.LayerNorm.weight]
Loading weights:  96%|ΓûêΓûêΓûêΓûêΓûêΓûêΓûêΓûêΓûêΓûî| 375/391 [00:00<00:00, 10445.09it/s, Materializing param=encoder.layer.23.attention.output.LayerNorm.weight]
Loading weights:  96%|ΓûêΓûêΓûêΓûêΓûêΓûêΓûêΓûêΓûêΓûî| 376/391 [00:00<00:00, 10472.95it/s, Materializing param=encoder.layer.23.attention.output.dense.bias]      
Loading weights:  96%|ΓûêΓûêΓûêΓûêΓûêΓûêΓûêΓûêΓûêΓûî| 376/391 [00:00<00:00, 10472.95it/s, Materializing param=encoder.layer.23.attention.output.dense.bias]
Loading weights:  96%|ΓûêΓûêΓûêΓûêΓûêΓûêΓûêΓûêΓûêΓûï| 377/391 [00:00<00:00, 10500.80it/s, Materializing param=encoder.layer.23.attention.output.dense.weight]
Loading weights:  96%|ΓûêΓûêΓûêΓûêΓûêΓûêΓûêΓûêΓûêΓûï| 377/391 [00:00<00:00, 10500.80it/s, Materializing param=encoder.layer.23.attention.output.dense.weight]
Loading weights:  97%|ΓûêΓûêΓûêΓûêΓûêΓûêΓûêΓûêΓûêΓûï| 378/391 [00:00<00:00, 10528.65it/s, Materializing param=encoder.layer.23.attention.self.key.bias]      
Loading weights:  97%|ΓûêΓûêΓûêΓûêΓûêΓûêΓûêΓûêΓûêΓûï| 378/391 [00:00<00:00, 10528.65it/s, Materializing param=encoder.layer.23.attention.self.key.bias]
Loading weights:  97%|ΓûêΓûêΓûêΓûêΓûêΓûêΓûêΓûêΓûêΓûï| 379/391 [00:00<00:00, 10556.51it/s, Materializing param=encoder.layer.23.attention.self.key.weight]
Loading weights:  97%|ΓûêΓûêΓûêΓûêΓûêΓûêΓûêΓûêΓûêΓûï| 379/391 [00:00<00:00, 10556.51it/s, Materializing param=encoder.layer.23.attention.self.key.weight]
Loading weights:  97%|ΓûêΓûêΓûêΓûêΓûêΓûêΓûêΓûêΓûêΓûï| 380/391 [00:00<00:00, 10584.36it/s, Materializing param=encoder.layer.23.attention.self.query.bias]
Loading weights:  97%|ΓûêΓûêΓûêΓûêΓûêΓûêΓûêΓûêΓûêΓûï| 380/391 [00:00<00:00, 10584.36it/s, Materializing param=encoder.layer.23.attention.self.query.bias]
Loading weights:  97%|ΓûêΓûêΓûêΓûêΓûêΓûêΓûêΓûêΓûêΓûï| 381/391 [00:00<00:00, 10612.22it/s, Materializing param=encoder.layer.23.attention.self.query.weight]
Loading weights:  97%|ΓûêΓûêΓûêΓûêΓûêΓûêΓûêΓûêΓûêΓûï| 381/391 [00:00<00:00, 10612.22it/s, Materializing param=encoder.layer.23.attention.self.query.weight]
Loading weights:  98%|ΓûêΓûêΓûêΓûêΓûêΓûêΓûêΓûêΓûêΓûè| 382/391 [00:00<00:00, 10640.07it/s, Materializing param=encoder.layer.23.attention.self.value.bias]  
Loading weights:  98%|ΓûêΓûêΓûêΓûêΓûêΓûêΓûêΓûêΓûêΓûè| 382/391 [00:00<00:00, 10640.07it/s, Materializing param=encoder.layer.23.attention.self.value.bias]
Loading weights:  98%|ΓûêΓûêΓûêΓûêΓûêΓûêΓûêΓûêΓûêΓûè| 383/391 [00:00<00:00, 10667.92it/s, Materializing param=encoder.layer.23.attention.self.value.weight]
Loading weights:  98%|ΓûêΓûêΓûêΓûêΓûêΓûêΓûêΓûêΓûêΓûè| 383/391 [00:00<00:00, 10667.92it/s, Materializing param=encoder.layer.23.attention.self.value.weight]
Loading weights:  98%|ΓûêΓûêΓûêΓûêΓûêΓûêΓûêΓûêΓûêΓûè| 384/391 [00:00<00:00, 10695.78it/s, Materializing param=encoder.layer.23.intermediate.dense.bias]    
Loading weights:  98%|ΓûêΓûêΓûêΓûêΓûêΓûêΓûêΓûêΓûêΓûè| 384/391 [00:00<00:00, 10695.78it/s, Materializing param=encoder.layer.23.intermediate.dense.bias]
Loading weights:  98%|ΓûêΓûêΓûêΓûêΓûêΓûêΓûêΓûêΓûêΓûè| 385/391 [00:00<00:00, 10723.63it/s, Materializing param=encoder.layer.23.intermediate.dense.weight]
Loading weights:  98%|ΓûêΓûêΓûêΓûêΓûêΓûêΓûêΓûêΓûêΓûè| 385/391 [00:00<00:00, 10723.63it/s, Materializing param=encoder.layer.23.intermediate.dense.weight]
Loading weights:  99%|ΓûêΓûêΓûêΓûêΓûêΓûêΓûêΓûêΓûêΓûè| 386/391 [00:00<00:00, 10751.48it/s, Materializing param=encoder.layer.23.output.LayerNorm.bias]    
Loading weights:  99%|ΓûêΓûêΓûêΓûêΓûêΓûêΓûêΓûêΓûêΓûè| 386/391 [00:00<00:00, 10751.48it/s, Materializing param=encoder.layer.23.output.LayerNorm.bias]
Loading weights:  99%|ΓûêΓûêΓûêΓûêΓûêΓûêΓûêΓûêΓûêΓûë| 387/391 [00:00<00:00, 10779.34it/s, Materializing param=encoder.layer.23.output.LayerNorm.weight]
Loading weights:  99%|ΓûêΓûêΓûêΓûêΓûêΓûêΓûêΓûêΓûêΓûë| 387/391 [00:00<00:00, 10779.34it/s, Materializing param=encoder.layer.23.output.LayerNorm.weight]
Loading weights:  99%|ΓûêΓûêΓûêΓûêΓûêΓûêΓûêΓûêΓûêΓûë| 388/391 [00:00<00:00, 10807.19it/s, Materializing param=encoder.layer.23.output.dense.bias]      
Loading weights:  99%|ΓûêΓûêΓûêΓûêΓûêΓûêΓûêΓûêΓûêΓûë| 388/391 [00:00<00:00, 10807.19it/s, Materializing param=encoder.layer.23.output.dense.bias]
Loading weights:  99%|ΓûêΓûêΓûêΓûêΓûêΓûêΓûêΓûêΓûêΓûë| 389/391 [00:00<00:00, 10835.04it/s, Materializing param=encoder.layer.23.output.dense.weight]
Loading weights:  99%|ΓûêΓûêΓûêΓûêΓûêΓûêΓûêΓûêΓûêΓûë| 389/391 [00:00<00:00, 10835.04it/s, Materializing param=encoder.layer.23.output.dense.weight]
Loading weights: 100%|ΓûêΓûêΓûêΓûêΓûêΓûêΓûêΓûêΓûêΓûë| 390/391 [00:00<00:00, 10862.90it/s, Materializing param=pooler.dense.bias]                   
Loading weights: 100%|ΓûêΓûêΓûêΓûêΓûêΓûêΓûêΓûêΓûêΓûë| 390/391 [00:00<00:00, 10862.90it/s, Materializing param=pooler.dense.bias]
Loading weights: 100%|ΓûêΓûêΓûêΓûêΓûêΓûêΓûêΓûêΓûêΓûê| 391/391 [00:00<00:00, 10890.75it/s, Materializing param=pooler.dense.weight]
Loading weights: 100%|ΓûêΓûêΓûêΓûêΓûêΓûêΓûêΓûêΓûêΓûê| 391/391 [00:00<00:00, 10890.75it/s, Materializing param=pooler.dense.weight]
Loading weights: 100%|ΓûêΓûêΓûêΓûêΓûêΓûêΓûêΓûêΓûêΓûê| 391/391 [00:00<00:00, 10890.75it/s, Materializing param=pooler.dense.weight]
[GovernedAppRunner._c0_retrieve] search degraded to empty results app=apps_research: Collection [process_docs] does not exist
hop_pipeline: stage 2 (company_brief) failed: CompanyBriefUnavailableError: Unify Consulting: v2 research returned no grounded findings; retrieval_receipt=C:\Git\Agentic-Workflow-FRESH-worktrees\codex-apps-rg-source-refreeze\artifacts\apps_rg\runs\source_c03_s2_retrieval_20260720_r1\e2e_20260720T132409Z_b3aab2f0\apps_research\retrieval_receipt.json
[ledger.writer] router_l4_uwg append failed: no such table: events
[ledger.writer] router_l4_uwg append failed: no such table: events
research_brief_uwg_writer: UWG blocked run_id=bridge:rg_research_bridge:a3e50fa9:e2d6282f-74ee-4102-927c-6df56e6eda72 reasons=('missing_clearance_proof_id', 'missing_registry_digest_set', 'commit_request_signature_invalid', 'missing_staged_diff_hash')

Processing:   0%|          | 0/4 [00:00<?, ?item/s]
Processing: 100%|ΓûêΓûêΓûêΓûêΓûêΓûêΓûêΓûêΓûêΓûê| 4/4 [00:00<?, ?item/s]
