
Processing: 0item [00:00, ?item/s]
Processing: 0item [00:00, ?item/s]

Processing: 0item [00:00, ?item/s]
Processing: 0item [00:00, ?item/s]

Processing: 0item [00:00, ?item/s]
Processing: 0item [00:00, ?item/s]

Processing: 0item [00:00, ?item/s]
Processing: 0item [00:00, ?item/s]

Processing: 0item [00:00, ?item/s]
Processing: 0item [00:00, ?item/s]

Processing: 0item [00:00, ?item/s]
Processing: 0item [00:00, ?item/s]

Processing: 0item [00:00, ?item/s]
Processing: 0item [00:00, ?item/s]

Processing:   0%|          | 0/4 [00:00<?, ?item/s]
Processing: 100%|██████████| 4/4 [00:00<00:00, 3986.98item/s]

Processing:   0%|          | 0/4 [00:00<?, ?item/s]
Processing: 100%|██████████| 4/4 [00:00<?, ?item/s]

Processing:   0%|          | 0/4 [00:00<?, ?item/s]
Processing: 100%|██████████| 4/4 [00:00<00:00, 6970.18item/s]

Loading weights:   0%|          | 0/391 [00:00<?, ?it/s]
Loading weights:   0%|          | 1/391 [00:00<?, ?it/s, Materializing param=embeddings.LayerNorm.bias]
Loading weights:   0%|          | 1/391 [00:00<?, ?it/s, Materializing param=embeddings.LayerNorm.bias]
Loading weights:   1%|          | 2/391 [00:00<?, ?it/s, Materializing param=embeddings.LayerNorm.weight]
Loading weights:   1%|          | 2/391 [00:00<?, ?it/s, Materializing param=embeddings.LayerNorm.weight]
Loading weights:   1%|          | 3/391 [00:00<?, ?it/s, Materializing param=embeddings.position_embeddings.weight]
Loading weights:   1%|          | 3/391 [00:00<00:00, 2986.69it/s, Materializing param=embeddings.position_embeddings.weight]
Loading weights:   1%|          | 4/391 [00:00<00:00, 3982.25it/s, Materializing param=embeddings.token_type_embeddings.weight]
Loading weights:   1%|          | 4/391 [00:00<00:00, 3982.25it/s, Materializing param=embeddings.token_type_embeddings.weight]
Loading weights:   1%|▏         | 5/391 [00:00<00:00, 4977.81it/s, Materializing param=embeddings.word_embeddings.weight]      
Loading weights:   1%|▏         | 5/391 [00:00<00:00, 2494.83it/s, Materializing param=embeddings.word_embeddings.weight]
Loading weights:   2%|▏         | 6/391 [00:00<00:00, 2993.79it/s, Materializing param=encoder.layer.0.attention.output.LayerNorm.bias]
Loading weights:   2%|▏         | 6/391 [00:00<00:00, 2993.79it/s, Materializing param=encoder.layer.0.attention.output.LayerNorm.bias]
Loading weights:   2%|▏         | 7/391 [00:00<00:00, 3492.76it/s, Materializing param=encoder.layer.0.attention.output.LayerNorm.weight]
Loading weights:   2%|▏         | 7/391 [00:00<00:00, 3492.76it/s, Materializing param=encoder.layer.0.attention.output.LayerNorm.weight]
Loading weights:   2%|▏         | 8/391 [00:00<00:00, 3991.72it/s, Materializing param=encoder.layer.0.attention.output.dense.bias]      
Loading weights:   2%|▏         | 8/391 [00:00<00:00, 3991.72it/s, Materializing param=encoder.layer.0.attention.output.dense.bias]
Loading weights:   2%|▏         | 9/391 [00:00<00:00, 4490.69it/s, Materializing param=encoder.layer.0.attention.output.dense.weight]
Loading weights:   2%|▏         | 9/391 [00:00<00:00, 4490.69it/s, Materializing param=encoder.layer.0.attention.output.dense.weight]
Loading weights:   3%|▎         | 10/391 [00:00<00:00, 4989.66it/s, Materializing param=encoder.layer.0.attention.self.key.bias]     
Loading weights:   3%|▎         | 10/391 [00:00<00:00, 4989.66it/s, Materializing param=encoder.layer.0.attention.self.key.bias]
Loading weights:   3%|▎         | 11/391 [00:00<00:00, 5488.62it/s, Materializing param=encoder.layer.0.attention.self.key.weight]
Loading weights:   3%|▎         | 11/391 [00:00<00:00, 5488.62it/s, Materializing param=encoder.layer.0.attention.self.key.weight]
Loading weights:   3%|▎         | 12/391 [00:00<00:00, 5987.59it/s, Materializing param=encoder.layer.0.attention.self.query.bias]
Loading weights:   3%|▎         | 12/391 [00:00<00:00, 5987.59it/s, Materializing param=encoder.layer.0.attention.self.query.bias]
Loading weights:   3%|▎         | 13/391 [00:00<00:00, 6486.55it/s, Materializing param=encoder.layer.0.attention.self.query.weight]
Loading weights:   3%|▎         | 13/391 [00:00<00:00, 6486.55it/s, Materializing param=encoder.layer.0.attention.self.query.weight]
Loading weights:   4%|▎         | 14/391 [00:00<00:00, 6985.52it/s, Materializing param=encoder.layer.0.attention.self.value.bias]  
Loading weights:   4%|▎         | 14/391 [00:00<00:00, 6985.52it/s, Materializing param=encoder.layer.0.attention.self.value.bias]
Loading weights:   4%|▍         | 15/391 [00:00<00:00, 7484.48it/s, Materializing param=encoder.layer.0.attention.self.value.weight]
Loading weights:   4%|▍         | 15/391 [00:00<00:00, 7484.48it/s, Materializing param=encoder.layer.0.attention.self.value.weight]
Loading weights:   4%|▍         | 16/391 [00:00<00:00, 7983.45it/s, Materializing param=encoder.layer.0.intermediate.dense.bias]    
Loading weights:   4%|▍         | 16/391 [00:00<00:00, 7983.45it/s, Materializing param=encoder.layer.0.intermediate.dense.bias]
Loading weights:   4%|▍         | 17/391 [00:00<00:00, 8482.41it/s, Materializing param=encoder.layer.0.intermediate.dense.weight]
Loading weights:   4%|▍         | 17/391 [00:00<00:00, 8482.41it/s, Materializing param=encoder.layer.0.intermediate.dense.weight]
Loading weights:   5%|▍         | 18/391 [00:00<00:00, 8981.38it/s, Materializing param=encoder.layer.0.output.LayerNorm.bias]    
Loading weights:   5%|▍         | 18/391 [00:00<00:00, 8981.38it/s, Materializing param=encoder.layer.0.output.LayerNorm.bias]
Loading weights:   5%|▍         | 19/391 [00:00<00:00, 9480.34it/s, Materializing param=encoder.layer.0.output.LayerNorm.weight]
Loading weights:   5%|▍         | 19/391 [00:00<00:00, 9480.34it/s, Materializing param=encoder.layer.0.output.LayerNorm.weight]
Loading weights:   5%|▌         | 20/391 [00:00<00:00, 9979.31it/s, Materializing param=encoder.layer.0.output.dense.bias]      
Loading weights:   5%|▌         | 20/391 [00:00<00:00, 9979.31it/s, Materializing param=encoder.layer.0.output.dense.bias]
Loading weights:   5%|▌         | 21/391 [00:00<00:00, 10478.28it/s, Materializing param=encoder.layer.0.output.dense.weight]
Loading weights:   5%|▌         | 21/391 [00:00<00:00, 10478.28it/s, Materializing param=encoder.layer.0.output.dense.weight]
Loading weights:   6%|▌         | 22/391 [00:00<00:00, 10977.24it/s, Materializing param=encoder.layer.1.attention.output.LayerNorm.bias]
Loading weights:   6%|▌         | 22/391 [00:00<00:00, 10977.24it/s, Materializing param=encoder.layer.1.attention.output.LayerNorm.bias]
Loading weights:   6%|▌         | 23/391 [00:00<00:00, 11476.21it/s, Materializing param=encoder.layer.1.attention.output.LayerNorm.weight]
Loading weights:   6%|▌         | 23/391 [00:00<00:00, 11476.21it/s, Materializing param=encoder.layer.1.attention.output.LayerNorm.weight]
Loading weights:   6%|▌         | 24/391 [00:00<00:00, 11975.17it/s, Materializing param=encoder.layer.1.attention.output.dense.bias]      
Loading weights:   6%|▌         | 24/391 [00:00<00:00, 11975.17it/s, Materializing param=encoder.layer.1.attention.output.dense.bias]
Loading weights:   6%|▋         | 25/391 [00:00<00:00, 12474.14it/s, Materializing param=encoder.layer.1.attention.output.dense.weight]
Loading weights:   6%|▋         | 25/391 [00:00<00:00, 12474.14it/s, Materializing param=encoder.layer.1.attention.output.dense.weight]
Loading weights:   7%|▋         | 26/391 [00:00<00:00, 12973.10it/s, Materializing param=encoder.layer.1.attention.self.key.bias]      
Loading weights:   7%|▋         | 26/391 [00:00<00:00, 12973.10it/s, Materializing param=encoder.layer.1.attention.self.key.bias]
Loading weights:   7%|▋         | 27/391 [00:00<00:00, 13472.07it/s, Materializing param=encoder.layer.1.attention.self.key.weight]
Loading weights:   7%|▋         | 27/391 [00:00<00:00, 13472.07it/s, Materializing param=encoder.layer.1.attention.self.key.weight]
Loading weights:   7%|▋         | 28/391 [00:00<00:00, 13971.03it/s, Materializing param=encoder.layer.1.attention.self.query.bias]
Loading weights:   7%|▋         | 28/391 [00:00<00:00, 13971.03it/s, Materializing param=encoder.layer.1.attention.self.query.bias]
Loading weights:   7%|▋         | 29/391 [00:00<00:00, 14470.00it/s, Materializing param=encoder.layer.1.attention.self.query.weight]
Loading weights:   7%|▋         | 29/391 [00:00<00:00, 14470.00it/s, Materializing param=encoder.layer.1.attention.self.query.weight]
Loading weights:   8%|▊         | 30/391 [00:00<00:00, 14968.97it/s, Materializing param=encoder.layer.1.attention.self.value.bias]  
Loading weights:   8%|▊         | 30/391 [00:00<00:00, 14968.97it/s, Materializing param=encoder.layer.1.attention.self.value.bias]
Loading weights:   8%|▊         | 31/391 [00:00<00:00, 15467.93it/s, Materializing param=encoder.layer.1.attention.self.value.weight]
Loading weights:   8%|▊         | 31/391 [00:00<00:00, 15467.93it/s, Materializing param=encoder.layer.1.attention.self.value.weight]
Loading weights:   8%|▊         | 32/391 [00:00<00:00, 15966.90it/s, Materializing param=encoder.layer.1.intermediate.dense.bias]    
Loading weights:   8%|▊         | 32/391 [00:00<00:00, 15966.90it/s, Materializing param=encoder.layer.1.intermediate.dense.bias]
Loading weights:   8%|▊         | 33/391 [00:00<00:00, 16465.86it/s, Materializing param=encoder.layer.1.intermediate.dense.weight]
Loading weights:   8%|▊         | 33/391 [00:00<00:00, 16465.86it/s, Materializing param=encoder.layer.1.intermediate.dense.weight]
Loading weights:   9%|▊         | 34/391 [00:00<00:00, 7385.10it/s, Materializing param=encoder.layer.1.output.LayerNorm.bias]     
Loading weights:   9%|▊         | 34/391 [00:00<00:00, 7385.10it/s, Materializing param=encoder.layer.1.output.LayerNorm.bias]
Loading weights:   9%|▉         | 35/391 [00:00<00:00, 7602.31it/s, Materializing param=encoder.layer.1.output.LayerNorm.weight]
Loading weights:   9%|▉         | 35/391 [00:00<00:00, 7602.31it/s, Materializing param=encoder.layer.1.output.LayerNorm.weight]
Loading weights:   9%|▉         | 36/391 [00:00<00:00, 7819.52it/s, Materializing param=encoder.layer.1.output.dense.bias]      
Loading weights:   9%|▉         | 36/391 [00:00<00:00, 7819.52it/s, Materializing param=encoder.layer.1.output.dense.bias]
Loading weights:   9%|▉         | 37/391 [00:00<00:00, 8036.73it/s, Materializing param=encoder.layer.1.output.dense.weight]
Loading weights:   9%|▉         | 37/391 [00:00<00:00, 8036.73it/s, Materializing param=encoder.layer.1.output.dense.weight]
Loading weights:  10%|▉         | 38/391 [00:00<00:00, 8253.94it/s, Materializing param=encoder.layer.2.attention.output.LayerNorm.bias]
Loading weights:  10%|▉         | 38/391 [00:00<00:00, 8253.94it/s, Materializing param=encoder.layer.2.attention.output.LayerNorm.bias]
Loading weights:  10%|▉         | 39/391 [00:00<00:00, 8471.15it/s, Materializing param=encoder.layer.2.attention.output.LayerNorm.weight]
Loading weights:  10%|▉         | 39/391 [00:00<00:00, 8471.15it/s, Materializing param=encoder.layer.2.attention.output.LayerNorm.weight]
Loading weights:  10%|█         | 40/391 [00:00<00:00, 8688.36it/s, Materializing param=encoder.layer.2.attention.output.dense.bias]      
Loading weights:  10%|█         | 40/391 [00:00<00:00, 8688.36it/s, Materializing param=encoder.layer.2.attention.output.dense.bias]
Loading weights:  10%|█         | 41/391 [00:00<00:00, 8905.57it/s, Materializing param=encoder.layer.2.attention.output.dense.weight]
Loading weights:  10%|█         | 41/391 [00:00<00:00, 8905.57it/s, Materializing param=encoder.layer.2.attention.output.dense.weight]
Loading weights:  11%|█         | 42/391 [00:00<00:00, 9122.77it/s, Materializing param=encoder.layer.2.attention.self.key.bias]      
Loading weights:  11%|█         | 42/391 [00:00<00:00, 9122.77it/s, Materializing param=encoder.layer.2.attention.self.key.bias]
Loading weights:  11%|█         | 43/391 [00:00<00:00, 9339.98it/s, Materializing param=encoder.layer.2.attention.self.key.weight]
Loading weights:  11%|█         | 43/391 [00:00<00:00, 9339.98it/s, Materializing param=encoder.layer.2.attention.self.key.weight]
Loading weights:  11%|█▏        | 44/391 [00:00<00:00, 9557.19it/s, Materializing param=encoder.layer.2.attention.self.query.bias]
Loading weights:  11%|█▏        | 44/391 [00:00<00:00, 9557.19it/s, Materializing param=encoder.layer.2.attention.self.query.bias]
Loading weights:  12%|█▏        | 45/391 [00:00<00:00, 9774.40it/s, Materializing param=encoder.layer.2.attention.self.query.weight]
Loading weights:  12%|█▏        | 45/391 [00:00<00:00, 9774.40it/s, Materializing param=encoder.layer.2.attention.self.query.weight]
Loading weights:  12%|█▏        | 46/391 [00:00<00:00, 9991.61it/s, Materializing param=encoder.layer.2.attention.self.value.bias]  
Loading weights:  12%|█▏        | 46/391 [00:00<00:00, 9991.61it/s, Materializing param=encoder.layer.2.attention.self.value.bias]
Loading weights:  12%|█▏        | 47/391 [00:00<00:00, 10208.82it/s, Materializing param=encoder.layer.2.attention.self.value.weight]
Loading weights:  12%|█▏        | 47/391 [00:00<00:00, 10208.82it/s, Materializing param=encoder.layer.2.attention.self.value.weight]
Loading weights:  12%|█▏        | 48/391 [00:00<00:00, 10426.03it/s, Materializing param=encoder.layer.2.intermediate.dense.bias]    
Loading weights:  12%|█▏        | 48/391 [00:00<00:00, 10426.03it/s, Materializing param=encoder.layer.2.intermediate.dense.bias]
Loading weights:  13%|█▎        | 49/391 [00:00<00:00, 10643.24it/s, Materializing param=encoder.layer.2.intermediate.dense.weight]
Loading weights:  13%|█▎        | 49/391 [00:00<00:00, 10643.24it/s, Materializing param=encoder.layer.2.intermediate.dense.weight]
Loading weights:  13%|█▎        | 50/391 [00:00<00:00, 10860.45it/s, Materializing param=encoder.layer.2.output.LayerNorm.bias]    
Loading weights:  13%|█▎        | 50/391 [00:00<00:00, 10860.45it/s, Materializing param=encoder.layer.2.output.LayerNorm.bias]
Loading weights:  13%|█▎        | 51/391 [00:00<00:00, 11077.65it/s, Materializing param=encoder.layer.2.output.LayerNorm.weight]
Loading weights:  13%|█▎        | 51/391 [00:00<00:00, 11077.65it/s, Materializing param=encoder.layer.2.output.LayerNorm.weight]
Loading weights:  13%|█▎        | 52/391 [00:00<00:00, 11294.86it/s, Materializing param=encoder.layer.2.output.dense.bias]      
Loading weights:  13%|█▎        | 52/391 [00:00<00:00, 11294.86it/s, Materializing param=encoder.layer.2.output.dense.bias]
Loading weights:  14%|█▎        | 53/391 [00:00<00:00, 11512.07it/s, Materializing param=encoder.layer.2.output.dense.weight]
Loading weights:  14%|█▎        | 53/391 [00:00<00:00, 11512.07it/s, Materializing param=encoder.layer.2.output.dense.weight]
Loading weights:  14%|█▍        | 54/391 [00:00<00:00, 11729.28it/s, Materializing param=encoder.layer.3.attention.output.LayerNorm.bias]
Loading weights:  14%|█▍        | 54/391 [00:00<00:00, 11729.28it/s, Materializing param=encoder.layer.3.attention.output.LayerNorm.bias]
Loading weights:  14%|█▍        | 55/391 [00:00<00:00, 11946.49it/s, Materializing param=encoder.layer.3.attention.output.LayerNorm.weight]
Loading weights:  14%|█▍        | 55/391 [00:00<00:00, 11946.49it/s, Materializing param=encoder.layer.3.attention.output.LayerNorm.weight]
Loading weights:  14%|█▍        | 56/391 [00:00<00:00, 12163.70it/s, Materializing param=encoder.layer.3.attention.output.dense.bias]      
Loading weights:  14%|█▍        | 56/391 [00:00<00:00, 12163.70it/s, Materializing param=encoder.layer.3.attention.output.dense.bias]
Loading weights:  15%|█▍        | 57/391 [00:00<00:00, 12380.91it/s, Materializing param=encoder.layer.3.attention.output.dense.weight]
Loading weights:  15%|█▍        | 57/391 [00:00<00:00, 12380.91it/s, Materializing param=encoder.layer.3.attention.output.dense.weight]
Loading weights:  15%|█▍        | 58/391 [00:00<00:00, 12598.12it/s, Materializing param=encoder.layer.3.attention.self.key.bias]      
Loading weights:  15%|█▍        | 58/391 [00:00<00:00, 12598.12it/s, Materializing param=encoder.layer.3.attention.self.key.bias]
Loading weights:  15%|█▌        | 59/391 [00:00<00:00, 12815.33it/s, Materializing param=encoder.layer.3.attention.self.key.weight]
Loading weights:  15%|█▌        | 59/391 [00:00<00:00, 12815.33it/s, Materializing param=encoder.layer.3.attention.self.key.weight]
Loading weights:  15%|█▌        | 60/391 [00:00<00:00, 13032.53it/s, Materializing param=encoder.layer.3.attention.self.query.bias]
Loading weights:  15%|█▌        | 60/391 [00:00<00:00, 13032.53it/s, Materializing param=encoder.layer.3.attention.self.query.bias]
Loading weights:  16%|█▌        | 61/391 [00:00<00:00, 13249.74it/s, Materializing param=encoder.layer.3.attention.self.query.weight]
Loading weights:  16%|█▌        | 61/391 [00:00<00:00, 13249.74it/s, Materializing param=encoder.layer.3.attention.self.query.weight]
Loading weights:  16%|█▌        | 62/391 [00:00<00:00, 13466.95it/s, Materializing param=encoder.layer.3.attention.self.value.bias]  
Loading weights:  16%|█▌        | 62/391 [00:00<00:00, 13466.95it/s, Materializing param=encoder.layer.3.attention.self.value.bias]
Loading weights:  16%|█▌        | 63/391 [00:00<00:00, 13684.16it/s, Materializing param=encoder.layer.3.attention.self.value.weight]
Loading weights:  16%|█▌        | 63/391 [00:00<00:00, 13684.16it/s, Materializing param=encoder.layer.3.attention.self.value.weight]
Loading weights:  16%|█▋        | 64/391 [00:00<00:00, 13901.37it/s, Materializing param=encoder.layer.3.intermediate.dense.bias]    
Loading weights:  16%|█▋        | 64/391 [00:00<00:00, 13901.37it/s, Materializing param=encoder.layer.3.intermediate.dense.bias]
Loading weights:  17%|█▋        | 65/391 [00:00<00:00, 14118.58it/s, Materializing param=encoder.layer.3.intermediate.dense.weight]
Loading weights:  17%|█▋        | 65/391 [00:00<00:00, 14118.58it/s, Materializing param=encoder.layer.3.intermediate.dense.weight]
Loading weights:  17%|█▋        | 66/391 [00:00<00:00, 9928.06it/s, Materializing param=encoder.layer.3.output.LayerNorm.bias]     
Loading weights:  17%|█▋        | 66/391 [00:00<00:00, 9928.06it/s, Materializing param=encoder.layer.3.output.LayerNorm.bias]
Loading weights:  17%|█▋        | 67/391 [00:00<00:00, 10078.48it/s, Materializing param=encoder.layer.3.output.LayerNorm.weight]
Loading weights:  17%|█▋        | 67/391 [00:00<00:00, 10078.48it/s, Materializing param=encoder.layer.3.output.LayerNorm.weight]
Loading weights:  17%|█▋        | 68/391 [00:00<00:00, 10228.91it/s, Materializing param=encoder.layer.3.output.dense.bias]      
Loading weights:  17%|█▋        | 68/391 [00:00<00:00, 10228.91it/s, Materializing param=encoder.layer.3.output.dense.bias]
Loading weights:  18%|█▊        | 69/391 [00:00<00:00, 10379.33it/s, Materializing param=encoder.layer.3.output.dense.weight]
Loading weights:  18%|█▊        | 69/391 [00:00<00:00, 10379.33it/s, Materializing param=encoder.layer.3.output.dense.weight]
Loading weights:  18%|█▊        | 70/391 [00:00<00:00, 10529.76it/s, Materializing param=encoder.layer.4.attention.output.LayerNorm.bias]
Loading weights:  18%|█▊        | 70/391 [00:00<00:00, 10529.76it/s, Materializing param=encoder.layer.4.attention.output.LayerNorm.bias]
Loading weights:  18%|█▊        | 71/391 [00:00<00:00, 10680.18it/s, Materializing param=encoder.layer.4.attention.output.LayerNorm.weight]
Loading weights:  18%|█▊        | 71/391 [00:00<00:00, 10680.18it/s, Materializing param=encoder.layer.4.attention.output.LayerNorm.weight]
Loading weights:  18%|█▊        | 72/391 [00:00<00:00, 10830.61it/s, Materializing param=encoder.layer.4.attention.output.dense.bias]      
Loading weights:  18%|█▊        | 72/391 [00:00<00:00, 10830.61it/s, Materializing param=encoder.layer.4.attention.output.dense.bias]
Loading weights:  19%|█▊        | 73/391 [00:00<00:00, 10981.03it/s, Materializing param=encoder.layer.4.attention.output.dense.weight]
Loading weights:  19%|█▊        | 73/391 [00:00<00:00, 10981.03it/s, Materializing param=encoder.layer.4.attention.output.dense.weight]
Loading weights:  19%|█▉        | 74/391 [00:00<00:00, 11131.46it/s, Materializing param=encoder.layer.4.attention.self.key.bias]      
Loading weights:  19%|█▉        | 74/391 [00:00<00:00, 10341.47it/s, Materializing param=encoder.layer.4.attention.self.key.bias]
Loading weights:  19%|█▉        | 75/391 [00:00<00:00, 10481.22it/s, Materializing param=encoder.layer.4.attention.self.key.weight]
Loading weights:  19%|█▉        | 75/391 [00:00<00:00, 10481.22it/s, Materializing param=encoder.layer.4.attention.self.key.weight]
Loading weights:  19%|█▉        | 76/391 [00:00<00:00, 10620.97it/s, Materializing param=encoder.layer.4.attention.self.query.bias]
Loading weights:  19%|█▉        | 76/391 [00:00<00:00, 10620.97it/s, Materializing param=encoder.layer.4.attention.self.query.bias]
Loading weights:  20%|█▉        | 77/391 [00:00<00:00, 10760.72it/s, Materializing param=encoder.layer.4.attention.self.query.weight]
Loading weights:  20%|█▉        | 77/391 [00:00<00:00, 10760.72it/s, Materializing param=encoder.layer.4.attention.self.query.weight]
Loading weights:  20%|█▉        | 78/391 [00:00<00:00, 10900.47it/s, Materializing param=encoder.layer.4.attention.self.value.bias]  
Loading weights:  20%|█▉        | 78/391 [00:00<00:00, 10900.47it/s, Materializing param=encoder.layer.4.attention.self.value.bias]
Loading weights:  20%|██        | 79/391 [00:00<00:00, 11040.22it/s, Materializing param=encoder.layer.4.attention.self.value.weight]
Loading weights:  20%|██        | 79/391 [00:00<00:00, 11040.22it/s, Materializing param=encoder.layer.4.attention.self.value.weight]
Loading weights:  20%|██        | 80/391 [00:00<00:00, 11179.97it/s, Materializing param=encoder.layer.4.intermediate.dense.bias]    
Loading weights:  20%|██        | 80/391 [00:00<00:00, 11179.97it/s, Materializing param=encoder.layer.4.intermediate.dense.bias]
Loading weights:  21%|██        | 81/391 [00:00<00:00, 11319.72it/s, Materializing param=encoder.layer.4.intermediate.dense.weight]
Loading weights:  21%|██        | 81/391 [00:00<00:00, 11319.72it/s, Materializing param=encoder.layer.4.intermediate.dense.weight]
Loading weights:  21%|██        | 82/391 [00:00<00:00, 11459.47it/s, Materializing param=encoder.layer.4.output.LayerNorm.bias]    
Loading weights:  21%|██        | 82/391 [00:00<00:00, 11459.47it/s, Materializing param=encoder.layer.4.output.LayerNorm.bias]
Loading weights:  21%|██        | 83/391 [00:00<00:00, 11599.21it/s, Materializing param=encoder.layer.4.output.LayerNorm.weight]
Loading weights:  21%|██        | 83/391 [00:00<00:00, 11599.21it/s, Materializing param=encoder.layer.4.output.LayerNorm.weight]
Loading weights:  21%|██▏       | 84/391 [00:00<00:00, 11738.96it/s, Materializing param=encoder.layer.4.output.dense.bias]      
Loading weights:  21%|██▏       | 84/391 [00:00<00:00, 11738.96it/s, Materializing param=encoder.layer.4.output.dense.bias]
Loading weights:  22%|██▏       | 85/391 [00:00<00:00, 11878.71it/s, Materializing param=encoder.layer.4.output.dense.weight]
Loading weights:  22%|██▏       | 85/391 [00:00<00:00, 11878.71it/s, Materializing param=encoder.layer.4.output.dense.weight]
Loading weights:  22%|██▏       | 86/391 [00:00<00:00, 12018.46it/s, Materializing param=encoder.layer.5.attention.output.LayerNorm.bias]
Loading weights:  22%|██▏       | 86/391 [00:00<00:00, 12018.46it/s, Materializing param=encoder.layer.5.attention.output.LayerNorm.bias]
Loading weights:  22%|██▏       | 87/391 [00:00<00:00, 12158.21it/s, Materializing param=encoder.layer.5.attention.output.LayerNorm.weight]
Loading weights:  22%|██▏       | 87/391 [00:00<00:00, 12158.21it/s, Materializing param=encoder.layer.5.attention.output.LayerNorm.weight]
Loading weights:  23%|██▎       | 88/391 [00:00<00:00, 12297.96it/s, Materializing param=encoder.layer.5.attention.output.dense.bias]      
Loading weights:  23%|██▎       | 88/391 [00:00<00:00, 12297.96it/s, Materializing param=encoder.layer.5.attention.output.dense.bias]
Loading weights:  23%|██▎       | 89/391 [00:00<00:00, 12437.71it/s, Materializing param=encoder.layer.5.attention.output.dense.weight]
Loading weights:  23%|██▎       | 89/391 [00:00<00:00, 12437.71it/s, Materializing param=encoder.layer.5.attention.output.dense.weight]
Loading weights:  23%|██▎       | 90/391 [00:00<00:00, 12577.46it/s, Materializing param=encoder.layer.5.attention.self.key.bias]      
Loading weights:  23%|██▎       | 90/391 [00:00<00:00, 12577.46it/s, Materializing param=encoder.layer.5.attention.self.key.bias]
Loading weights:  23%|██▎       | 91/391 [00:00<00:00, 12717.21it/s, Materializing param=encoder.layer.5.attention.self.key.weight]
Loading weights:  23%|██▎       | 91/391 [00:00<00:00, 12717.21it/s, Materializing param=encoder.layer.5.attention.self.key.weight]
Loading weights:  24%|██▎       | 92/391 [00:00<00:00, 12856.96it/s, Materializing param=encoder.layer.5.attention.self.query.bias]
Loading weights:  24%|██▎       | 92/391 [00:00<00:00, 12856.96it/s, Materializing param=encoder.layer.5.attention.self.query.bias]
Loading weights:  24%|██▍       | 93/391 [00:00<00:00, 12996.71it/s, Materializing param=encoder.layer.5.attention.self.query.weight]
Loading weights:  24%|██▍       | 93/391 [00:00<00:00, 12996.71it/s, Materializing param=encoder.layer.5.attention.self.query.weight]
Loading weights:  24%|██▍       | 94/391 [00:00<00:00, 13136.46it/s, Materializing param=encoder.layer.5.attention.self.value.bias]  
Loading weights:  24%|██▍       | 94/391 [00:00<00:00, 13136.46it/s, Materializing param=encoder.layer.5.attention.self.value.bias]
Loading weights:  24%|██▍       | 95/391 [00:00<00:00, 13276.21it/s, Materializing param=encoder.layer.5.attention.self.value.weight]
Loading weights:  24%|██▍       | 95/391 [00:00<00:00, 13276.21it/s, Materializing param=encoder.layer.5.attention.self.value.weight]
Loading weights:  25%|██▍       | 96/391 [00:00<00:00, 13415.96it/s, Materializing param=encoder.layer.5.intermediate.dense.bias]    
Loading weights:  25%|██▍       | 96/391 [00:00<00:00, 13415.96it/s, Materializing param=encoder.layer.5.intermediate.dense.bias]
Loading weights:  25%|██▍       | 97/391 [00:00<00:00, 13555.71it/s, Materializing param=encoder.layer.5.intermediate.dense.weight]
Loading weights:  25%|██▍       | 97/391 [00:00<00:00, 13555.71it/s, Materializing param=encoder.layer.5.intermediate.dense.weight]
Loading weights:  25%|██▌       | 98/391 [00:00<00:00, 13695.46it/s, Materializing param=encoder.layer.5.output.LayerNorm.bias]    
Loading weights:  25%|██▌       | 98/391 [00:00<00:00, 13695.46it/s, Materializing param=encoder.layer.5.output.LayerNorm.bias]
Loading weights:  25%|██▌       | 99/391 [00:00<00:00, 13835.21it/s, Materializing param=encoder.layer.5.output.LayerNorm.weight]
Loading weights:  25%|██▌       | 99/391 [00:00<00:00, 13835.21it/s, Materializing param=encoder.layer.5.output.LayerNorm.weight]
Loading weights:  26%|██▌       | 100/391 [00:00<00:00, 13974.96it/s, Materializing param=encoder.layer.5.output.dense.bias]     
Loading weights:  26%|██▌       | 100/391 [00:00<00:00, 13974.96it/s, Materializing param=encoder.layer.5.output.dense.bias]
Loading weights:  26%|██▌       | 101/391 [00:00<00:00, 14114.71it/s, Materializing param=encoder.layer.5.output.dense.weight]
Loading weights:  26%|██▌       | 101/391 [00:00<00:00, 14114.71it/s, Materializing param=encoder.layer.5.output.dense.weight]
Loading weights:  26%|██▌       | 102/391 [00:00<00:00, 14254.46it/s, Materializing param=encoder.layer.6.attention.output.LayerNorm.bias]
Loading weights:  26%|██▌       | 102/391 [00:00<00:00, 14254.46it/s, Materializing param=encoder.layer.6.attention.output.LayerNorm.bias]
Loading weights:  26%|██▋       | 103/391 [00:00<00:00, 14394.21it/s, Materializing param=encoder.layer.6.attention.output.LayerNorm.weight]
Loading weights:  26%|██▋       | 103/391 [00:00<00:00, 14394.21it/s, Materializing param=encoder.layer.6.attention.output.LayerNorm.weight]
Loading weights:  27%|██▋       | 104/391 [00:00<00:00, 14533.96it/s, Materializing param=encoder.layer.6.attention.output.dense.bias]      
Loading weights:  27%|██▋       | 104/391 [00:00<00:00, 14533.96it/s, Materializing param=encoder.layer.6.attention.output.dense.bias]
Loading weights:  27%|██▋       | 105/391 [00:00<00:00, 14673.71it/s, Materializing param=encoder.layer.6.attention.output.dense.weight]
Loading weights:  27%|██▋       | 105/391 [00:00<00:00, 14673.71it/s, Materializing param=encoder.layer.6.attention.output.dense.weight]
Loading weights:  27%|██▋       | 106/391 [00:00<00:00, 14813.45it/s, Materializing param=encoder.layer.6.attention.self.key.bias]      
Loading weights:  27%|██▋       | 106/391 [00:00<00:00, 14813.45it/s, Materializing param=encoder.layer.6.attention.self.key.bias]
Loading weights:  27%|██▋       | 107/391 [00:00<00:00, 14953.20it/s, Materializing param=encoder.layer.6.attention.self.key.weight]
Loading weights:  27%|██▋       | 107/391 [00:00<00:00, 14953.20it/s, Materializing param=encoder.layer.6.attention.self.key.weight]
Loading weights:  28%|██▊       | 108/391 [00:00<00:00, 15092.95it/s, Materializing param=encoder.layer.6.attention.self.query.bias]
Loading weights:  28%|██▊       | 108/391 [00:00<00:00, 15092.95it/s, Materializing param=encoder.layer.6.attention.self.query.bias]
Loading weights:  28%|██▊       | 109/391 [00:00<00:00, 15232.70it/s, Materializing param=encoder.layer.6.attention.self.query.weight]
Loading weights:  28%|██▊       | 109/391 [00:00<00:00, 15232.70it/s, Materializing param=encoder.layer.6.attention.self.query.weight]
Loading weights:  28%|██▊       | 110/391 [00:00<00:00, 15372.45it/s, Materializing param=encoder.layer.6.attention.self.value.bias]  
Loading weights:  28%|██▊       | 110/391 [00:00<00:00, 15372.45it/s, Materializing param=encoder.layer.6.attention.self.value.bias]
Loading weights:  28%|██▊       | 111/391 [00:00<00:00, 15512.20it/s, Materializing param=encoder.layer.6.attention.self.value.weight]
Loading weights:  28%|██▊       | 111/391 [00:00<00:00, 15512.20it/s, Materializing param=encoder.layer.6.attention.self.value.weight]
Loading weights:  29%|██▊       | 112/391 [00:00<00:00, 15651.95it/s, Materializing param=encoder.layer.6.intermediate.dense.bias]    
Loading weights:  29%|██▊       | 112/391 [00:00<00:00, 15651.95it/s, Materializing param=encoder.layer.6.intermediate.dense.bias]
Loading weights:  29%|██▉       | 113/391 [00:00<00:00, 15791.70it/s, Materializing param=encoder.layer.6.intermediate.dense.weight]
Loading weights:  29%|██▉       | 113/391 [00:00<00:00, 15791.70it/s, Materializing param=encoder.layer.6.intermediate.dense.weight]
Loading weights:  29%|██▉       | 114/391 [00:00<00:00, 15931.45it/s, Materializing param=encoder.layer.6.output.LayerNorm.bias]    
Loading weights:  29%|██▉       | 114/391 [00:00<00:00, 15931.45it/s, Materializing param=encoder.layer.6.output.LayerNorm.bias]
Loading weights:  29%|██▉       | 115/391 [00:00<00:00, 16071.20it/s, Materializing param=encoder.layer.6.output.LayerNorm.weight]
Loading weights:  29%|██▉       | 115/391 [00:00<00:00, 16071.20it/s, Materializing param=encoder.layer.6.output.LayerNorm.weight]
Loading weights:  30%|██▉       | 116/391 [00:00<00:00, 16210.95it/s, Materializing param=encoder.layer.6.output.dense.bias]      
Loading weights:  30%|██▉       | 116/391 [00:00<00:00, 16210.95it/s, Materializing param=encoder.layer.6.output.dense.bias]
Loading weights:  30%|██▉       | 117/391 [00:00<00:00, 12026.90it/s, Materializing param=encoder.layer.6.output.dense.weight]
Loading weights:  30%|██▉       | 117/391 [00:00<00:00, 12026.90it/s, Materializing param=encoder.layer.6.output.dense.weight]
Loading weights:  30%|███       | 118/391 [00:00<00:00, 12129.69it/s, Materializing param=encoder.layer.7.attention.output.LayerNorm.bias]
Loading weights:  30%|███       | 118/391 [00:00<00:00, 12129.69it/s, Materializing param=encoder.layer.7.attention.output.LayerNorm.bias]
Loading weights:  30%|███       | 119/391 [00:00<00:00, 12232.49it/s, Materializing param=encoder.layer.7.attention.output.LayerNorm.weight]
Loading weights:  30%|███       | 119/391 [00:00<00:00, 12232.49it/s, Materializing param=encoder.layer.7.attention.output.LayerNorm.weight]
Loading weights:  31%|███       | 120/391 [00:00<00:00, 12335.28it/s, Materializing param=encoder.layer.7.attention.output.dense.bias]      
Loading weights:  31%|███       | 120/391 [00:00<00:00, 12335.28it/s, Materializing param=encoder.layer.7.attention.output.dense.bias]
Loading weights:  31%|███       | 121/391 [00:00<00:00, 12438.08it/s, Materializing param=encoder.layer.7.attention.output.dense.weight]
Loading weights:  31%|███       | 121/391 [00:00<00:00, 12438.08it/s, Materializing param=encoder.layer.7.attention.output.dense.weight]
Loading weights:  31%|███       | 122/391 [00:00<00:00, 12540.87it/s, Materializing param=encoder.layer.7.attention.self.key.bias]      
Loading weights:  31%|███       | 122/391 [00:00<00:00, 12540.87it/s, Materializing param=encoder.layer.7.attention.self.key.bias]
Loading weights:  31%|███▏      | 123/391 [00:00<00:00, 12643.66it/s, Materializing param=encoder.layer.7.attention.self.key.weight]
Loading weights:  31%|███▏      | 123/391 [00:00<00:00, 12643.66it/s, Materializing param=encoder.layer.7.attention.self.key.weight]
Loading weights:  32%|███▏      | 124/391 [00:00<00:00, 12746.46it/s, Materializing param=encoder.layer.7.attention.self.query.bias]
Loading weights:  32%|███▏      | 124/391 [00:00<00:00, 12746.46it/s, Materializing param=encoder.layer.7.attention.self.query.bias]
Loading weights:  32%|███▏      | 125/391 [00:00<00:00, 12849.25it/s, Materializing param=encoder.layer.7.attention.self.query.weight]
Loading weights:  32%|███▏      | 125/391 [00:00<00:00, 12849.25it/s, Materializing param=encoder.layer.7.attention.self.query.weight]
Loading weights:  32%|███▏      | 126/391 [00:00<00:00, 12952.05it/s, Materializing param=encoder.layer.7.attention.self.value.bias]  
Loading weights:  32%|███▏      | 126/391 [00:00<00:00, 12952.05it/s, Materializing param=encoder.layer.7.attention.self.value.bias]
Loading weights:  32%|███▏      | 127/391 [00:00<00:00, 13054.84it/s, Materializing param=encoder.layer.7.attention.self.value.weight]
Loading weights:  32%|███▏      | 127/391 [00:00<00:00, 13054.84it/s, Materializing param=encoder.layer.7.attention.self.value.weight]
Loading weights:  33%|███▎      | 128/391 [00:00<00:00, 13157.63it/s, Materializing param=encoder.layer.7.intermediate.dense.bias]    
Loading weights:  33%|███▎      | 128/391 [00:00<00:00, 13157.63it/s, Materializing param=encoder.layer.7.intermediate.dense.bias]
Loading weights:  33%|███▎      | 129/391 [00:00<00:00, 13260.43it/s, Materializing param=encoder.layer.7.intermediate.dense.weight]
Loading weights:  33%|███▎      | 129/391 [00:00<00:00, 13260.43it/s, Materializing param=encoder.layer.7.intermediate.dense.weight]
Loading weights:  33%|███▎      | 130/391 [00:00<00:00, 13363.22it/s, Materializing param=encoder.layer.7.output.LayerNorm.bias]    
Loading weights:  33%|███▎      | 130/391 [00:00<00:00, 13363.22it/s, Materializing param=encoder.layer.7.output.LayerNorm.bias]
Loading weights:  34%|███▎      | 131/391 [00:00<00:00, 13466.02it/s, Materializing param=encoder.layer.7.output.LayerNorm.weight]
Loading weights:  34%|███▎      | 131/391 [00:00<00:00, 13466.02it/s, Materializing param=encoder.layer.7.output.LayerNorm.weight]
Loading weights:  34%|███▍      | 132/391 [00:00<00:00, 13568.81it/s, Materializing param=encoder.layer.7.output.dense.bias]      
Loading weights:  34%|███▍      | 132/391 [00:00<00:00, 13568.81it/s, Materializing param=encoder.layer.7.output.dense.bias]
Loading weights:  34%|███▍      | 133/391 [00:00<00:00, 13671.60it/s, Materializing param=encoder.layer.7.output.dense.weight]
Loading weights:  34%|███▍      | 133/391 [00:00<00:00, 13671.60it/s, Materializing param=encoder.layer.7.output.dense.weight]
Loading weights:  34%|███▍      | 134/391 [00:00<00:00, 13774.40it/s, Materializing param=encoder.layer.8.attention.output.LayerNorm.bias]
Loading weights:  34%|███▍      | 134/391 [00:00<00:00, 13774.40it/s, Materializing param=encoder.layer.8.attention.output.LayerNorm.bias]
Loading weights:  35%|███▍      | 135/391 [00:00<00:00, 13877.19it/s, Materializing param=encoder.layer.8.attention.output.LayerNorm.weight]
Loading weights:  35%|███▍      | 135/391 [00:00<00:00, 13877.19it/s, Materializing param=encoder.layer.8.attention.output.LayerNorm.weight]
Loading weights:  35%|███▍      | 136/391 [00:00<00:00, 13979.99it/s, Materializing param=encoder.layer.8.attention.output.dense.bias]      
Loading weights:  35%|███▍      | 136/391 [00:00<00:00, 13979.99it/s, Materializing param=encoder.layer.8.attention.output.dense.bias]
Loading weights:  35%|███▌      | 137/391 [00:00<00:00, 14082.78it/s, Materializing param=encoder.layer.8.attention.output.dense.weight]
Loading weights:  35%|███▌      | 137/391 [00:00<00:00, 14082.78it/s, Materializing param=encoder.layer.8.attention.output.dense.weight]
Loading weights:  35%|███▌      | 138/391 [00:00<00:00, 14185.57it/s, Materializing param=encoder.layer.8.attention.self.key.bias]      
Loading weights:  35%|███▌      | 138/391 [00:00<00:00, 14185.57it/s, Materializing param=encoder.layer.8.attention.self.key.bias]
Loading weights:  36%|███▌      | 139/391 [00:00<00:00, 14288.37it/s, Materializing param=encoder.layer.8.attention.self.key.weight]
Loading weights:  36%|███▌      | 139/391 [00:00<00:00, 14288.37it/s, Materializing param=encoder.layer.8.attention.self.key.weight]
Loading weights:  36%|███▌      | 140/391 [00:00<00:00, 14391.16it/s, Materializing param=encoder.layer.8.attention.self.query.bias]
Loading weights:  36%|███▌      | 140/391 [00:00<00:00, 14391.16it/s, Materializing param=encoder.layer.8.attention.self.query.bias]
Loading weights:  36%|███▌      | 141/391 [00:00<00:00, 14493.96it/s, Materializing param=encoder.layer.8.attention.self.query.weight]
Loading weights:  36%|███▌      | 141/391 [00:00<00:00, 14493.96it/s, Materializing param=encoder.layer.8.attention.self.query.weight]
Loading weights:  36%|███▋      | 142/391 [00:00<00:00, 14596.75it/s, Materializing param=encoder.layer.8.attention.self.value.bias]  
Loading weights:  36%|███▋      | 142/391 [00:00<00:00, 14596.75it/s, Materializing param=encoder.layer.8.attention.self.value.bias]
Loading weights:  37%|███▋      | 143/391 [00:00<00:00, 14699.54it/s, Materializing param=encoder.layer.8.attention.self.value.weight]
Loading weights:  37%|███▋      | 143/391 [00:00<00:00, 14699.54it/s, Materializing param=encoder.layer.8.attention.self.value.weight]
Loading weights:  37%|███▋      | 144/391 [00:00<00:00, 14802.34it/s, Materializing param=encoder.layer.8.intermediate.dense.bias]    
Loading weights:  37%|███▋      | 144/391 [00:00<00:00, 14802.34it/s, Materializing param=encoder.layer.8.intermediate.dense.bias]
Loading weights:  37%|███▋      | 145/391 [00:00<00:00, 14905.13it/s, Materializing param=encoder.layer.8.intermediate.dense.weight]
Loading weights:  37%|███▋      | 145/391 [00:00<00:00, 14905.13it/s, Materializing param=encoder.layer.8.intermediate.dense.weight]
Loading weights:  37%|███▋      | 146/391 [00:00<00:00, 15007.93it/s, Materializing param=encoder.layer.8.output.LayerNorm.bias]    
Loading weights:  37%|███▋      | 146/391 [00:00<00:00, 15007.93it/s, Materializing param=encoder.layer.8.output.LayerNorm.bias]
Loading weights:  38%|███▊      | 147/391 [00:00<00:00, 15110.72it/s, Materializing param=encoder.layer.8.output.LayerNorm.weight]
Loading weights:  38%|███▊      | 147/391 [00:00<00:00, 15110.72it/s, Materializing param=encoder.layer.8.output.LayerNorm.weight]
Loading weights:  38%|███▊      | 148/391 [00:00<00:00, 12610.09it/s, Materializing param=encoder.layer.8.output.dense.bias]      
Loading weights:  38%|███▊      | 148/391 [00:00<00:00, 12610.09it/s, Materializing param=encoder.layer.8.output.dense.bias]
Loading weights:  38%|███▊      | 149/391 [00:00<00:00, 12695.30it/s, Materializing param=encoder.layer.8.output.dense.weight]
Loading weights:  38%|███▊      | 149/391 [00:00<00:00, 12695.30it/s, Materializing param=encoder.layer.8.output.dense.weight]
Loading weights:  38%|███▊      | 150/391 [00:00<00:00, 12780.50it/s, Materializing param=encoder.layer.9.attention.output.LayerNorm.bias]
Loading weights:  38%|███▊      | 150/391 [00:00<00:00, 12780.50it/s, Materializing param=encoder.layer.9.attention.output.LayerNorm.bias]
Loading weights:  39%|███▊      | 151/391 [00:00<00:00, 12865.70it/s, Materializing param=encoder.layer.9.attention.output.LayerNorm.weight]
Loading weights:  39%|███▊      | 151/391 [00:00<00:00, 12865.70it/s, Materializing param=encoder.layer.9.attention.output.LayerNorm.weight]
Loading weights:  39%|███▉      | 152/391 [00:00<00:00, 12950.91it/s, Materializing param=encoder.layer.9.attention.output.dense.bias]      
Loading weights:  39%|███▉      | 152/391 [00:00<00:00, 12950.91it/s, Materializing param=encoder.layer.9.attention.output.dense.bias]
Loading weights:  39%|███▉      | 153/391 [00:00<00:00, 13036.11it/s, Materializing param=encoder.layer.9.attention.output.dense.weight]
Loading weights:  39%|███▉      | 153/391 [00:00<00:00, 13036.11it/s, Materializing param=encoder.layer.9.attention.output.dense.weight]
Loading weights:  39%|███▉      | 154/391 [00:00<00:00, 13121.31it/s, Materializing param=encoder.layer.9.attention.self.key.bias]      
Loading weights:  39%|███▉      | 154/391 [00:00<00:00, 13121.31it/s, Materializing param=encoder.layer.9.attention.self.key.bias]
Loading weights:  40%|███▉      | 155/391 [00:00<00:00, 13206.52it/s, Materializing param=encoder.layer.9.attention.self.key.weight]
Loading weights:  40%|███▉      | 155/391 [00:00<00:00, 13206.52it/s, Materializing param=encoder.layer.9.attention.self.key.weight]
Loading weights:  40%|███▉      | 156/391 [00:00<00:00, 12745.91it/s, Materializing param=encoder.layer.9.attention.self.query.bias]
Loading weights:  40%|███▉      | 156/391 [00:00<00:00, 12745.91it/s, Materializing param=encoder.layer.9.attention.self.query.bias]
Loading weights:  40%|████      | 157/391 [00:00<00:00, 12827.62it/s, Materializing param=encoder.layer.9.attention.self.query.weight]
Loading weights:  40%|████      | 157/391 [00:00<00:00, 12827.62it/s, Materializing param=encoder.layer.9.attention.self.query.weight]
Loading weights:  40%|████      | 158/391 [00:00<00:00, 12909.32it/s, Materializing param=encoder.layer.9.attention.self.value.bias]  
Loading weights:  40%|████      | 158/391 [00:00<00:00, 12909.32it/s, Materializing param=encoder.layer.9.attention.self.value.bias]
Loading weights:  41%|████      | 159/391 [00:00<00:00, 12991.03it/s, Materializing param=encoder.layer.9.attention.self.value.weight]
Loading weights:  41%|████      | 159/391 [00:00<00:00, 12991.03it/s, Materializing param=encoder.layer.9.attention.self.value.weight]
Loading weights:  41%|████      | 160/391 [00:00<00:00, 13072.73it/s, Materializing param=encoder.layer.9.intermediate.dense.bias]    
Loading weights:  41%|████      | 160/391 [00:00<00:00, 13072.73it/s, Materializing param=encoder.layer.9.intermediate.dense.bias]
Loading weights:  41%|████      | 161/391 [00:00<00:00, 13154.44it/s, Materializing param=encoder.layer.9.intermediate.dense.weight]
Loading weights:  41%|████      | 161/391 [00:00<00:00, 13154.44it/s, Materializing param=encoder.layer.9.intermediate.dense.weight]
Loading weights:  41%|████▏     | 162/391 [00:00<00:00, 13236.14it/s, Materializing param=encoder.layer.9.output.LayerNorm.bias]    
Loading weights:  41%|████▏     | 162/391 [00:00<00:00, 13236.14it/s, Materializing param=encoder.layer.9.output.LayerNorm.bias]
Loading weights:  42%|████▏     | 163/391 [00:00<00:00, 13317.84it/s, Materializing param=encoder.layer.9.output.LayerNorm.weight]
Loading weights:  42%|████▏     | 163/391 [00:00<00:00, 13317.84it/s, Materializing param=encoder.layer.9.output.LayerNorm.weight]
Loading weights:  42%|████▏     | 164/391 [00:00<00:00, 13399.55it/s, Materializing param=encoder.layer.9.output.dense.bias]      
Loading weights:  42%|████▏     | 164/391 [00:00<00:00, 13399.55it/s, Materializing param=encoder.layer.9.output.dense.bias]
Loading weights:  42%|████▏     | 165/391 [00:00<00:00, 13481.25it/s, Materializing param=encoder.layer.9.output.dense.weight]
Loading weights:  42%|████▏     | 165/391 [00:00<00:00, 13481.25it/s, Materializing param=encoder.layer.9.output.dense.weight]
Loading weights:  42%|████▏     | 166/391 [00:00<00:00, 13562.96it/s, Materializing param=encoder.layer.10.attention.output.LayerNorm.bias]
Loading weights:  42%|████▏     | 166/391 [00:00<00:00, 13562.96it/s, Materializing param=encoder.layer.10.attention.output.LayerNorm.bias]
Loading weights:  43%|████▎     | 167/391 [00:00<00:00, 13644.66it/s, Materializing param=encoder.layer.10.attention.output.LayerNorm.weight]
Loading weights:  43%|████▎     | 167/391 [00:00<00:00, 13644.66it/s, Materializing param=encoder.layer.10.attention.output.LayerNorm.weight]
Loading weights:  43%|████▎     | 168/391 [00:00<00:00, 13726.37it/s, Materializing param=encoder.layer.10.attention.output.dense.bias]      
Loading weights:  43%|████▎     | 168/391 [00:00<00:00, 13726.37it/s, Materializing param=encoder.layer.10.attention.output.dense.bias]
Loading weights:  43%|████▎     | 169/391 [00:00<00:00, 13808.07it/s, Materializing param=encoder.layer.10.attention.output.dense.weight]
Loading weights:  43%|████▎     | 169/391 [00:00<00:00, 13808.07it/s, Materializing param=encoder.layer.10.attention.output.dense.weight]
Loading weights:  43%|████▎     | 170/391 [00:00<00:00, 13889.78it/s, Materializing param=encoder.layer.10.attention.self.key.bias]      
Loading weights:  43%|████▎     | 170/391 [00:00<00:00, 13889.78it/s, Materializing param=encoder.layer.10.attention.self.key.bias]
Loading weights:  44%|████▎     | 171/391 [00:00<00:00, 13971.48it/s, Materializing param=encoder.layer.10.attention.self.key.weight]
Loading weights:  44%|████▎     | 171/391 [00:00<00:00, 13971.48it/s, Materializing param=encoder.layer.10.attention.self.key.weight]
Loading weights:  44%|████▍     | 172/391 [00:00<00:00, 14053.19it/s, Materializing param=encoder.layer.10.attention.self.query.bias]
Loading weights:  44%|████▍     | 172/391 [00:00<00:00, 14053.19it/s, Materializing param=encoder.layer.10.attention.self.query.bias]
Loading weights:  44%|████▍     | 173/391 [00:00<00:00, 14134.89it/s, Materializing param=encoder.layer.10.attention.self.query.weight]
Loading weights:  44%|████▍     | 173/391 [00:00<00:00, 14134.89it/s, Materializing param=encoder.layer.10.attention.self.query.weight]
Loading weights:  45%|████▍     | 174/391 [00:00<00:00, 14216.59it/s, Materializing param=encoder.layer.10.attention.self.value.bias]  
Loading weights:  45%|████▍     | 174/391 [00:00<00:00, 14216.59it/s, Materializing param=encoder.layer.10.attention.self.value.bias]
Loading weights:  45%|████▍     | 175/391 [00:00<00:00, 14298.30it/s, Materializing param=encoder.layer.10.attention.self.value.weight]
Loading weights:  45%|████▍     | 175/391 [00:00<00:00, 14298.30it/s, Materializing param=encoder.layer.10.attention.self.value.weight]
Loading weights:  45%|████▌     | 176/391 [00:00<00:00, 14380.00it/s, Materializing param=encoder.layer.10.intermediate.dense.bias]    
Loading weights:  45%|████▌     | 176/391 [00:00<00:00, 14380.00it/s, Materializing param=encoder.layer.10.intermediate.dense.bias]
Loading weights:  45%|████▌     | 177/391 [00:00<00:00, 14461.71it/s, Materializing param=encoder.layer.10.intermediate.dense.weight]
Loading weights:  45%|████▌     | 177/391 [00:00<00:00, 14461.71it/s, Materializing param=encoder.layer.10.intermediate.dense.weight]
Loading weights:  46%|████▌     | 178/391 [00:00<00:00, 14543.41it/s, Materializing param=encoder.layer.10.output.LayerNorm.bias]    
Loading weights:  46%|████▌     | 178/391 [00:00<00:00, 14543.41it/s, Materializing param=encoder.layer.10.output.LayerNorm.bias]
Loading weights:  46%|████▌     | 179/391 [00:00<00:00, 14625.12it/s, Materializing param=encoder.layer.10.output.LayerNorm.weight]
Loading weights:  46%|████▌     | 179/391 [00:00<00:00, 14625.12it/s, Materializing param=encoder.layer.10.output.LayerNorm.weight]
Loading weights:  46%|████▌     | 180/391 [00:00<00:00, 14706.82it/s, Materializing param=encoder.layer.10.output.dense.bias]      
Loading weights:  46%|████▌     | 180/391 [00:00<00:00, 14706.82it/s, Materializing param=encoder.layer.10.output.dense.bias]
Loading weights:  46%|████▋     | 181/391 [00:00<00:00, 14788.53it/s, Materializing param=encoder.layer.10.output.dense.weight]
Loading weights:  46%|████▋     | 181/391 [00:00<00:00, 14788.53it/s, Materializing param=encoder.layer.10.output.dense.weight]
Loading weights:  47%|████▋     | 182/391 [00:00<00:00, 14870.23it/s, Materializing param=encoder.layer.11.attention.output.LayerNorm.bias]
Loading weights:  47%|████▋     | 182/391 [00:00<00:00, 14870.23it/s, Materializing param=encoder.layer.11.attention.output.LayerNorm.bias]
Loading weights:  47%|████▋     | 183/391 [00:00<00:00, 14951.94it/s, Materializing param=encoder.layer.11.attention.output.LayerNorm.weight]
Loading weights:  47%|████▋     | 183/391 [00:00<00:00, 14951.94it/s, Materializing param=encoder.layer.11.attention.output.LayerNorm.weight]
Loading weights:  47%|████▋     | 184/391 [00:00<00:00, 15033.64it/s, Materializing param=encoder.layer.11.attention.output.dense.bias]      
Loading weights:  47%|████▋     | 184/391 [00:00<00:00, 15033.64it/s, Materializing param=encoder.layer.11.attention.output.dense.bias]
Loading weights:  47%|████▋     | 185/391 [00:00<00:00, 15115.35it/s, Materializing param=encoder.layer.11.attention.output.dense.weight]
Loading weights:  47%|████▋     | 185/391 [00:00<00:00, 15115.35it/s, Materializing param=encoder.layer.11.attention.output.dense.weight]
Loading weights:  48%|████▊     | 186/391 [00:00<00:00, 15197.05it/s, Materializing param=encoder.layer.11.attention.self.key.bias]      
Loading weights:  48%|████▊     | 186/391 [00:00<00:00, 15197.05it/s, Materializing param=encoder.layer.11.attention.self.key.bias]
Loading weights:  48%|████▊     | 187/391 [00:00<00:00, 15278.75it/s, Materializing param=encoder.layer.11.attention.self.key.weight]
Loading weights:  48%|████▊     | 187/391 [00:00<00:00, 15278.75it/s, Materializing param=encoder.layer.11.attention.self.key.weight]
Loading weights:  48%|████▊     | 188/391 [00:00<00:00, 15360.46it/s, Materializing param=encoder.layer.11.attention.self.query.bias]
Loading weights:  48%|████▊     | 188/391 [00:00<00:00, 15360.46it/s, Materializing param=encoder.layer.11.attention.self.query.bias]
Loading weights:  48%|████▊     | 189/391 [00:00<00:00, 15442.16it/s, Materializing param=encoder.layer.11.attention.self.query.weight]
Loading weights:  48%|████▊     | 189/391 [00:00<00:00, 15442.16it/s, Materializing param=encoder.layer.11.attention.self.query.weight]
Loading weights:  49%|████▊     | 190/391 [00:00<00:00, 15523.87it/s, Materializing param=encoder.layer.11.attention.self.value.bias]  
Loading weights:  49%|████▊     | 190/391 [00:00<00:00, 15523.87it/s, Materializing param=encoder.layer.11.attention.self.value.bias]
Loading weights:  49%|████▉     | 191/391 [00:00<00:00, 15605.57it/s, Materializing param=encoder.layer.11.attention.self.value.weight]
Loading weights:  49%|████▉     | 191/391 [00:00<00:00, 15605.57it/s, Materializing param=encoder.layer.11.attention.self.value.weight]
Loading weights:  49%|████▉     | 192/391 [00:00<00:00, 15687.28it/s, Materializing param=encoder.layer.11.intermediate.dense.bias]    
Loading weights:  49%|████▉     | 192/391 [00:00<00:00, 15687.28it/s, Materializing param=encoder.layer.11.intermediate.dense.bias]
Loading weights:  49%|████▉     | 193/391 [00:00<00:00, 15768.98it/s, Materializing param=encoder.layer.11.intermediate.dense.weight]
Loading weights:  49%|████▉     | 193/391 [00:00<00:00, 15768.98it/s, Materializing param=encoder.layer.11.intermediate.dense.weight]
Loading weights:  50%|████▉     | 194/391 [00:00<00:00, 15850.69it/s, Materializing param=encoder.layer.11.output.LayerNorm.bias]    
Loading weights:  50%|████▉     | 194/391 [00:00<00:00, 15850.69it/s, Materializing param=encoder.layer.11.output.LayerNorm.bias]
Loading weights:  50%|████▉     | 195/391 [00:00<00:00, 15932.39it/s, Materializing param=encoder.layer.11.output.LayerNorm.weight]
Loading weights:  50%|████▉     | 195/391 [00:00<00:00, 15932.39it/s, Materializing param=encoder.layer.11.output.LayerNorm.weight]
Loading weights:  50%|█████     | 196/391 [00:00<00:00, 16014.10it/s, Materializing param=encoder.layer.11.output.dense.bias]      
Loading weights:  50%|█████     | 196/391 [00:00<00:00, 16014.10it/s, Materializing param=encoder.layer.11.output.dense.bias]
Loading weights:  50%|█████     | 197/391 [00:00<00:00, 16095.80it/s, Materializing param=encoder.layer.11.output.dense.weight]
Loading weights:  50%|█████     | 197/391 [00:00<00:00, 16095.80it/s, Materializing param=encoder.layer.11.output.dense.weight]
Loading weights:  51%|█████     | 198/391 [00:00<00:00, 13361.09it/s, Materializing param=encoder.layer.12.attention.output.LayerNorm.bias]
Loading weights:  51%|█████     | 198/391 [00:00<00:00, 13361.09it/s, Materializing param=encoder.layer.12.attention.output.LayerNorm.bias]
Loading weights:  51%|█████     | 199/391 [00:00<00:00, 13428.57it/s, Materializing param=encoder.layer.12.attention.output.LayerNorm.weight]
Loading weights:  51%|█████     | 199/391 [00:00<00:00, 13428.57it/s, Materializing param=encoder.layer.12.attention.output.LayerNorm.weight]
Loading weights:  51%|█████     | 200/391 [00:00<00:00, 13496.06it/s, Materializing param=encoder.layer.12.attention.output.dense.bias]      
Loading weights:  51%|█████     | 200/391 [00:00<00:00, 13496.06it/s, Materializing param=encoder.layer.12.attention.output.dense.bias]
Loading weights:  51%|█████▏    | 201/391 [00:00<00:00, 13563.54it/s, Materializing param=encoder.layer.12.attention.output.dense.weight]
Loading weights:  51%|█████▏    | 201/391 [00:00<00:00, 13563.54it/s, Materializing param=encoder.layer.12.attention.output.dense.weight]
Loading weights:  52%|█████▏    | 202/391 [00:00<00:00, 13631.02it/s, Materializing param=encoder.layer.12.attention.self.key.bias]      
Loading weights:  52%|█████▏    | 202/391 [00:00<00:00, 13129.95it/s, Materializing param=encoder.layer.12.attention.self.key.bias]
Loading weights:  52%|█████▏    | 203/391 [00:00<00:00, 13194.95it/s, Materializing param=encoder.layer.12.attention.self.key.weight]
Loading weights:  52%|█████▏    | 203/391 [00:00<00:00, 13194.95it/s, Materializing param=encoder.layer.12.attention.self.key.weight]
Loading weights:  52%|█████▏    | 204/391 [00:00<00:00, 13259.95it/s, Materializing param=encoder.layer.12.attention.self.query.bias]
Loading weights:  52%|█████▏    | 204/391 [00:00<00:00, 13259.95it/s, Materializing param=encoder.layer.12.attention.self.query.bias]
Loading weights:  52%|█████▏    | 205/391 [00:00<00:00, 13324.95it/s, Materializing param=encoder.layer.12.attention.self.query.weight]
Loading weights:  52%|█████▏    | 205/391 [00:00<00:00, 13324.95it/s, Materializing param=encoder.layer.12.attention.self.query.weight]
Loading weights:  53%|█████▎    | 206/391 [00:00<00:00, 13389.95it/s, Materializing param=encoder.layer.12.attention.self.value.bias]  
Loading weights:  53%|█████▎    | 206/391 [00:00<00:00, 13389.95it/s, Materializing param=encoder.layer.12.attention.self.value.bias]
Loading weights:  53%|█████▎    | 207/391 [00:00<00:00, 13454.95it/s, Materializing param=encoder.layer.12.attention.self.value.weight]
Loading weights:  53%|█████▎    | 207/391 [00:00<00:00, 13454.95it/s, Materializing param=encoder.layer.12.attention.self.value.weight]
Loading weights:  53%|█████▎    | 208/391 [00:00<00:00, 13519.95it/s, Materializing param=encoder.layer.12.intermediate.dense.bias]    
Loading weights:  53%|█████▎    | 208/391 [00:00<00:00, 13519.95it/s, Materializing param=encoder.layer.12.intermediate.dense.bias]
Loading weights:  53%|█████▎    | 209/391 [00:00<00:00, 13584.95it/s, Materializing param=encoder.layer.12.intermediate.dense.weight]
Loading weights:  53%|█████▎    | 209/391 [00:00<00:00, 13584.95it/s, Materializing param=encoder.layer.12.intermediate.dense.weight]
Loading weights:  54%|█████▎    | 210/391 [00:00<00:00, 13649.95it/s, Materializing param=encoder.layer.12.output.LayerNorm.bias]    
Loading weights:  54%|█████▎    | 210/391 [00:00<00:00, 13649.95it/s, Materializing param=encoder.layer.12.output.LayerNorm.bias]
Loading weights:  54%|█████▍    | 211/391 [00:00<00:00, 13714.95it/s, Materializing param=encoder.layer.12.output.LayerNorm.weight]
Loading weights:  54%|█████▍    | 211/391 [00:00<00:00, 13714.95it/s, Materializing param=encoder.layer.12.output.LayerNorm.weight]
Loading weights:  54%|█████▍    | 212/391 [00:00<00:00, 13779.95it/s, Materializing param=encoder.layer.12.output.dense.bias]      
Loading weights:  54%|█████▍    | 212/391 [00:00<00:00, 13779.95it/s, Materializing param=encoder.layer.12.output.dense.bias]
Loading weights:  54%|█████▍    | 213/391 [00:00<00:00, 13844.95it/s, Materializing param=encoder.layer.12.output.dense.weight]
Loading weights:  54%|█████▍    | 213/391 [00:00<00:00, 13844.95it/s, Materializing param=encoder.layer.12.output.dense.weight]
Loading weights:  55%|█████▍    | 214/391 [00:00<00:00, 13909.95it/s, Materializing param=encoder.layer.13.attention.output.LayerNorm.bias]
Loading weights:  55%|█████▍    | 214/391 [00:00<00:00, 13909.95it/s, Materializing param=encoder.layer.13.attention.output.LayerNorm.bias]
Loading weights:  55%|█████▍    | 215/391 [00:00<00:00, 13974.95it/s, Materializing param=encoder.layer.13.attention.output.LayerNorm.weight]
Loading weights:  55%|█████▍    | 215/391 [00:00<00:00, 13974.95it/s, Materializing param=encoder.layer.13.attention.output.LayerNorm.weight]
Loading weights:  55%|█████▌    | 216/391 [00:00<00:00, 14039.95it/s, Materializing param=encoder.layer.13.attention.output.dense.bias]      
Loading weights:  55%|█████▌    | 216/391 [00:00<00:00, 14039.95it/s, Materializing param=encoder.layer.13.attention.output.dense.bias]
Loading weights:  55%|█████▌    | 217/391 [00:00<00:00, 14104.95it/s, Materializing param=encoder.layer.13.attention.output.dense.weight]
Loading weights:  55%|█████▌    | 217/391 [00:00<00:00, 14104.95it/s, Materializing param=encoder.layer.13.attention.output.dense.weight]
Loading weights:  56%|█████▌    | 218/391 [00:00<00:00, 14169.95it/s, Materializing param=encoder.layer.13.attention.self.key.bias]      
Loading weights:  56%|█████▌    | 218/391 [00:00<00:00, 14169.95it/s, Materializing param=encoder.layer.13.attention.self.key.bias]
Loading weights:  56%|█████▌    | 219/391 [00:00<00:00, 14234.95it/s, Materializing param=encoder.layer.13.attention.self.key.weight]
Loading weights:  56%|█████▌    | 219/391 [00:00<00:00, 14234.95it/s, Materializing param=encoder.layer.13.attention.self.key.weight]
Loading weights:  56%|█████▋    | 220/391 [00:00<00:00, 14299.95it/s, Materializing param=encoder.layer.13.attention.self.query.bias]
Loading weights:  56%|█████▋    | 220/391 [00:00<00:00, 14299.95it/s, Materializing param=encoder.layer.13.attention.self.query.bias]
Loading weights:  57%|█████▋    | 221/391 [00:00<00:00, 14364.95it/s, Materializing param=encoder.layer.13.attention.self.query.weight]
Loading weights:  57%|█████▋    | 221/391 [00:00<00:00, 14364.95it/s, Materializing param=encoder.layer.13.attention.self.query.weight]
Loading weights:  57%|█████▋    | 222/391 [00:00<00:00, 13139.94it/s, Materializing param=encoder.layer.13.attention.self.value.bias]  
Loading weights:  57%|█████▋    | 222/391 [00:00<00:00, 13139.94it/s, Materializing param=encoder.layer.13.attention.self.value.bias]
Loading weights:  57%|█████▋    | 223/391 [00:00<00:00, 13199.13it/s, Materializing param=encoder.layer.13.attention.self.value.weight]
Loading weights:  57%|█████▋    | 223/391 [00:00<00:00, 13199.13it/s, Materializing param=encoder.layer.13.attention.self.value.weight]
Loading weights:  57%|█████▋    | 224/391 [00:00<00:00, 13258.32it/s, Materializing param=encoder.layer.13.intermediate.dense.bias]    
Loading weights:  57%|█████▋    | 224/391 [00:00<00:00, 13258.32it/s, Materializing param=encoder.layer.13.intermediate.dense.bias]
Loading weights:  58%|█████▊    | 225/391 [00:00<00:00, 13317.51it/s, Materializing param=encoder.layer.13.intermediate.dense.weight]
Loading weights:  58%|█████▊    | 225/391 [00:00<00:00, 13317.51it/s, Materializing param=encoder.layer.13.intermediate.dense.weight]
Loading weights:  58%|█████▊    | 226/391 [00:00<00:00, 13376.69it/s, Materializing param=encoder.layer.13.output.LayerNorm.bias]    
Loading weights:  58%|█████▊    | 226/391 [00:00<00:00, 13376.69it/s, Materializing param=encoder.layer.13.output.LayerNorm.bias]
Loading weights:  58%|█████▊    | 227/391 [00:00<00:00, 13435.88it/s, Materializing param=encoder.layer.13.output.LayerNorm.weight]
Loading weights:  58%|█████▊    | 227/391 [00:00<00:00, 13435.88it/s, Materializing param=encoder.layer.13.output.LayerNorm.weight]
Loading weights:  58%|█████▊    | 228/391 [00:00<00:00, 13495.07it/s, Materializing param=encoder.layer.13.output.dense.bias]      
Loading weights:  58%|█████▊    | 228/391 [00:00<00:00, 13495.07it/s, Materializing param=encoder.layer.13.output.dense.bias]
Loading weights:  59%|█████▊    | 229/391 [00:00<00:00, 13154.59it/s, Materializing param=encoder.layer.13.output.dense.weight]
Loading weights:  59%|█████▊    | 229/391 [00:00<00:00, 13154.59it/s, Materializing param=encoder.layer.13.output.dense.weight]
Loading weights:  59%|█████▉    | 230/391 [00:00<00:00, 13212.03it/s, Materializing param=encoder.layer.14.attention.output.LayerNorm.bias]
Loading weights:  59%|█████▉    | 230/391 [00:00<00:00, 13212.03it/s, Materializing param=encoder.layer.14.attention.output.LayerNorm.bias]
Loading weights:  59%|█████▉    | 231/391 [00:00<00:00, 13269.48it/s, Materializing param=encoder.layer.14.attention.output.LayerNorm.weight]
Loading weights:  59%|█████▉    | 231/391 [00:00<00:00, 13269.48it/s, Materializing param=encoder.layer.14.attention.output.LayerNorm.weight]
Loading weights:  59%|█████▉    | 232/391 [00:00<00:00, 13326.92it/s, Materializing param=encoder.layer.14.attention.output.dense.bias]      
Loading weights:  59%|█████▉    | 232/391 [00:00<00:00, 13326.92it/s, Materializing param=encoder.layer.14.attention.output.dense.bias]
Loading weights:  60%|█████▉    | 233/391 [00:00<00:00, 13384.37it/s, Materializing param=encoder.layer.14.attention.output.dense.weight]
Loading weights:  60%|█████▉    | 233/391 [00:00<00:00, 13384.37it/s, Materializing param=encoder.layer.14.attention.output.dense.weight]
Loading weights:  60%|█████▉    | 234/391 [00:00<00:00, 13441.81it/s, Materializing param=encoder.layer.14.attention.self.key.bias]      
Loading weights:  60%|█████▉    | 234/391 [00:00<00:00, 13441.81it/s, Materializing param=encoder.layer.14.attention.self.key.bias]
Loading weights:  60%|██████    | 235/391 [00:00<00:00, 13499.25it/s, Materializing param=encoder.layer.14.attention.self.key.weight]
Loading weights:  60%|██████    | 235/391 [00:00<00:00, 13499.25it/s, Materializing param=encoder.layer.14.attention.self.key.weight]
Loading weights:  60%|██████    | 236/391 [00:00<00:00, 13556.70it/s, Materializing param=encoder.layer.14.attention.self.query.bias]
Loading weights:  60%|██████    | 236/391 [00:00<00:00, 13556.70it/s, Materializing param=encoder.layer.14.attention.self.query.bias]
Loading weights:  61%|██████    | 237/391 [00:00<00:00, 13614.14it/s, Materializing param=encoder.layer.14.attention.self.query.weight]
Loading weights:  61%|██████    | 237/391 [00:00<00:00, 13614.14it/s, Materializing param=encoder.layer.14.attention.self.query.weight]
Loading weights:  61%|██████    | 238/391 [00:00<00:00, 13671.58it/s, Materializing param=encoder.layer.14.attention.self.value.bias]  
Loading weights:  61%|██████    | 238/391 [00:00<00:00, 13671.58it/s, Materializing param=encoder.layer.14.attention.self.value.bias]
Loading weights:  61%|██████    | 239/391 [00:00<00:00, 13729.03it/s, Materializing param=encoder.layer.14.attention.self.value.weight]
Loading weights:  61%|██████    | 239/391 [00:00<00:00, 13729.03it/s, Materializing param=encoder.layer.14.attention.self.value.weight]
Loading weights:  61%|██████▏   | 240/391 [00:00<00:00, 13786.47it/s, Materializing param=encoder.layer.14.intermediate.dense.bias]    
Loading weights:  61%|██████▏   | 240/391 [00:00<00:00, 13786.47it/s, Materializing param=encoder.layer.14.intermediate.dense.bias]
Loading weights:  62%|██████▏   | 241/391 [00:00<00:00, 13843.91it/s, Materializing param=encoder.layer.14.intermediate.dense.weight]
Loading weights:  62%|██████▏   | 241/391 [00:00<00:00, 13843.91it/s, Materializing param=encoder.layer.14.intermediate.dense.weight]
Loading weights:  62%|██████▏   | 242/391 [00:00<00:00, 13901.36it/s, Materializing param=encoder.layer.14.output.LayerNorm.bias]    
Loading weights:  62%|██████▏   | 242/391 [00:00<00:00, 13901.36it/s, Materializing param=encoder.layer.14.output.LayerNorm.bias]
Loading weights:  62%|██████▏   | 243/391 [00:00<00:00, 13958.80it/s, Materializing param=encoder.layer.14.output.LayerNorm.weight]
Loading weights:  62%|██████▏   | 243/391 [00:00<00:00, 13958.80it/s, Materializing param=encoder.layer.14.output.LayerNorm.weight]
Loading weights:  62%|██████▏   | 244/391 [00:00<00:00, 14016.25it/s, Materializing param=encoder.layer.14.output.dense.bias]      
Loading weights:  62%|██████▏   | 244/391 [00:00<00:00, 14016.25it/s, Materializing param=encoder.layer.14.output.dense.bias]
Loading weights:  63%|██████▎   | 245/391 [00:00<00:00, 14073.69it/s, Materializing param=encoder.layer.14.output.dense.weight]
Loading weights:  63%|██████▎   | 245/391 [00:00<00:00, 14073.69it/s, Materializing param=encoder.layer.14.output.dense.weight]
Loading weights:  63%|██████▎   | 246/391 [00:00<00:00, 14131.13it/s, Materializing param=encoder.layer.15.attention.output.LayerNorm.bias]
Loading weights:  63%|██████▎   | 246/391 [00:00<00:00, 14131.13it/s, Materializing param=encoder.layer.15.attention.output.LayerNorm.bias]
Loading weights:  63%|██████▎   | 247/391 [00:00<00:00, 14188.58it/s, Materializing param=encoder.layer.15.attention.output.LayerNorm.weight]
Loading weights:  63%|██████▎   | 247/391 [00:00<00:00, 14188.58it/s, Materializing param=encoder.layer.15.attention.output.LayerNorm.weight]
Loading weights:  63%|██████▎   | 248/391 [00:00<00:00, 14246.02it/s, Materializing param=encoder.layer.15.attention.output.dense.bias]      
Loading weights:  63%|██████▎   | 248/391 [00:00<00:00, 14246.02it/s, Materializing param=encoder.layer.15.attention.output.dense.bias]
Loading weights:  64%|██████▎   | 249/391 [00:00<00:00, 14303.46it/s, Materializing param=encoder.layer.15.attention.output.dense.weight]
Loading weights:  64%|██████▎   | 249/391 [00:00<00:00, 14303.46it/s, Materializing param=encoder.layer.15.attention.output.dense.weight]
Loading weights:  64%|██████▍   | 250/391 [00:00<00:00, 14360.91it/s, Materializing param=encoder.layer.15.attention.self.key.bias]      
Loading weights:  64%|██████▍   | 250/391 [00:00<00:00, 14360.91it/s, Materializing param=encoder.layer.15.attention.self.key.bias]
Loading weights:  64%|██████▍   | 251/391 [00:00<00:00, 14418.35it/s, Materializing param=encoder.layer.15.attention.self.key.weight]
Loading weights:  64%|██████▍   | 251/391 [00:00<00:00, 14418.35it/s, Materializing param=encoder.layer.15.attention.self.key.weight]
Loading weights:  64%|██████▍   | 252/391 [00:00<00:00, 14475.79it/s, Materializing param=encoder.layer.15.attention.self.query.bias]
Loading weights:  64%|██████▍   | 252/391 [00:00<00:00, 14475.79it/s, Materializing param=encoder.layer.15.attention.self.query.bias]
Loading weights:  65%|██████▍   | 253/391 [00:00<00:00, 14533.24it/s, Materializing param=encoder.layer.15.attention.self.query.weight]
Loading weights:  65%|██████▍   | 253/391 [00:00<00:00, 14533.24it/s, Materializing param=encoder.layer.15.attention.self.query.weight]
Loading weights:  65%|██████▍   | 254/391 [00:00<00:00, 14590.68it/s, Materializing param=encoder.layer.15.attention.self.value.bias]  
Loading weights:  65%|██████▍   | 254/391 [00:00<00:00, 14590.68it/s, Materializing param=encoder.layer.15.attention.self.value.bias]
Loading weights:  65%|██████▌   | 255/391 [00:00<00:00, 14648.13it/s, Materializing param=encoder.layer.15.attention.self.value.weight]
Loading weights:  65%|██████▌   | 255/391 [00:00<00:00, 13130.85it/s, Materializing param=encoder.layer.15.attention.self.value.weight]
Loading weights:  65%|██████▌   | 256/391 [00:00<00:00, 13182.35it/s, Materializing param=encoder.layer.15.intermediate.dense.bias]    
Loading weights:  65%|██████▌   | 256/391 [00:00<00:00, 13182.35it/s, Materializing param=encoder.layer.15.intermediate.dense.bias]
Loading weights:  66%|██████▌   | 257/391 [00:00<00:00, 13233.84it/s, Materializing param=encoder.layer.15.intermediate.dense.weight]
Loading weights:  66%|██████▌   | 257/391 [00:00<00:00, 13233.84it/s, Materializing param=encoder.layer.15.intermediate.dense.weight]
Loading weights:  66%|██████▌   | 258/391 [00:00<00:00, 13285.34it/s, Materializing param=encoder.layer.15.output.LayerNorm.bias]    
Loading weights:  66%|██████▌   | 258/391 [00:00<00:00, 13285.34it/s, Materializing param=encoder.layer.15.output.LayerNorm.bias]
Loading weights:  66%|██████▌   | 259/391 [00:00<00:00, 13336.83it/s, Materializing param=encoder.layer.15.output.LayerNorm.weight]
Loading weights:  66%|██████▌   | 259/391 [00:00<00:00, 13336.83it/s, Materializing param=encoder.layer.15.output.LayerNorm.weight]
Loading weights:  66%|██████▋   | 260/391 [00:00<00:00, 13388.32it/s, Materializing param=encoder.layer.15.output.dense.bias]      
Loading weights:  66%|██████▋   | 260/391 [00:00<00:00, 13388.32it/s, Materializing param=encoder.layer.15.output.dense.bias]
Loading weights:  67%|██████▋   | 261/391 [00:00<00:00, 13439.82it/s, Materializing param=encoder.layer.15.output.dense.weight]
Loading weights:  67%|██████▋   | 261/391 [00:00<00:00, 13439.82it/s, Materializing param=encoder.layer.15.output.dense.weight]
Loading weights:  67%|██████▋   | 262/391 [00:00<00:00, 13491.31it/s, Materializing param=encoder.layer.16.attention.output.LayerNorm.bias]
Loading weights:  67%|██████▋   | 262/391 [00:00<00:00, 13491.31it/s, Materializing param=encoder.layer.16.attention.output.LayerNorm.bias]
Loading weights:  67%|██████▋   | 263/391 [00:00<00:00, 13542.80it/s, Materializing param=encoder.layer.16.attention.output.LayerNorm.weight]
Loading weights:  67%|██████▋   | 263/391 [00:00<00:00, 13542.80it/s, Materializing param=encoder.layer.16.attention.output.LayerNorm.weight]
Loading weights:  68%|██████▊   | 264/391 [00:00<00:00, 13594.30it/s, Materializing param=encoder.layer.16.attention.output.dense.bias]      
Loading weights:  68%|██████▊   | 264/391 [00:00<00:00, 13594.30it/s, Materializing param=encoder.layer.16.attention.output.dense.bias]
Loading weights:  68%|██████▊   | 265/391 [00:00<00:00, 13645.79it/s, Materializing param=encoder.layer.16.attention.output.dense.weight]
Loading weights:  68%|██████▊   | 265/391 [00:00<00:00, 13645.79it/s, Materializing param=encoder.layer.16.attention.output.dense.weight]
Loading weights:  68%|██████▊   | 266/391 [00:00<00:00, 13697.28it/s, Materializing param=encoder.layer.16.attention.self.key.bias]      
Loading weights:  68%|██████▊   | 266/391 [00:00<00:00, 13697.28it/s, Materializing param=encoder.layer.16.attention.self.key.bias]
Loading weights:  68%|██████▊   | 267/391 [00:00<00:00, 13748.78it/s, Materializing param=encoder.layer.16.attention.self.key.weight]
Loading weights:  68%|██████▊   | 267/391 [00:00<00:00, 13748.78it/s, Materializing param=encoder.layer.16.attention.self.key.weight]
Loading weights:  69%|██████▊   | 268/391 [00:00<00:00, 13800.27it/s, Materializing param=encoder.layer.16.attention.self.query.bias]
Loading weights:  69%|██████▊   | 268/391 [00:00<00:00, 13800.27it/s, Materializing param=encoder.layer.16.attention.self.query.bias]
Loading weights:  69%|██████▉   | 269/391 [00:00<00:00, 13851.76it/s, Materializing param=encoder.layer.16.attention.self.query.weight]
Loading weights:  69%|██████▉   | 269/391 [00:00<00:00, 13851.76it/s, Materializing param=encoder.layer.16.attention.self.query.weight]
Loading weights:  69%|██████▉   | 270/391 [00:00<00:00, 13903.26it/s, Materializing param=encoder.layer.16.attention.self.value.bias]  
Loading weights:  69%|██████▉   | 270/391 [00:00<00:00, 13903.26it/s, Materializing param=encoder.layer.16.attention.self.value.bias]
Loading weights:  69%|██████▉   | 271/391 [00:00<00:00, 13954.75it/s, Materializing param=encoder.layer.16.attention.self.value.weight]
Loading weights:  69%|██████▉   | 271/391 [00:00<00:00, 13954.75it/s, Materializing param=encoder.layer.16.attention.self.value.weight]
Loading weights:  70%|██████▉   | 272/391 [00:00<00:00, 14006.25it/s, Materializing param=encoder.layer.16.intermediate.dense.bias]    
Loading weights:  70%|██████▉   | 272/391 [00:00<00:00, 14006.25it/s, Materializing param=encoder.layer.16.intermediate.dense.bias]
Loading weights:  70%|██████▉   | 273/391 [00:00<00:00, 14057.74it/s, Materializing param=encoder.layer.16.intermediate.dense.weight]
Loading weights:  70%|██████▉   | 273/391 [00:00<00:00, 14057.74it/s, Materializing param=encoder.layer.16.intermediate.dense.weight]
Loading weights:  70%|███████   | 274/391 [00:00<00:00, 14109.23it/s, Materializing param=encoder.layer.16.output.LayerNorm.bias]    
Loading weights:  70%|███████   | 274/391 [00:00<00:00, 14109.23it/s, Materializing param=encoder.layer.16.output.LayerNorm.bias]
Loading weights:  70%|███████   | 275/391 [00:00<00:00, 14160.73it/s, Materializing param=encoder.layer.16.output.LayerNorm.weight]
Loading weights:  70%|███████   | 275/391 [00:00<00:00, 14160.73it/s, Materializing param=encoder.layer.16.output.LayerNorm.weight]
Loading weights:  71%|███████   | 276/391 [00:00<00:00, 14212.22it/s, Materializing param=encoder.layer.16.output.dense.bias]      
Loading weights:  71%|███████   | 276/391 [00:00<00:00, 14212.22it/s, Materializing param=encoder.layer.16.output.dense.bias]
Loading weights:  71%|███████   | 277/391 [00:00<00:00, 14263.71it/s, Materializing param=encoder.layer.16.output.dense.weight]
Loading weights:  71%|███████   | 277/391 [00:00<00:00, 14263.71it/s, Materializing param=encoder.layer.16.output.dense.weight]
Loading weights:  71%|███████   | 278/391 [00:00<00:00, 14315.21it/s, Materializing param=encoder.layer.17.attention.output.LayerNorm.bias]
Loading weights:  71%|███████   | 278/391 [00:00<00:00, 14315.21it/s, Materializing param=encoder.layer.17.attention.output.LayerNorm.bias]
Loading weights:  71%|███████▏  | 279/391 [00:00<00:00, 14366.70it/s, Materializing param=encoder.layer.17.attention.output.LayerNorm.weight]
Loading weights:  71%|███████▏  | 279/391 [00:00<00:00, 14366.70it/s, Materializing param=encoder.layer.17.attention.output.LayerNorm.weight]
Loading weights:  72%|███████▏  | 280/391 [00:00<00:00, 14418.19it/s, Materializing param=encoder.layer.17.attention.output.dense.bias]      
Loading weights:  72%|███████▏  | 280/391 [00:00<00:00, 14418.19it/s, Materializing param=encoder.layer.17.attention.output.dense.bias]
Loading weights:  72%|███████▏  | 281/391 [00:00<00:00, 14469.69it/s, Materializing param=encoder.layer.17.attention.output.dense.weight]
Loading weights:  72%|███████▏  | 281/391 [00:00<00:00, 14469.69it/s, Materializing param=encoder.layer.17.attention.output.dense.weight]
Loading weights:  72%|███████▏  | 282/391 [00:00<00:00, 14521.18it/s, Materializing param=encoder.layer.17.attention.self.key.bias]      
Loading weights:  72%|███████▏  | 282/391 [00:00<00:00, 14521.18it/s, Materializing param=encoder.layer.17.attention.self.key.bias]
Loading weights:  72%|███████▏  | 283/391 [00:00<00:00, 14572.67it/s, Materializing param=encoder.layer.17.attention.self.key.weight]
Loading weights:  72%|███████▏  | 283/391 [00:00<00:00, 14572.67it/s, Materializing param=encoder.layer.17.attention.self.key.weight]
Loading weights:  73%|███████▎  | 284/391 [00:00<00:00, 14624.17it/s, Materializing param=encoder.layer.17.attention.self.query.bias]
Loading weights:  73%|███████▎  | 284/391 [00:00<00:00, 14624.17it/s, Materializing param=encoder.layer.17.attention.self.query.bias]
Loading weights:  73%|███████▎  | 285/391 [00:00<00:00, 14675.66it/s, Materializing param=encoder.layer.17.attention.self.query.weight]
Loading weights:  73%|███████▎  | 285/391 [00:00<00:00, 14675.66it/s, Materializing param=encoder.layer.17.attention.self.query.weight]
Loading weights:  73%|███████▎  | 286/391 [00:00<00:00, 14727.15it/s, Materializing param=encoder.layer.17.attention.self.value.bias]  
Loading weights:  73%|███████▎  | 286/391 [00:00<00:00, 14727.15it/s, Materializing param=encoder.layer.17.attention.self.value.bias]
Loading weights:  73%|███████▎  | 287/391 [00:00<00:00, 14778.65it/s, Materializing param=encoder.layer.17.attention.self.value.weight]
Loading weights:  73%|███████▎  | 287/391 [00:00<00:00, 14778.65it/s, Materializing param=encoder.layer.17.attention.self.value.weight]
Loading weights:  74%|███████▎  | 288/391 [00:00<00:00, 14830.14it/s, Materializing param=encoder.layer.17.intermediate.dense.bias]    
Loading weights:  74%|███████▎  | 288/391 [00:00<00:00, 14830.14it/s, Materializing param=encoder.layer.17.intermediate.dense.bias]
Loading weights:  74%|███████▍  | 289/391 [00:00<00:00, 14881.64it/s, Materializing param=encoder.layer.17.intermediate.dense.weight]
Loading weights:  74%|███████▍  | 289/391 [00:00<00:00, 14881.64it/s, Materializing param=encoder.layer.17.intermediate.dense.weight]
Loading weights:  74%|███████▍  | 290/391 [00:00<00:00, 13176.20it/s, Materializing param=encoder.layer.17.output.LayerNorm.bias]    
Loading weights:  74%|███████▍  | 290/391 [00:00<00:00, 13176.20it/s, Materializing param=encoder.layer.17.output.LayerNorm.bias]
Loading weights:  74%|███████▍  | 291/391 [00:00<00:00, 13221.64it/s, Materializing param=encoder.layer.17.output.LayerNorm.weight]
Loading weights:  74%|███████▍  | 291/391 [00:00<00:00, 13221.64it/s, Materializing param=encoder.layer.17.output.LayerNorm.weight]
Loading weights:  75%|███████▍  | 292/391 [00:00<00:00, 13267.08it/s, Materializing param=encoder.layer.17.output.dense.bias]      
Loading weights:  75%|███████▍  | 292/391 [00:00<00:00, 13267.08it/s, Materializing param=encoder.layer.17.output.dense.bias]
Loading weights:  75%|███████▍  | 293/391 [00:00<00:00, 13312.51it/s, Materializing param=encoder.layer.17.output.dense.weight]
Loading weights:  75%|███████▍  | 293/391 [00:00<00:00, 13312.51it/s, Materializing param=encoder.layer.17.output.dense.weight]
Loading weights:  75%|███████▌  | 294/391 [00:00<00:00, 13357.95it/s, Materializing param=encoder.layer.18.attention.output.LayerNorm.bias]
Loading weights:  75%|███████▌  | 294/391 [00:00<00:00, 13357.95it/s, Materializing param=encoder.layer.18.attention.output.LayerNorm.bias]
Loading weights:  75%|███████▌  | 295/391 [00:00<00:00, 13403.38it/s, Materializing param=encoder.layer.18.attention.output.LayerNorm.weight]
Loading weights:  75%|███████▌  | 295/391 [00:00<00:00, 13403.38it/s, Materializing param=encoder.layer.18.attention.output.LayerNorm.weight]
Loading weights:  76%|███████▌  | 296/391 [00:00<00:00, 13448.82it/s, Materializing param=encoder.layer.18.attention.output.dense.bias]      
Loading weights:  76%|███████▌  | 296/391 [00:00<00:00, 13448.82it/s, Materializing param=encoder.layer.18.attention.output.dense.bias]
Loading weights:  76%|███████▌  | 297/391 [00:00<00:00, 13187.82it/s, Materializing param=encoder.layer.18.attention.output.dense.weight]
Loading weights:  76%|███████▌  | 297/391 [00:00<00:00, 13187.82it/s, Materializing param=encoder.layer.18.attention.output.dense.weight]
Loading weights:  76%|███████▌  | 298/391 [00:00<00:00, 13232.22it/s, Materializing param=encoder.layer.18.attention.self.key.bias]      
Loading weights:  76%|███████▌  | 298/391 [00:00<00:00, 13232.22it/s, Materializing param=encoder.layer.18.attention.self.key.bias]
Loading weights:  76%|███████▋  | 299/391 [00:00<00:00, 13276.63it/s, Materializing param=encoder.layer.18.attention.self.key.weight]
Loading weights:  76%|███████▋  | 299/391 [00:00<00:00, 13276.63it/s, Materializing param=encoder.layer.18.attention.self.key.weight]
Loading weights:  77%|███████▋  | 300/391 [00:00<00:00, 13321.03it/s, Materializing param=encoder.layer.18.attention.self.query.bias]
Loading weights:  77%|███████▋  | 300/391 [00:00<00:00, 13321.03it/s, Materializing param=encoder.layer.18.attention.self.query.bias]
Loading weights:  77%|███████▋  | 301/391 [00:00<00:00, 13365.43it/s, Materializing param=encoder.layer.18.attention.self.query.weight]
Loading weights:  77%|███████▋  | 301/391 [00:00<00:00, 13365.43it/s, Materializing param=encoder.layer.18.attention.self.query.weight]
Loading weights:  77%|███████▋  | 302/391 [00:00<00:00, 13409.84it/s, Materializing param=encoder.layer.18.attention.self.value.bias]  
Loading weights:  77%|███████▋  | 302/391 [00:00<00:00, 13409.84it/s, Materializing param=encoder.layer.18.attention.self.value.bias]
Loading weights:  77%|███████▋  | 303/391 [00:00<00:00, 13454.24it/s, Materializing param=encoder.layer.18.attention.self.value.weight]
Loading weights:  77%|███████▋  | 303/391 [00:00<00:00, 13454.24it/s, Materializing param=encoder.layer.18.attention.self.value.weight]
Loading weights:  78%|███████▊  | 304/391 [00:00<00:00, 13498.64it/s, Materializing param=encoder.layer.18.intermediate.dense.bias]    
Loading weights:  78%|███████▊  | 304/391 [00:00<00:00, 13498.64it/s, Materializing param=encoder.layer.18.intermediate.dense.bias]
Loading weights:  78%|███████▊  | 305/391 [00:00<00:00, 13543.05it/s, Materializing param=encoder.layer.18.intermediate.dense.weight]
Loading weights:  78%|███████▊  | 305/391 [00:00<00:00, 13543.05it/s, Materializing param=encoder.layer.18.intermediate.dense.weight]
Loading weights:  78%|███████▊  | 306/391 [00:00<00:00, 13587.45it/s, Materializing param=encoder.layer.18.output.LayerNorm.bias]    
Loading weights:  78%|███████▊  | 306/391 [00:00<00:00, 13587.45it/s, Materializing param=encoder.layer.18.output.LayerNorm.bias]
Loading weights:  79%|███████▊  | 307/391 [00:00<00:00, 13631.85it/s, Materializing param=encoder.layer.18.output.LayerNorm.weight]
Loading weights:  79%|███████▊  | 307/391 [00:00<00:00, 13631.85it/s, Materializing param=encoder.layer.18.output.LayerNorm.weight]
Loading weights:  79%|███████▉  | 308/391 [00:00<00:00, 13676.26it/s, Materializing param=encoder.layer.18.output.dense.bias]      
Loading weights:  79%|███████▉  | 308/391 [00:00<00:00, 13676.26it/s, Materializing param=encoder.layer.18.output.dense.bias]
Loading weights:  79%|███████▉  | 309/391 [00:00<00:00, 13720.66it/s, Materializing param=encoder.layer.18.output.dense.weight]
Loading weights:  79%|███████▉  | 309/391 [00:00<00:00, 13720.66it/s, Materializing param=encoder.layer.18.output.dense.weight]
Loading weights:  79%|███████▉  | 310/391 [00:00<00:00, 13765.06it/s, Materializing param=encoder.layer.19.attention.output.LayerNorm.bias]
Loading weights:  79%|███████▉  | 310/391 [00:00<00:00, 13765.06it/s, Materializing param=encoder.layer.19.attention.output.LayerNorm.bias]
Loading weights:  80%|███████▉  | 311/391 [00:00<00:00, 13809.47it/s, Materializing param=encoder.layer.19.attention.output.LayerNorm.weight]
Loading weights:  80%|███████▉  | 311/391 [00:00<00:00, 13809.47it/s, Materializing param=encoder.layer.19.attention.output.LayerNorm.weight]
Loading weights:  80%|███████▉  | 312/391 [00:00<00:00, 13853.87it/s, Materializing param=encoder.layer.19.attention.output.dense.bias]      
Loading weights:  80%|███████▉  | 312/391 [00:00<00:00, 13853.87it/s, Materializing param=encoder.layer.19.attention.output.dense.bias]
Loading weights:  80%|████████  | 313/391 [00:00<00:00, 13898.27it/s, Materializing param=encoder.layer.19.attention.output.dense.weight]
Loading weights:  80%|████████  | 313/391 [00:00<00:00, 13898.27it/s, Materializing param=encoder.layer.19.attention.output.dense.weight]
Loading weights:  80%|████████  | 314/391 [00:00<00:00, 13942.68it/s, Materializing param=encoder.layer.19.attention.self.key.bias]      
Loading weights:  80%|████████  | 314/391 [00:00<00:00, 13942.68it/s, Materializing param=encoder.layer.19.attention.self.key.bias]
Loading weights:  81%|████████  | 315/391 [00:00<00:00, 13987.08it/s, Materializing param=encoder.layer.19.attention.self.key.weight]
Loading weights:  81%|████████  | 315/391 [00:00<00:00, 13987.08it/s, Materializing param=encoder.layer.19.attention.self.key.weight]
Loading weights:  81%|████████  | 316/391 [00:00<00:00, 14031.49it/s, Materializing param=encoder.layer.19.attention.self.query.bias]
Loading weights:  81%|████████  | 316/391 [00:00<00:00, 14031.49it/s, Materializing param=encoder.layer.19.attention.self.query.bias]
Loading weights:  81%|████████  | 317/391 [00:00<00:00, 14075.89it/s, Materializing param=encoder.layer.19.attention.self.query.weight]
Loading weights:  81%|████████  | 317/391 [00:00<00:00, 14075.89it/s, Materializing param=encoder.layer.19.attention.self.query.weight]
Loading weights:  81%|████████▏ | 318/391 [00:00<00:00, 14120.29it/s, Materializing param=encoder.layer.19.attention.self.value.bias]  
Loading weights:  81%|████████▏ | 318/391 [00:00<00:00, 14120.29it/s, Materializing param=encoder.layer.19.attention.self.value.bias]
Loading weights:  82%|████████▏ | 319/391 [00:00<00:00, 14164.70it/s, Materializing param=encoder.layer.19.attention.self.value.weight]
Loading weights:  82%|████████▏ | 319/391 [00:00<00:00, 14164.70it/s, Materializing param=encoder.layer.19.attention.self.value.weight]
Loading weights:  82%|████████▏ | 320/391 [00:00<00:00, 14209.10it/s, Materializing param=encoder.layer.19.intermediate.dense.bias]    
Loading weights:  82%|████████▏ | 320/391 [00:00<00:00, 14209.10it/s, Materializing param=encoder.layer.19.intermediate.dense.bias]
Loading weights:  82%|████████▏ | 321/391 [00:00<00:00, 14253.50it/s, Materializing param=encoder.layer.19.intermediate.dense.weight]
Loading weights:  82%|████████▏ | 321/391 [00:00<00:00, 14253.50it/s, Materializing param=encoder.layer.19.intermediate.dense.weight]
Loading weights:  82%|████████▏ | 322/391 [00:00<00:00, 14297.91it/s, Materializing param=encoder.layer.19.output.LayerNorm.bias]    
Loading weights:  82%|████████▏ | 322/391 [00:00<00:00, 14297.91it/s, Materializing param=encoder.layer.19.output.LayerNorm.bias]
Loading weights:  83%|████████▎ | 323/391 [00:00<00:00, 14342.31it/s, Materializing param=encoder.layer.19.output.LayerNorm.weight]
Loading weights:  83%|████████▎ | 323/391 [00:00<00:00, 13166.43it/s, Materializing param=encoder.layer.19.output.LayerNorm.weight]
Loading weights:  83%|████████▎ | 324/391 [00:00<00:00, 13207.20it/s, Materializing param=encoder.layer.19.output.dense.bias]      
Loading weights:  83%|████████▎ | 324/391 [00:00<00:00, 13207.20it/s, Materializing param=encoder.layer.19.output.dense.bias]
Loading weights:  83%|████████▎ | 325/391 [00:00<00:00, 13247.96it/s, Materializing param=encoder.layer.19.output.dense.weight]
Loading weights:  83%|████████▎ | 325/391 [00:00<00:00, 13247.96it/s, Materializing param=encoder.layer.19.output.dense.weight]
Loading weights:  83%|████████▎ | 326/391 [00:00<00:00, 13288.72it/s, Materializing param=encoder.layer.20.attention.output.LayerNorm.bias]
Loading weights:  83%|████████▎ | 326/391 [00:00<00:00, 13288.72it/s, Materializing param=encoder.layer.20.attention.output.LayerNorm.bias]
Loading weights:  84%|████████▎ | 327/391 [00:00<00:00, 13329.49it/s, Materializing param=encoder.layer.20.attention.output.LayerNorm.weight]
Loading weights:  84%|████████▎ | 327/391 [00:00<00:00, 13329.49it/s, Materializing param=encoder.layer.20.attention.output.LayerNorm.weight]
Loading weights:  84%|████████▍ | 328/391 [00:00<00:00, 13370.25it/s, Materializing param=encoder.layer.20.attention.output.dense.bias]      
Loading weights:  84%|████████▍ | 328/391 [00:00<00:00, 13370.25it/s, Materializing param=encoder.layer.20.attention.output.dense.bias]
Loading weights:  84%|████████▍ | 329/391 [00:00<00:00, 13411.01it/s, Materializing param=encoder.layer.20.attention.output.dense.weight]
Loading weights:  84%|████████▍ | 329/391 [00:00<00:00, 13411.01it/s, Materializing param=encoder.layer.20.attention.output.dense.weight]
Loading weights:  84%|████████▍ | 330/391 [00:00<00:00, 13451.77it/s, Materializing param=encoder.layer.20.attention.self.key.bias]      
Loading weights:  84%|████████▍ | 330/391 [00:00<00:00, 13451.77it/s, Materializing param=encoder.layer.20.attention.self.key.bias]
Loading weights:  85%|████████▍ | 331/391 [00:00<00:00, 13492.54it/s, Materializing param=encoder.layer.20.attention.self.key.weight]
Loading weights:  85%|████████▍ | 331/391 [00:00<00:00, 13492.54it/s, Materializing param=encoder.layer.20.attention.self.key.weight]
Loading weights:  85%|████████▍ | 332/391 [00:00<00:00, 13533.30it/s, Materializing param=encoder.layer.20.attention.self.query.bias]
Loading weights:  85%|████████▍ | 332/391 [00:00<00:00, 13533.30it/s, Materializing param=encoder.layer.20.attention.self.query.bias]
Loading weights:  85%|████████▌ | 333/391 [00:00<00:00, 13574.06it/s, Materializing param=encoder.layer.20.attention.self.query.weight]
Loading weights:  85%|████████▌ | 333/391 [00:00<00:00, 13574.06it/s, Materializing param=encoder.layer.20.attention.self.query.weight]
Loading weights:  85%|████████▌ | 334/391 [00:00<00:00, 13614.83it/s, Materializing param=encoder.layer.20.attention.self.value.bias]  
Loading weights:  85%|████████▌ | 334/391 [00:00<00:00, 13614.83it/s, Materializing param=encoder.layer.20.attention.self.value.bias]
Loading weights:  86%|████████▌ | 335/391 [00:00<00:00, 13655.59it/s, Materializing param=encoder.layer.20.attention.self.value.weight]
Loading weights:  86%|████████▌ | 335/391 [00:00<00:00, 13655.59it/s, Materializing param=encoder.layer.20.attention.self.value.weight]
Loading weights:  86%|████████▌ | 336/391 [00:00<00:00, 13696.35it/s, Materializing param=encoder.layer.20.intermediate.dense.bias]    
Loading weights:  86%|████████▌ | 336/391 [00:00<00:00, 13696.35it/s, Materializing param=encoder.layer.20.intermediate.dense.bias]
Loading weights:  86%|████████▌ | 337/391 [00:00<00:00, 13737.12it/s, Materializing param=encoder.layer.20.intermediate.dense.weight]
Loading weights:  86%|████████▌ | 337/391 [00:00<00:00, 13737.12it/s, Materializing param=encoder.layer.20.intermediate.dense.weight]
Loading weights:  86%|████████▋ | 338/391 [00:00<00:00, 13777.88it/s, Materializing param=encoder.layer.20.output.LayerNorm.bias]    
Loading weights:  86%|████████▋ | 338/391 [00:00<00:00, 13777.88it/s, Materializing param=encoder.layer.20.output.LayerNorm.bias]
Loading weights:  87%|████████▋ | 339/391 [00:00<00:00, 13818.64it/s, Materializing param=encoder.layer.20.output.LayerNorm.weight]
Loading weights:  87%|████████▋ | 339/391 [00:00<00:00, 13818.64it/s, Materializing param=encoder.layer.20.output.LayerNorm.weight]
Loading weights:  87%|████████▋ | 340/391 [00:00<00:00, 13859.40it/s, Materializing param=encoder.layer.20.output.dense.bias]      
Loading weights:  87%|████████▋ | 340/391 [00:00<00:00, 13859.40it/s, Materializing param=encoder.layer.20.output.dense.bias]
Loading weights:  87%|████████▋ | 341/391 [00:00<00:00, 13900.17it/s, Materializing param=encoder.layer.20.output.dense.weight]
Loading weights:  87%|████████▋ | 341/391 [00:00<00:00, 13900.17it/s, Materializing param=encoder.layer.20.output.dense.weight]
Loading weights:  87%|████████▋ | 342/391 [00:00<00:00, 13940.93it/s, Materializing param=encoder.layer.21.attention.output.LayerNorm.bias]
Loading weights:  87%|████████▋ | 342/391 [00:00<00:00, 13940.93it/s, Materializing param=encoder.layer.21.attention.output.LayerNorm.bias]
Loading weights:  88%|████████▊ | 343/391 [00:00<00:00, 13981.69it/s, Materializing param=encoder.layer.21.attention.output.LayerNorm.weight]
Loading weights:  88%|████████▊ | 343/391 [00:00<00:00, 13981.69it/s, Materializing param=encoder.layer.21.attention.output.LayerNorm.weight]
Loading weights:  88%|████████▊ | 344/391 [00:00<00:00, 14022.46it/s, Materializing param=encoder.layer.21.attention.output.dense.bias]      
Loading weights:  88%|████████▊ | 344/391 [00:00<00:00, 14022.46it/s, Materializing param=encoder.layer.21.attention.output.dense.bias]
Loading weights:  88%|████████▊ | 345/391 [00:00<00:00, 14063.22it/s, Materializing param=encoder.layer.21.attention.output.dense.weight]
Loading weights:  88%|████████▊ | 345/391 [00:00<00:00, 14063.22it/s, Materializing param=encoder.layer.21.attention.output.dense.weight]
Loading weights:  88%|████████▊ | 346/391 [00:00<00:00, 14103.98it/s, Materializing param=encoder.layer.21.attention.self.key.bias]      
Loading weights:  88%|████████▊ | 346/391 [00:00<00:00, 14103.98it/s, Materializing param=encoder.layer.21.attention.self.key.bias]
Loading weights:  89%|████████▊ | 347/391 [00:00<00:00, 14144.74it/s, Materializing param=encoder.layer.21.attention.self.key.weight]
Loading weights:  89%|████████▊ | 347/391 [00:00<00:00, 14144.74it/s, Materializing param=encoder.layer.21.attention.self.key.weight]
Loading weights:  89%|████████▉ | 348/391 [00:00<00:00, 14185.51it/s, Materializing param=encoder.layer.21.attention.self.query.bias]
Loading weights:  89%|████████▉ | 348/391 [00:00<00:00, 14185.51it/s, Materializing param=encoder.layer.21.attention.self.query.bias]
Loading weights:  89%|████████▉ | 349/391 [00:00<00:00, 14226.27it/s, Materializing param=encoder.layer.21.attention.self.query.weight]
Loading weights:  89%|████████▉ | 349/391 [00:00<00:00, 14226.27it/s, Materializing param=encoder.layer.21.attention.self.query.weight]
Loading weights:  90%|████████▉ | 350/391 [00:00<00:00, 14267.03it/s, Materializing param=encoder.layer.21.attention.self.value.bias]  
Loading weights:  90%|████████▉ | 350/391 [00:00<00:00, 14267.03it/s, Materializing param=encoder.layer.21.attention.self.value.bias]
Loading weights:  90%|████████▉ | 351/391 [00:00<00:00, 14307.80it/s, Materializing param=encoder.layer.21.attention.self.value.weight]
Loading weights:  90%|████████▉ | 351/391 [00:00<00:00, 14307.80it/s, Materializing param=encoder.layer.21.attention.self.value.weight]
Loading weights:  90%|█████████ | 352/391 [00:00<00:00, 14348.56it/s, Materializing param=encoder.layer.21.intermediate.dense.bias]    
Loading weights:  90%|█████████ | 352/391 [00:00<00:00, 14348.56it/s, Materializing param=encoder.layer.21.intermediate.dense.bias]
Loading weights:  90%|█████████ | 353/391 [00:00<00:00, 14389.32it/s, Materializing param=encoder.layer.21.intermediate.dense.weight]
Loading weights:  90%|█████████ | 353/391 [00:00<00:00, 14389.32it/s, Materializing param=encoder.layer.21.intermediate.dense.weight]
Loading weights:  91%|█████████ | 354/391 [00:00<00:00, 14430.09it/s, Materializing param=encoder.layer.21.output.LayerNorm.bias]    
Loading weights:  91%|█████████ | 354/391 [00:00<00:00, 14430.09it/s, Materializing param=encoder.layer.21.output.LayerNorm.bias]
Loading weights:  91%|█████████ | 355/391 [00:00<00:00, 14470.85it/s, Materializing param=encoder.layer.21.output.LayerNorm.weight]
Loading weights:  91%|█████████ | 355/391 [00:00<00:00, 14470.85it/s, Materializing param=encoder.layer.21.output.LayerNorm.weight]
Loading weights:  91%|█████████ | 356/391 [00:00<00:00, 14511.61it/s, Materializing param=encoder.layer.21.output.dense.bias]      
Loading weights:  91%|█████████ | 356/391 [00:00<00:00, 14511.61it/s, Materializing param=encoder.layer.21.output.dense.bias]
Loading weights:  91%|█████████▏| 357/391 [00:00<00:00, 14552.37it/s, Materializing param=encoder.layer.21.output.dense.weight]
Loading weights:  91%|█████████▏| 357/391 [00:00<00:00, 13141.13it/s, Materializing param=encoder.layer.21.output.dense.weight]
Loading weights:  92%|█████████▏| 358/391 [00:00<00:00, 13177.94it/s, Materializing param=encoder.layer.22.attention.output.LayerNorm.bias]
Loading weights:  92%|█████████▏| 358/391 [00:00<00:00, 13177.94it/s, Materializing param=encoder.layer.22.attention.output.LayerNorm.bias]
Loading weights:  92%|█████████▏| 359/391 [00:00<00:00, 13214.75it/s, Materializing param=encoder.layer.22.attention.output.LayerNorm.weight]
Loading weights:  92%|█████████▏| 359/391 [00:00<00:00, 13214.75it/s, Materializing param=encoder.layer.22.attention.output.LayerNorm.weight]
Loading weights:  92%|█████████▏| 360/391 [00:00<00:00, 13251.56it/s, Materializing param=encoder.layer.22.attention.output.dense.bias]      
Loading weights:  92%|█████████▏| 360/391 [00:00<00:00, 13251.56it/s, Materializing param=encoder.layer.22.attention.output.dense.bias]
Loading weights:  92%|█████████▏| 361/391 [00:00<00:00, 13288.37it/s, Materializing param=encoder.layer.22.attention.output.dense.weight]
Loading weights:  92%|█████████▏| 361/391 [00:00<00:00, 13288.37it/s, Materializing param=encoder.layer.22.attention.output.dense.weight]
Loading weights:  93%|█████████▎| 362/391 [00:00<00:00, 13325.18it/s, Materializing param=encoder.layer.22.attention.self.key.bias]      
Loading weights:  93%|█████████▎| 362/391 [00:00<00:00, 13325.18it/s, Materializing param=encoder.layer.22.attention.self.key.bias]
Loading weights:  93%|█████████▎| 363/391 [00:00<00:00, 13361.99it/s, Materializing param=encoder.layer.22.attention.self.key.weight]
Loading weights:  93%|█████████▎| 363/391 [00:00<00:00, 13361.99it/s, Materializing param=encoder.layer.22.attention.self.key.weight]
Loading weights:  93%|█████████▎| 364/391 [00:00<00:00, 13398.80it/s, Materializing param=encoder.layer.22.attention.self.query.bias]
Loading weights:  93%|█████████▎| 364/391 [00:00<00:00, 13398.80it/s, Materializing param=encoder.layer.22.attention.self.query.bias]
Loading weights:  93%|█████████▎| 365/391 [00:00<00:00, 13435.61it/s, Materializing param=encoder.layer.22.attention.self.query.weight]
Loading weights:  93%|█████████▎| 365/391 [00:00<00:00, 13435.61it/s, Materializing param=encoder.layer.22.attention.self.query.weight]
Loading weights:  94%|█████████▎| 366/391 [00:00<00:00, 13472.42it/s, Materializing param=encoder.layer.22.attention.self.value.bias]  
Loading weights:  94%|█████████▎| 366/391 [00:00<00:00, 13472.42it/s, Materializing param=encoder.layer.22.attention.self.value.bias]
Loading weights:  94%|█████████▍| 367/391 [00:00<00:00, 13509.23it/s, Materializing param=encoder.layer.22.attention.self.value.weight]
Loading weights:  94%|█████████▍| 367/391 [00:00<00:00, 13509.23it/s, Materializing param=encoder.layer.22.attention.self.value.weight]
Loading weights:  94%|█████████▍| 368/391 [00:00<00:00, 13546.04it/s, Materializing param=encoder.layer.22.intermediate.dense.bias]    
Loading weights:  94%|█████████▍| 368/391 [00:00<00:00, 13546.04it/s, Materializing param=encoder.layer.22.intermediate.dense.bias]
Loading weights:  94%|█████████▍| 369/391 [00:00<00:00, 13582.85it/s, Materializing param=encoder.layer.22.intermediate.dense.weight]
Loading weights:  94%|█████████▍| 369/391 [00:00<00:00, 13582.85it/s, Materializing param=encoder.layer.22.intermediate.dense.weight]
Loading weights:  95%|█████████▍| 370/391 [00:00<00:00, 13619.66it/s, Materializing param=encoder.layer.22.output.LayerNorm.bias]    
Loading weights:  95%|█████████▍| 370/391 [00:00<00:00, 13129.49it/s, Materializing param=encoder.layer.22.output.LayerNorm.bias]
Loading weights:  95%|█████████▍| 371/391 [00:00<00:00, 13164.97it/s, Materializing param=encoder.layer.22.output.LayerNorm.weight]
Loading weights:  95%|█████████▍| 371/391 [00:00<00:00, 13164.97it/s, Materializing param=encoder.layer.22.output.LayerNorm.weight]
Loading weights:  95%|█████████▌| 372/391 [00:00<00:00, 13200.46it/s, Materializing param=encoder.layer.22.output.dense.bias]      
Loading weights:  95%|█████████▌| 372/391 [00:00<00:00, 13200.46it/s, Materializing param=encoder.layer.22.output.dense.bias]
Loading weights:  95%|█████████▌| 373/391 [00:00<00:00, 13235.94it/s, Materializing param=encoder.layer.22.output.dense.weight]
Loading weights:  95%|█████████▌| 373/391 [00:00<00:00, 13235.94it/s, Materializing param=encoder.layer.22.output.dense.weight]
Loading weights:  96%|█████████▌| 374/391 [00:00<00:00, 13271.43it/s, Materializing param=encoder.layer.23.attention.output.LayerNorm.bias]
Loading weights:  96%|█████████▌| 374/391 [00:00<00:00, 13271.43it/s, Materializing param=encoder.layer.23.attention.output.LayerNorm.bias]
Loading weights:  96%|█████████▌| 375/391 [00:00<00:00, 13306.91it/s, Materializing param=encoder.layer.23.attention.output.LayerNorm.weight]
Loading weights:  96%|█████████▌| 375/391 [00:00<00:00, 13306.91it/s, Materializing param=encoder.layer.23.attention.output.LayerNorm.weight]
Loading weights:  96%|█████████▌| 376/391 [00:00<00:00, 13342.40it/s, Materializing param=encoder.layer.23.attention.output.dense.bias]      
Loading weights:  96%|█████████▌| 376/391 [00:00<00:00, 13342.40it/s, Materializing param=encoder.layer.23.attention.output.dense.bias]
Loading weights:  96%|█████████▋| 377/391 [00:00<00:00, 13377.88it/s, Materializing param=encoder.layer.23.attention.output.dense.weight]
Loading weights:  96%|█████████▋| 377/391 [00:00<00:00, 13377.88it/s, Materializing param=encoder.layer.23.attention.output.dense.weight]
Loading weights:  97%|█████████▋| 378/391 [00:00<00:00, 13413.37it/s, Materializing param=encoder.layer.23.attention.self.key.bias]      
Loading weights:  97%|█████████▋| 378/391 [00:00<00:00, 13413.37it/s, Materializing param=encoder.layer.23.attention.self.key.bias]
Loading weights:  97%|█████████▋| 379/391 [00:00<00:00, 13448.86it/s, Materializing param=encoder.layer.23.attention.self.key.weight]
Loading weights:  97%|█████████▋| 379/391 [00:00<00:00, 13448.86it/s, Materializing param=encoder.layer.23.attention.self.key.weight]
Loading weights:  97%|█████████▋| 380/391 [00:00<00:00, 13484.34it/s, Materializing param=encoder.layer.23.attention.self.query.bias]
Loading weights:  97%|█████████▋| 380/391 [00:00<00:00, 13484.34it/s, Materializing param=encoder.layer.23.attention.self.query.bias]
Loading weights:  97%|█████████▋| 381/391 [00:00<00:00, 13519.83it/s, Materializing param=encoder.layer.23.attention.self.query.weight]
Loading weights:  97%|█████████▋| 381/391 [00:00<00:00, 13519.83it/s, Materializing param=encoder.layer.23.attention.self.query.weight]
Loading weights:  98%|█████████▊| 382/391 [00:00<00:00, 13555.31it/s, Materializing param=encoder.layer.23.attention.self.value.bias]  
Loading weights:  98%|█████████▊| 382/391 [00:00<00:00, 13555.31it/s, Materializing param=encoder.layer.23.attention.self.value.bias]
Loading weights:  98%|█████████▊| 383/391 [00:00<00:00, 13590.80it/s, Materializing param=encoder.layer.23.attention.self.value.weight]
Loading weights:  98%|█████████▊| 383/391 [00:00<00:00, 13590.80it/s, Materializing param=encoder.layer.23.attention.self.value.weight]
Loading weights:  98%|█████████▊| 384/391 [00:00<00:00, 13626.28it/s, Materializing param=encoder.layer.23.intermediate.dense.bias]    
Loading weights:  98%|█████████▊| 384/391 [00:00<00:00, 13626.28it/s, Materializing param=encoder.layer.23.intermediate.dense.bias]
Loading weights:  98%|█████████▊| 385/391 [00:00<00:00, 13661.77it/s, Materializing param=encoder.layer.23.intermediate.dense.weight]
Loading weights:  98%|█████████▊| 385/391 [00:00<00:00, 13661.77it/s, Materializing param=encoder.layer.23.intermediate.dense.weight]
Loading weights:  99%|█████████▊| 386/391 [00:00<00:00, 13697.25it/s, Materializing param=encoder.layer.23.output.LayerNorm.bias]    
Loading weights:  99%|█████████▊| 386/391 [00:00<00:00, 13697.25it/s, Materializing param=encoder.layer.23.output.LayerNorm.bias]
Loading weights:  99%|█████████▉| 387/391 [00:00<00:00, 13732.74it/s, Materializing param=encoder.layer.23.output.LayerNorm.weight]
Loading weights:  99%|█████████▉| 387/391 [00:00<00:00, 13732.74it/s, Materializing param=encoder.layer.23.output.LayerNorm.weight]
Loading weights:  99%|█████████▉| 388/391 [00:00<00:00, 13768.22it/s, Materializing param=encoder.layer.23.output.dense.bias]      
Loading weights:  99%|█████████▉| 388/391 [00:00<00:00, 13768.22it/s, Materializing param=encoder.layer.23.output.dense.bias]
Loading weights:  99%|█████████▉| 389/391 [00:00<00:00, 13803.71it/s, Materializing param=encoder.layer.23.output.dense.weight]
Loading weights:  99%|█████████▉| 389/391 [00:00<00:00, 13101.20it/s, Materializing param=encoder.layer.23.output.dense.weight]
Loading weights: 100%|█████████▉| 390/391 [00:00<00:00, 13134.88it/s, Materializing param=pooler.dense.bias]                   
Loading weights: 100%|█████████▉| 390/391 [00:00<00:00, 13134.88it/s, Materializing param=pooler.dense.bias]
Loading weights: 100%|██████████| 391/391 [00:00<00:00, 13168.56it/s, Materializing param=pooler.dense.weight]
Loading weights: 100%|██████████| 391/391 [00:00<00:00, 13168.56it/s, Materializing param=pooler.dense.weight]
Loading weights: 100%|██████████| 391/391 [00:00<00:00, 13168.56it/s, Materializing param=pooler.dense.weight]

Processing:   0%|          | 0/23 [00:00<?, ?item/s]
Processing: 100%|██████████| 23/23 [00:00<?, ?item/s]

Processing:   0%|          | 0/23 [00:00<?, ?item/s]
Processing: 100%|██████████| 23/23 [00:00<?, ?item/s]

Processing:   0%|          | 0/26 [00:00<?, ?item/s]
Processing: 100%|██████████| 26/26 [00:00<?, ?item/s]

Processing:   0%|          | 0/30 [00:00<?, ?item/s]
Processing: 100%|██████████| 30/30 [00:00<?, ?item/s]

Processing:   0%|          | 0/25 [00:00<?, ?item/s]
Processing: 100%|██████████| 25/25 [00:00<?, ?item/s]

Processing:   0%|          | 0/31 [00:00<?, ?item/s]
Processing: 100%|██████████| 31/31 [00:00<?, ?item/s]

Processing:   0%|          | 0/19 [00:00<?, ?item/s]
Processing: 100%|██████████| 19/19 [00:00<?, ?item/s]

Processing:   0%|          | 0/25 [00:00<?, ?item/s]
Processing: 100%|██████████| 25/25 [00:00<?, ?item/s]

Processing:   0%|          | 0/29 [00:00<?, ?item/s]
Processing: 100%|██████████| 29/29 [00:00<?, ?item/s]

Processing:   0%|          | 0/20 [00:00<?, ?item/s]
Processing: 100%|██████████| 20/20 [00:00<?, ?item/s]

Processing:   0%|          | 0/16 [00:00<?, ?item/s]
Processing: 100%|██████████| 16/16 [00:00<?, ?item/s]

Processing:   0%|          | 0/23 [00:00<?, ?item/s]
Processing: 100%|██████████| 23/23 [00:00<?, ?item/s]

Processing:   0%|          | 0/24 [00:00<?, ?item/s]
Processing: 100%|██████████| 24/24 [00:00<?, ?item/s]

Processing:   0%|          | 0/33 [00:00<?, ?item/s]
Processing: 100%|██████████| 33/33 [00:00<?, ?item/s]

Processing:   0%|          | 0/20 [00:00<?, ?item/s]
Processing: 100%|██████████| 20/20 [00:00<?, ?item/s]

Processing:   0%|          | 0/20 [00:00<?, ?item/s]
Processing: 100%|██████████| 20/20 [00:00<?, ?item/s]

Processing:   0%|          | 0/26 [00:00<?, ?item/s]
Processing: 100%|██████████| 26/26 [00:00<?, ?item/s]

Processing:   0%|          | 0/24 [00:00<?, ?item/s]
Processing: 100%|██████████| 24/24 [00:00<?, ?item/s]

Processing:   0%|          | 0/24 [00:00<?, ?item/s]
Processing: 100%|██████████| 24/24 [00:00<?, ?item/s]

Processing:   0%|          | 0/31 [00:00<?, ?item/s]
Processing: 100%|██████████| 31/31 [00:00<?, ?item/s]

Processing:   0%|          | 0/28 [00:00<?, ?item/s]
Processing: 100%|██████████| 28/28 [00:00<?, ?item/s]

Processing:   0%|          | 0/21 [00:00<?, ?item/s]
Processing: 100%|██████████| 21/21 [00:00<?, ?item/s]

Processing:   0%|          | 0/23 [00:00<?, ?item/s]
Processing: 100%|██████████| 23/23 [00:00<?, ?item/s]

Processing:   0%|          | 0/18 [00:00<?, ?item/s]
Processing: 100%|██████████| 18/18 [00:00<?, ?item/s]

Processing:   0%|          | 0/27 [00:00<?, ?item/s]
Processing: 100%|██████████| 27/27 [00:00<?, ?item/s]

Processing:   0%|          | 0/23 [00:00<?, ?item/s]
Processing: 100%|██████████| 23/23 [00:00<?, ?item/s]

Processing:   0%|          | 0/36 [00:00<?, ?item/s]
Processing: 100%|██████████| 36/36 [00:00<?, ?item/s]

Processing:   0%|          | 0/37 [00:00<?, ?item/s]
Processing: 100%|██████████| 37/37 [00:00<?, ?item/s]

Processing:   0%|          | 0/37 [00:00<?, ?item/s]
Processing: 100%|██████████| 37/37 [00:00<?, ?item/s]

Processing:   0%|          | 0/34 [00:00<?, ?item/s]
Processing: 100%|██████████| 34/34 [00:00<?, ?item/s]

Processing:   0%|          | 0/32 [00:00<?, ?item/s]
Processing: 100%|██████████| 32/32 [00:00<?, ?item/s]

Processing:   0%|          | 0/59 [00:00<?, ?item/s]
Processing: 100%|██████████| 59/59 [00:00<?, ?item/s]

Processing:   0%|          | 0/28 [00:00<?, ?item/s]
Processing: 100%|██████████| 28/28 [00:00<?, ?item/s]

Processing:   0%|          | 0/34 [00:00<?, ?item/s]
Processing: 100%|██████████| 34/34 [00:00<?, ?item/s]

Processing:   0%|          | 0/29 [00:00<?, ?item/s]
Processing: 100%|██████████| 29/29 [00:00<?, ?item/s]

Processing:   0%|          | 0/32 [00:00<?, ?item/s]
Processing: 100%|██████████| 32/32 [00:00<?, ?item/s]

Processing:   0%|          | 0/24 [00:00<?, ?item/s]
Processing: 100%|██████████| 24/24 [00:00<?, ?item/s]

Processing:   0%|          | 0/41 [00:00<?, ?item/s]
Processing: 100%|██████████| 41/41 [00:00<?, ?item/s]

Processing:   0%|          | 0/29 [00:00<?, ?item/s]
Processing: 100%|██████████| 29/29 [00:00<?, ?item/s]

Processing:   0%|          | 0/33 [00:00<?, ?item/s]
Processing: 100%|██████████| 33/33 [00:00<?, ?item/s]

Processing:   0%|          | 0/22 [00:00<?, ?item/s]
Processing: 100%|██████████| 22/22 [00:00<?, ?item/s]

Processing:   0%|          | 0/23 [00:00<?, ?item/s]
Processing: 100%|██████████| 23/23 [00:00<?, ?item/s]

Processing:   0%|          | 0/25 [00:00<?, ?item/s]
Processing: 100%|██████████| 25/25 [00:00<?, ?item/s]

Processing:   0%|          | 0/27 [00:00<?, ?item/s]
Processing: 100%|██████████| 27/27 [00:00<?, ?item/s]

Processing:   0%|          | 0/38 [00:00<?, ?item/s]
Processing: 100%|██████████| 38/38 [00:00<?, ?item/s]

Processing:   0%|          | 0/4 [00:00<?, ?item/s]
Processing: 100%|██████████| 4/4 [00:00<?, ?item/s]

Processing:   0%|          | 0/4 [00:00<?, ?item/s]
Processing: 100%|██████████| 4/4 [00:00<?, ?item/s]

Processing:   0%|          | 0/4 [00:00<?, ?item/s]
Processing: 100%|██████████| 4/4 [00:00<?, ?item/s]

Processing:   0%|          | 0/4 [00:00<?, ?item/s]
Processing: 100%|██████████| 4/4 [00:00<?, ?item/s]

Processing:   0%|          | 0/4 [00:00<?, ?item/s]
Processing: 100%|██████████| 4/4 [00:00<?, ?item/s]

Processing: 0item [00:00, ?item/s]
Processing: 0item [00:00, ?item/s]
Prompt assembly failed: INVALID_CONTEXT_TYPE
[GraphMemoryBridge] SQLite store init failed: Non-canonical MEMORY_DB path rejected in production scope: C:\Git\Agentic-Workflow-FRESH\artifacts\memory\knowledge_graph.sqlite. Expected artifacts\memory\knowledge_graph.sqlite. — no-op mode
Mutation failed: SovereignLLMGateway.generate() missing 1 required positional argument: 'artifact'

Processing: 0item [00:00, ?item/s]
Processing: 0item [00:00, ?item/s]
[ledger.writer] router_l0_agentic append failed: no such table: events

Loading weights:   0%|          | 0/391 [00:00<?, ?it/s]
Loading weights:   0%|          | 1/391 [00:00<?, ?it/s, Materializing param=embeddings.LayerNorm.bias]
Loading weights:   0%|          | 1/391 [00:00<?, ?it/s, Materializing param=embeddings.LayerNorm.bias]
Loading weights:   1%|          | 2/391 [00:00<?, ?it/s, Materializing param=embeddings.LayerNorm.weight]
Loading weights:   1%|          | 2/391 [00:00<?, ?it/s, Materializing param=embeddings.LayerNorm.weight]
Loading weights:   1%|          | 3/391 [00:00<?, ?it/s, Materializing param=embeddings.position_embeddings.weight]
Loading weights:   1%|          | 3/391 [00:00<?, ?it/s, Materializing param=embeddings.position_embeddings.weight]
Loading weights:   1%|          | 4/391 [00:00<?, ?it/s, Materializing param=embeddings.token_type_embeddings.weight]
Loading weights:   1%|          | 4/391 [00:00<?, ?it/s, Materializing param=embeddings.token_type_embeddings.weight]
Loading weights:   1%|▏         | 5/391 [00:00<?, ?it/s, Materializing param=embeddings.word_embeddings.weight]      
Loading weights:   1%|▏         | 5/391 [00:00<?, ?it/s, Materializing param=embeddings.word_embeddings.weight]
Loading weights:   2%|▏         | 6/391 [00:00<?, ?it/s, Materializing param=encoder.layer.0.attention.output.LayerNorm.bias]
Loading weights:   2%|▏         | 6/391 [00:00<?, ?it/s, Materializing param=encoder.layer.0.attention.output.LayerNorm.bias]
Loading weights:   2%|▏         | 7/391 [00:00<?, ?it/s, Materializing param=encoder.layer.0.attention.output.LayerNorm.weight]
Loading weights:   2%|▏         | 7/391 [00:00<?, ?it/s, Materializing param=encoder.layer.0.attention.output.LayerNorm.weight]
Loading weights:   2%|▏         | 8/391 [00:00<?, ?it/s, Materializing param=encoder.layer.0.attention.output.dense.bias]      
Loading weights:   2%|▏         | 8/391 [00:00<?, ?it/s, Materializing param=encoder.layer.0.attention.output.dense.bias]
Loading weights:   2%|▏         | 9/391 [00:00<?, ?it/s, Materializing param=encoder.layer.0.attention.output.dense.weight]
Loading weights:   2%|▏         | 9/391 [00:00<?, ?it/s, Materializing param=encoder.layer.0.attention.output.dense.weight]
Loading weights:   3%|▎         | 10/391 [00:00<?, ?it/s, Materializing param=encoder.layer.0.attention.self.key.bias]     
Loading weights:   3%|▎         | 10/391 [00:00<?, ?it/s, Materializing param=encoder.layer.0.attention.self.key.bias]
Loading weights:   3%|▎         | 11/391 [00:00<?, ?it/s, Materializing param=encoder.layer.0.attention.self.key.weight]
Loading weights:   3%|▎         | 11/391 [00:00<?, ?it/s, Materializing param=encoder.layer.0.attention.self.key.weight]
Loading weights:   3%|▎         | 12/391 [00:00<00:00, 3189.38it/s, Materializing param=encoder.layer.0.attention.self.query.bias]
Loading weights:   3%|▎         | 12/391 [00:00<00:00, 3189.38it/s, Materializing param=encoder.layer.0.attention.self.query.bias]
Loading weights:   3%|▎         | 13/391 [00:00<00:00, 2993.30it/s, Materializing param=encoder.layer.0.attention.self.query.weight]
Loading weights:   3%|▎         | 13/391 [00:00<00:00, 2431.48it/s, Materializing param=encoder.layer.0.attention.self.query.weight]
Loading weights:   4%|▎         | 14/391 [00:00<00:00, 2618.52it/s, Materializing param=encoder.layer.0.attention.self.value.bias]  
Loading weights:   4%|▎         | 14/391 [00:00<00:00, 2618.52it/s, Materializing param=encoder.layer.0.attention.self.value.bias]
Loading weights:   4%|▍         | 15/391 [00:00<00:00, 2805.55it/s, Materializing param=encoder.layer.0.attention.self.value.weight]
Loading weights:   4%|▍         | 15/391 [00:00<00:00, 2805.55it/s, Materializing param=encoder.layer.0.attention.self.value.weight]
Loading weights:   4%|▍         | 16/391 [00:00<00:00, 2992.59it/s, Materializing param=encoder.layer.0.intermediate.dense.bias]    
Loading weights:   4%|▍         | 16/391 [00:00<00:00, 2992.59it/s, Materializing param=encoder.layer.0.intermediate.dense.bias]
Loading weights:   4%|▍         | 17/391 [00:00<00:00, 3179.63it/s, Materializing param=encoder.layer.0.intermediate.dense.weight]
Loading weights:   4%|▍         | 17/391 [00:00<00:00, 3179.63it/s, Materializing param=encoder.layer.0.intermediate.dense.weight]
Loading weights:   5%|▍         | 18/391 [00:00<00:00, 3366.67it/s, Materializing param=encoder.layer.0.output.LayerNorm.bias]    
Loading weights:   5%|▍         | 18/391 [00:00<00:00, 3366.67it/s, Materializing param=encoder.layer.0.output.LayerNorm.bias]
Loading weights:   5%|▍         | 19/391 [00:00<00:00, 3553.70it/s, Materializing param=encoder.layer.0.output.LayerNorm.weight]
Loading weights:   5%|▍         | 19/391 [00:00<00:00, 3553.70it/s, Materializing param=encoder.layer.0.output.LayerNorm.weight]
Loading weights:   5%|▌         | 20/391 [00:00<00:00, 3740.74it/s, Materializing param=encoder.layer.0.output.dense.bias]      
Loading weights:   5%|▌         | 20/391 [00:00<00:00, 3740.74it/s, Materializing param=encoder.layer.0.output.dense.bias]
Loading weights:   5%|▌         | 21/391 [00:00<00:00, 3927.78it/s, Materializing param=encoder.layer.0.output.dense.weight]
Loading weights:   5%|▌         | 21/391 [00:00<00:00, 3927.78it/s, Materializing param=encoder.layer.0.output.dense.weight]
Loading weights:   6%|▌         | 22/391 [00:00<00:00, 4114.81it/s, Materializing param=encoder.layer.1.attention.output.LayerNorm.bias]
Loading weights:   6%|▌         | 22/391 [00:00<00:00, 4114.81it/s, Materializing param=encoder.layer.1.attention.output.LayerNorm.bias]
Loading weights:   6%|▌         | 23/391 [00:00<00:00, 4301.85it/s, Materializing param=encoder.layer.1.attention.output.LayerNorm.weight]
Loading weights:   6%|▌         | 23/391 [00:00<00:00, 4301.85it/s, Materializing param=encoder.layer.1.attention.output.LayerNorm.weight]
Loading weights:   6%|▌         | 24/391 [00:00<00:00, 3781.07it/s, Materializing param=encoder.layer.1.attention.output.dense.bias]      
Loading weights:   6%|▌         | 24/391 [00:00<00:00, 3781.07it/s, Materializing param=encoder.layer.1.attention.output.dense.bias]
Loading weights:   6%|▋         | 25/391 [00:00<00:00, 3938.61it/s, Materializing param=encoder.layer.1.attention.output.dense.weight]
Loading weights:   6%|▋         | 25/391 [00:00<00:00, 3938.61it/s, Materializing param=encoder.layer.1.attention.output.dense.weight]
Loading weights:   7%|▋         | 26/391 [00:00<00:00, 4096.15it/s, Materializing param=encoder.layer.1.attention.self.key.bias]      
Loading weights:   7%|▋         | 26/391 [00:00<00:00, 4096.15it/s, Materializing param=encoder.layer.1.attention.self.key.bias]
Loading weights:   7%|▋         | 27/391 [00:00<00:00, 4253.70it/s, Materializing param=encoder.layer.1.attention.self.key.weight]
Loading weights:   7%|▋         | 27/391 [00:00<00:00, 4253.70it/s, Materializing param=encoder.layer.1.attention.self.key.weight]
Loading weights:   7%|▋         | 28/391 [00:00<00:00, 4411.24it/s, Materializing param=encoder.layer.1.attention.self.query.bias]
Loading weights:   7%|▋         | 28/391 [00:00<00:00, 4411.24it/s, Materializing param=encoder.layer.1.attention.self.query.bias]
Loading weights:   7%|▋         | 29/391 [00:00<00:00, 4568.79it/s, Materializing param=encoder.layer.1.attention.self.query.weight]
Loading weights:   7%|▋         | 29/391 [00:00<00:00, 4568.79it/s, Materializing param=encoder.layer.1.attention.self.query.weight]
Loading weights:   8%|▊         | 30/391 [00:00<00:00, 4726.33it/s, Materializing param=encoder.layer.1.attention.self.value.bias]  
Loading weights:   8%|▊         | 30/391 [00:00<00:00, 4726.33it/s, Materializing param=encoder.layer.1.attention.self.value.bias]
Loading weights:   8%|▊         | 31/391 [00:00<00:00, 4883.88it/s, Materializing param=encoder.layer.1.attention.self.value.weight]
Loading weights:   8%|▊         | 31/391 [00:00<00:00, 4883.88it/s, Materializing param=encoder.layer.1.attention.self.value.weight]
Loading weights:   8%|▊         | 32/391 [00:00<00:00, 5041.42it/s, Materializing param=encoder.layer.1.intermediate.dense.bias]    
Loading weights:   8%|▊         | 32/391 [00:00<00:00, 5041.42it/s, Materializing param=encoder.layer.1.intermediate.dense.bias]
Loading weights:   8%|▊         | 33/391 [00:00<00:00, 5198.96it/s, Materializing param=encoder.layer.1.intermediate.dense.weight]
Loading weights:   8%|▊         | 33/391 [00:00<00:00, 5198.96it/s, Materializing param=encoder.layer.1.intermediate.dense.weight]
Loading weights:   9%|▊         | 34/391 [00:00<00:00, 5356.51it/s, Materializing param=encoder.layer.1.output.LayerNorm.bias]    
Loading weights:   9%|▊         | 34/391 [00:00<00:00, 5356.51it/s, Materializing param=encoder.layer.1.output.LayerNorm.bias]
Loading weights:   9%|▉         | 35/391 [00:00<00:00, 5514.05it/s, Materializing param=encoder.layer.1.output.LayerNorm.weight]
Loading weights:   9%|▉         | 35/391 [00:00<00:00, 5514.05it/s, Materializing param=encoder.layer.1.output.LayerNorm.weight]
Loading weights:   9%|▉         | 36/391 [00:00<00:00, 5671.60it/s, Materializing param=encoder.layer.1.output.dense.bias]      
Loading weights:   9%|▉         | 36/391 [00:00<00:00, 5671.60it/s, Materializing param=encoder.layer.1.output.dense.bias]
Loading weights:   9%|▉         | 37/391 [00:00<00:00, 5829.14it/s, Materializing param=encoder.layer.1.output.dense.weight]
Loading weights:   9%|▉         | 37/391 [00:00<00:00, 5829.14it/s, Materializing param=encoder.layer.1.output.dense.weight]
Loading weights:  10%|▉         | 38/391 [00:00<00:00, 5986.69it/s, Materializing param=encoder.layer.2.attention.output.LayerNorm.bias]
Loading weights:  10%|▉         | 38/391 [00:00<00:00, 5986.69it/s, Materializing param=encoder.layer.2.attention.output.LayerNorm.bias]
Loading weights:  10%|▉         | 39/391 [00:00<00:00, 6144.23it/s, Materializing param=encoder.layer.2.attention.output.LayerNorm.weight]
Loading weights:  10%|▉         | 39/391 [00:00<00:00, 6144.23it/s, Materializing param=encoder.layer.2.attention.output.LayerNorm.weight]
Loading weights:  10%|█         | 40/391 [00:00<00:00, 6301.78it/s, Materializing param=encoder.layer.2.attention.output.dense.bias]      
Loading weights:  10%|█         | 40/391 [00:00<00:00, 6301.78it/s, Materializing param=encoder.layer.2.attention.output.dense.bias]
Loading weights:  10%|█         | 41/391 [00:00<00:00, 6459.32it/s, Materializing param=encoder.layer.2.attention.output.dense.weight]
Loading weights:  10%|█         | 41/391 [00:00<00:00, 6459.32it/s, Materializing param=encoder.layer.2.attention.output.dense.weight]
Loading weights:  11%|█         | 42/391 [00:00<00:00, 5704.69it/s, Materializing param=encoder.layer.2.attention.self.key.bias]      
Loading weights:  11%|█         | 42/391 [00:00<00:00, 5704.69it/s, Materializing param=encoder.layer.2.attention.self.key.bias]
Loading weights:  11%|█         | 43/391 [00:00<00:00, 5840.51it/s, Materializing param=encoder.layer.2.attention.self.key.weight]
Loading weights:  11%|█         | 43/391 [00:00<00:00, 5840.51it/s, Materializing param=encoder.layer.2.attention.self.key.weight]
Loading weights:  11%|█▏        | 44/391 [00:00<00:00, 5976.34it/s, Materializing param=encoder.layer.2.attention.self.query.bias]
Loading weights:  11%|█▏        | 44/391 [00:00<00:00, 5976.34it/s, Materializing param=encoder.layer.2.attention.self.query.bias]
Loading weights:  12%|█▏        | 45/391 [00:00<00:00, 6112.17it/s, Materializing param=encoder.layer.2.attention.self.query.weight]
Loading weights:  12%|█▏        | 45/391 [00:00<00:00, 6112.17it/s, Materializing param=encoder.layer.2.attention.self.query.weight]
Loading weights:  12%|█▏        | 46/391 [00:00<00:00, 6247.99it/s, Materializing param=encoder.layer.2.attention.self.value.bias]  
Loading weights:  12%|█▏        | 46/391 [00:00<00:00, 6247.99it/s, Materializing param=encoder.layer.2.attention.self.value.bias]
Loading weights:  12%|█▏        | 47/391 [00:00<00:00, 6383.82it/s, Materializing param=encoder.layer.2.attention.self.value.weight]
Loading weights:  12%|█▏        | 47/391 [00:00<00:00, 6383.82it/s, Materializing param=encoder.layer.2.attention.self.value.weight]
Loading weights:  12%|█▏        | 48/391 [00:00<00:00, 6519.64it/s, Materializing param=encoder.layer.2.intermediate.dense.bias]    
Loading weights:  12%|█▏        | 48/391 [00:00<00:00, 6519.64it/s, Materializing param=encoder.layer.2.intermediate.dense.bias]
Loading weights:  13%|█▎        | 49/391 [00:00<00:00, 6655.47it/s, Materializing param=encoder.layer.2.intermediate.dense.weight]
Loading weights:  13%|█▎        | 49/391 [00:00<00:00, 6655.47it/s, Materializing param=encoder.layer.2.intermediate.dense.weight]
Loading weights:  13%|█▎        | 50/391 [00:00<00:00, 6791.30it/s, Materializing param=encoder.layer.2.output.LayerNorm.bias]    
Loading weights:  13%|█▎        | 50/391 [00:00<00:00, 6791.30it/s, Materializing param=encoder.layer.2.output.LayerNorm.bias]
Loading weights:  13%|█▎        | 51/391 [00:00<00:00, 6927.12it/s, Materializing param=encoder.layer.2.output.LayerNorm.weight]
Loading weights:  13%|█▎        | 51/391 [00:00<00:00, 6927.12it/s, Materializing param=encoder.layer.2.output.LayerNorm.weight]
Loading weights:  13%|█▎        | 52/391 [00:00<00:00, 7062.95it/s, Materializing param=encoder.layer.2.output.dense.bias]      
Loading weights:  13%|█▎        | 52/391 [00:00<00:00, 7062.95it/s, Materializing param=encoder.layer.2.output.dense.bias]
Loading weights:  14%|█▎        | 53/391 [00:00<00:00, 7198.77it/s, Materializing param=encoder.layer.2.output.dense.weight]
Loading weights:  14%|█▎        | 53/391 [00:00<00:00, 7198.77it/s, Materializing param=encoder.layer.2.output.dense.weight]
Loading weights:  14%|█▍        | 54/391 [00:00<00:00, 7334.60it/s, Materializing param=encoder.layer.3.attention.output.LayerNorm.bias]
Loading weights:  14%|█▍        | 54/391 [00:00<00:00, 7334.60it/s, Materializing param=encoder.layer.3.attention.output.LayerNorm.bias]
Loading weights:  14%|█▍        | 55/391 [00:00<00:00, 7470.42it/s, Materializing param=encoder.layer.3.attention.output.LayerNorm.weight]
Loading weights:  14%|█▍        | 55/391 [00:00<00:00, 7470.42it/s, Materializing param=encoder.layer.3.attention.output.LayerNorm.weight]
Loading weights:  14%|█▍        | 56/391 [00:00<00:00, 7606.25it/s, Materializing param=encoder.layer.3.attention.output.dense.bias]      
Loading weights:  14%|█▍        | 56/391 [00:00<00:00, 7606.25it/s, Materializing param=encoder.layer.3.attention.output.dense.bias]
Loading weights:  15%|█▍        | 57/391 [00:00<00:00, 7742.08it/s, Materializing param=encoder.layer.3.attention.output.dense.weight]
Loading weights:  15%|█▍        | 57/391 [00:00<00:00, 7742.08it/s, Materializing param=encoder.layer.3.attention.output.dense.weight]
Loading weights:  15%|█▍        | 58/391 [00:00<00:00, 7877.90it/s, Materializing param=encoder.layer.3.attention.self.key.bias]      
Loading weights:  15%|█▍        | 58/391 [00:00<00:00, 7877.90it/s, Materializing param=encoder.layer.3.attention.self.key.bias]
Loading weights:  15%|█▌        | 59/391 [00:00<00:00, 8013.73it/s, Materializing param=encoder.layer.3.attention.self.key.weight]
Loading weights:  15%|█▌        | 59/391 [00:00<00:00, 8013.73it/s, Materializing param=encoder.layer.3.attention.self.key.weight]
Loading weights:  15%|█▌        | 60/391 [00:00<00:00, 7174.86it/s, Materializing param=encoder.layer.3.attention.self.query.bias]
Loading weights:  15%|█▌        | 60/391 [00:00<00:00, 7174.86it/s, Materializing param=encoder.layer.3.attention.self.query.bias]
Loading weights:  16%|█▌        | 61/391 [00:00<00:00, 7294.44it/s, Materializing param=encoder.layer.3.attention.self.query.weight]
Loading weights:  16%|█▌        | 61/391 [00:00<00:00, 7294.44it/s, Materializing param=encoder.layer.3.attention.self.query.weight]
Loading weights:  16%|█▌        | 62/391 [00:00<00:00, 7414.02it/s, Materializing param=encoder.layer.3.attention.self.value.bias]  
Loading weights:  16%|█▌        | 62/391 [00:00<00:00, 7414.02it/s, Materializing param=encoder.layer.3.attention.self.value.bias]
Loading weights:  16%|█▌        | 63/391 [00:00<00:00, 7533.60it/s, Materializing param=encoder.layer.3.attention.self.value.weight]
Loading weights:  16%|█▌        | 63/391 [00:00<00:00, 7533.60it/s, Materializing param=encoder.layer.3.attention.self.value.weight]
Loading weights:  16%|█▋        | 64/391 [00:00<00:00, 7653.18it/s, Materializing param=encoder.layer.3.intermediate.dense.bias]    
Loading weights:  16%|█▋        | 64/391 [00:00<00:00, 7653.18it/s, Materializing param=encoder.layer.3.intermediate.dense.bias]
Loading weights:  17%|█▋        | 65/391 [00:00<00:00, 7772.77it/s, Materializing param=encoder.layer.3.intermediate.dense.weight]
Loading weights:  17%|█▋        | 65/391 [00:00<00:00, 7772.77it/s, Materializing param=encoder.layer.3.intermediate.dense.weight]
Loading weights:  17%|█▋        | 66/391 [00:00<00:00, 7892.35it/s, Materializing param=encoder.layer.3.output.LayerNorm.bias]    
Loading weights:  17%|█▋        | 66/391 [00:00<00:00, 7892.35it/s, Materializing param=encoder.layer.3.output.LayerNorm.bias]
Loading weights:  17%|█▋        | 67/391 [00:00<00:00, 8011.93it/s, Materializing param=encoder.layer.3.output.LayerNorm.weight]
Loading weights:  17%|█▋        | 67/391 [00:00<00:00, 8011.93it/s, Materializing param=encoder.layer.3.output.LayerNorm.weight]
Loading weights:  17%|█▋        | 68/391 [00:00<00:00, 8131.51it/s, Materializing param=encoder.layer.3.output.dense.bias]      
Loading weights:  17%|█▋        | 68/391 [00:00<00:00, 8131.51it/s, Materializing param=encoder.layer.3.output.dense.bias]
Loading weights:  18%|█▊        | 69/391 [00:00<00:00, 8251.09it/s, Materializing param=encoder.layer.3.output.dense.weight]
Loading weights:  18%|█▊        | 69/391 [00:00<00:00, 8251.09it/s, Materializing param=encoder.layer.3.output.dense.weight]
Loading weights:  18%|█▊        | 70/391 [00:00<00:00, 8370.67it/s, Materializing param=encoder.layer.4.attention.output.LayerNorm.bias]
Loading weights:  18%|█▊        | 70/391 [00:00<00:00, 8370.67it/s, Materializing param=encoder.layer.4.attention.output.LayerNorm.bias]
Loading weights:  18%|█▊        | 71/391 [00:00<00:00, 8490.25it/s, Materializing param=encoder.layer.4.attention.output.LayerNorm.weight]
Loading weights:  18%|█▊        | 71/391 [00:00<00:00, 8490.25it/s, Materializing param=encoder.layer.4.attention.output.LayerNorm.weight]
Loading weights:  18%|█▊        | 72/391 [00:00<00:00, 8609.83it/s, Materializing param=encoder.layer.4.attention.output.dense.bias]      
Loading weights:  18%|█▊        | 72/391 [00:00<00:00, 8609.83it/s, Materializing param=encoder.layer.4.attention.output.dense.bias]
Loading weights:  19%|█▊        | 73/391 [00:00<00:00, 8729.41it/s, Materializing param=encoder.layer.4.attention.output.dense.weight]
Loading weights:  19%|█▊        | 73/391 [00:00<00:00, 8729.41it/s, Materializing param=encoder.layer.4.attention.output.dense.weight]
Loading weights:  19%|█▉        | 74/391 [00:00<00:00, 8848.99it/s, Materializing param=encoder.layer.4.attention.self.key.bias]      
Loading weights:  19%|█▉        | 74/391 [00:00<00:00, 8848.99it/s, Materializing param=encoder.layer.4.attention.self.key.bias]
Loading weights:  19%|█▉        | 75/391 [00:00<00:00, 8968.58it/s, Materializing param=encoder.layer.4.attention.self.key.weight]
Loading weights:  19%|█▉        | 75/391 [00:00<00:00, 8968.58it/s, Materializing param=encoder.layer.4.attention.self.key.weight]
Loading weights:  19%|█▉        | 76/391 [00:00<00:00, 9088.16it/s, Materializing param=encoder.layer.4.attention.self.query.bias]
Loading weights:  19%|█▉        | 76/391 [00:00<00:00, 9088.16it/s, Materializing param=encoder.layer.4.attention.self.query.bias]
Loading weights:  20%|█▉        | 77/391 [00:00<00:00, 9207.74it/s, Materializing param=encoder.layer.4.attention.self.query.weight]
Loading weights:  20%|█▉        | 77/391 [00:00<00:00, 9207.74it/s, Materializing param=encoder.layer.4.attention.self.query.weight]
Loading weights:  20%|█▉        | 78/391 [00:00<00:00, 9327.32it/s, Materializing param=encoder.layer.4.attention.self.value.bias]  
Loading weights:  20%|█▉        | 78/391 [00:00<00:00, 9327.32it/s, Materializing param=encoder.layer.4.attention.self.value.bias]
Loading weights:  20%|██        | 79/391 [00:00<00:00, 8437.95it/s, Materializing param=encoder.layer.4.attention.self.value.weight]
Loading weights:  20%|██        | 79/391 [00:00<00:00, 8437.95it/s, Materializing param=encoder.layer.4.attention.self.value.weight]
Loading weights:  20%|██        | 80/391 [00:00<00:00, 8544.76it/s, Materializing param=encoder.layer.4.intermediate.dense.bias]    
Loading weights:  20%|██        | 80/391 [00:00<00:00, 8544.76it/s, Materializing param=encoder.layer.4.intermediate.dense.bias]
Loading weights:  21%|██        | 81/391 [00:00<00:00, 8651.57it/s, Materializing param=encoder.layer.4.intermediate.dense.weight]
Loading weights:  21%|██        | 81/391 [00:00<00:00, 8651.57it/s, Materializing param=encoder.layer.4.intermediate.dense.weight]
Loading weights:  21%|██        | 82/391 [00:00<00:00, 8758.38it/s, Materializing param=encoder.layer.4.output.LayerNorm.bias]    
Loading weights:  21%|██        | 82/391 [00:00<00:00, 8758.38it/s, Materializing param=encoder.layer.4.output.LayerNorm.bias]
Loading weights:  21%|██        | 83/391 [00:00<00:00, 8865.19it/s, Materializing param=encoder.layer.4.output.LayerNorm.weight]
Loading weights:  21%|██        | 83/391 [00:00<00:00, 8865.19it/s, Materializing param=encoder.layer.4.output.LayerNorm.weight]
Loading weights:  21%|██▏       | 84/391 [00:00<00:00, 8972.00it/s, Materializing param=encoder.layer.4.output.dense.bias]      
Loading weights:  21%|██▏       | 84/391 [00:00<00:00, 8972.00it/s, Materializing param=encoder.layer.4.output.dense.bias]
Loading weights:  22%|██▏       | 85/391 [00:00<00:00, 9078.81it/s, Materializing param=encoder.layer.4.output.dense.weight]
Loading weights:  22%|██▏       | 85/391 [00:00<00:00, 9078.81it/s, Materializing param=encoder.layer.4.output.dense.weight]
Loading weights:  22%|██▏       | 86/391 [00:00<00:00, 9185.62it/s, Materializing param=encoder.layer.5.attention.output.LayerNorm.bias]
Loading weights:  22%|██▏       | 86/391 [00:00<00:00, 9185.62it/s, Materializing param=encoder.layer.5.attention.output.LayerNorm.bias]
Loading weights:  22%|██▏       | 87/391 [00:00<00:00, 9292.43it/s, Materializing param=encoder.layer.5.attention.output.LayerNorm.weight]
Loading weights:  22%|██▏       | 87/391 [00:00<00:00, 9292.43it/s, Materializing param=encoder.layer.5.attention.output.LayerNorm.weight]
Loading weights:  23%|██▎       | 88/391 [00:00<00:00, 9399.24it/s, Materializing param=encoder.layer.5.attention.output.dense.bias]      
Loading weights:  23%|██▎       | 88/391 [00:00<00:00, 9399.24it/s, Materializing param=encoder.layer.5.attention.output.dense.bias]
Loading weights:  23%|██▎       | 89/391 [00:00<00:00, 9506.05it/s, Materializing param=encoder.layer.5.attention.output.dense.weight]
Loading weights:  23%|██▎       | 89/391 [00:00<00:00, 9506.05it/s, Materializing param=encoder.layer.5.attention.output.dense.weight]
Loading weights:  23%|██▎       | 90/391 [00:00<00:00, 9612.86it/s, Materializing param=encoder.layer.5.attention.self.key.bias]      
Loading weights:  23%|██▎       | 90/391 [00:00<00:00, 9612.86it/s, Materializing param=encoder.layer.5.attention.self.key.bias]
Loading weights:  23%|██▎       | 91/391 [00:00<00:00, 9719.67it/s, Materializing param=encoder.layer.5.attention.self.key.weight]
Loading weights:  23%|██▎       | 91/391 [00:00<00:00, 9719.67it/s, Materializing param=encoder.layer.5.attention.self.key.weight]
Loading weights:  24%|██▎       | 92/391 [00:00<00:00, 9826.48it/s, Materializing param=encoder.layer.5.attention.self.query.bias]
Loading weights:  24%|██▎       | 92/391 [00:00<00:00, 9826.48it/s, Materializing param=encoder.layer.5.attention.self.query.bias]
Loading weights:  24%|██▍       | 93/391 [00:00<00:00, 9933.29it/s, Materializing param=encoder.layer.5.attention.self.query.weight]
Loading weights:  24%|██▍       | 93/391 [00:00<00:00, 9933.29it/s, Materializing param=encoder.layer.5.attention.self.query.weight]
Loading weights:  24%|██▍       | 94/391 [00:00<00:00, 10040.10it/s, Materializing param=encoder.layer.5.attention.self.value.bias] 
Loading weights:  24%|██▍       | 94/391 [00:00<00:00, 10040.10it/s, Materializing param=encoder.layer.5.attention.self.value.bias]
Loading weights:  24%|██▍       | 95/391 [00:00<00:00, 9167.98it/s, Materializing param=encoder.layer.5.attention.self.value.weight]
Loading weights:  24%|██▍       | 95/391 [00:00<00:00, 9167.98it/s, Materializing param=encoder.layer.5.attention.self.value.weight]
Loading weights:  25%|██▍       | 96/391 [00:00<00:00, 9264.49it/s, Materializing param=encoder.layer.5.intermediate.dense.bias]    
Loading weights:  25%|██▍       | 96/391 [00:00<00:00, 9264.49it/s, Materializing param=encoder.layer.5.intermediate.dense.bias]
Loading weights:  25%|██▍       | 97/391 [00:00<00:00, 9360.99it/s, Materializing param=encoder.layer.5.intermediate.dense.weight]
Loading weights:  25%|██▍       | 97/391 [00:00<00:00, 9360.99it/s, Materializing param=encoder.layer.5.intermediate.dense.weight]
Loading weights:  25%|██▌       | 98/391 [00:00<00:00, 9457.50it/s, Materializing param=encoder.layer.5.output.LayerNorm.bias]    
Loading weights:  25%|██▌       | 98/391 [00:00<00:00, 9457.50it/s, Materializing param=encoder.layer.5.output.LayerNorm.bias]
Loading weights:  25%|██▌       | 99/391 [00:00<00:00, 9554.00it/s, Materializing param=encoder.layer.5.output.LayerNorm.weight]
Loading weights:  25%|██▌       | 99/391 [00:00<00:00, 9554.00it/s, Materializing param=encoder.layer.5.output.LayerNorm.weight]
Loading weights:  26%|██▌       | 100/391 [00:00<00:00, 9650.51it/s, Materializing param=encoder.layer.5.output.dense.bias]     
Loading weights:  26%|██▌       | 100/391 [00:00<00:00, 9650.51it/s, Materializing param=encoder.layer.5.output.dense.bias]
Loading weights:  26%|██▌       | 101/391 [00:00<00:00, 9747.01it/s, Materializing param=encoder.layer.5.output.dense.weight]
Loading weights:  26%|██▌       | 101/391 [00:00<00:00, 9747.01it/s, Materializing param=encoder.layer.5.output.dense.weight]
Loading weights:  26%|██▌       | 102/391 [00:00<00:00, 9843.52it/s, Materializing param=encoder.layer.6.attention.output.LayerNorm.bias]
Loading weights:  26%|██▌       | 102/391 [00:00<00:00, 9843.52it/s, Materializing param=encoder.layer.6.attention.output.LayerNorm.bias]
Loading weights:  26%|██▋       | 103/391 [00:00<00:00, 9940.02it/s, Materializing param=encoder.layer.6.attention.output.LayerNorm.weight]
Loading weights:  26%|██▋       | 103/391 [00:00<00:00, 9940.02it/s, Materializing param=encoder.layer.6.attention.output.LayerNorm.weight]
Loading weights:  27%|██▋       | 104/391 [00:00<00:00, 10036.53it/s, Materializing param=encoder.layer.6.attention.output.dense.bias]     
Loading weights:  27%|██▋       | 104/391 [00:00<00:00, 10036.53it/s, Materializing param=encoder.layer.6.attention.output.dense.bias]
Loading weights:  27%|██▋       | 105/391 [00:00<00:00, 10133.03it/s, Materializing param=encoder.layer.6.attention.output.dense.weight]
Loading weights:  27%|██▋       | 105/391 [00:00<00:00, 10133.03it/s, Materializing param=encoder.layer.6.attention.output.dense.weight]
Loading weights:  27%|██▋       | 106/391 [00:00<00:00, 10229.54it/s, Materializing param=encoder.layer.6.attention.self.key.bias]      
Loading weights:  27%|██▋       | 106/391 [00:00<00:00, 10229.54it/s, Materializing param=encoder.layer.6.attention.self.key.bias]
Loading weights:  27%|██▋       | 107/391 [00:00<00:00, 10326.04it/s, Materializing param=encoder.layer.6.attention.self.key.weight]
Loading weights:  27%|██▋       | 107/391 [00:00<00:00, 10326.04it/s, Materializing param=encoder.layer.6.attention.self.key.weight]
Loading weights:  28%|██▊       | 108/391 [00:00<00:00, 10422.55it/s, Materializing param=encoder.layer.6.attention.self.query.bias]
Loading weights:  28%|██▊       | 108/391 [00:00<00:00, 10422.55it/s, Materializing param=encoder.layer.6.attention.self.query.bias]
Loading weights:  28%|██▊       | 109/391 [00:00<00:00, 9591.71it/s, Materializing param=encoder.layer.6.attention.self.query.weight]
Loading weights:  28%|██▊       | 109/391 [00:00<00:00, 9591.71it/s, Materializing param=encoder.layer.6.attention.self.query.weight]
Loading weights:  28%|██▊       | 110/391 [00:00<00:00, 9679.70it/s, Materializing param=encoder.layer.6.attention.self.value.bias]  
Loading weights:  28%|██▊       | 110/391 [00:00<00:00, 9679.70it/s, Materializing param=encoder.layer.6.attention.self.value.bias]
Loading weights:  28%|██▊       | 111/391 [00:00<00:00, 9767.70it/s, Materializing param=encoder.layer.6.attention.self.value.weight]
Loading weights:  28%|██▊       | 111/391 [00:00<00:00, 9767.70it/s, Materializing param=encoder.layer.6.attention.self.value.weight]
Loading weights:  29%|██▊       | 112/391 [00:00<00:00, 9855.70it/s, Materializing param=encoder.layer.6.intermediate.dense.bias]    
Loading weights:  29%|██▊       | 112/391 [00:00<00:00, 9855.70it/s, Materializing param=encoder.layer.6.intermediate.dense.bias]
Loading weights:  29%|██▉       | 113/391 [00:00<00:00, 9943.70it/s, Materializing param=encoder.layer.6.intermediate.dense.weight]
Loading weights:  29%|██▉       | 113/391 [00:00<00:00, 9943.70it/s, Materializing param=encoder.layer.6.intermediate.dense.weight]
Loading weights:  29%|██▉       | 114/391 [00:00<00:00, 10031.69it/s, Materializing param=encoder.layer.6.output.LayerNorm.bias]   
Loading weights:  29%|██▉       | 114/391 [00:00<00:00, 10031.69it/s, Materializing param=encoder.layer.6.output.LayerNorm.bias]
Loading weights:  29%|██▉       | 115/391 [00:00<00:00, 10119.69it/s, Materializing param=encoder.layer.6.output.LayerNorm.weight]
Loading weights:  29%|██▉       | 115/391 [00:00<00:00, 10119.69it/s, Materializing param=encoder.layer.6.output.LayerNorm.weight]
Loading weights:  30%|██▉       | 116/391 [00:00<00:00, 10207.69it/s, Materializing param=encoder.layer.6.output.dense.bias]      
Loading weights:  30%|██▉       | 116/391 [00:00<00:00, 10207.69it/s, Materializing param=encoder.layer.6.output.dense.bias]
Loading weights:  30%|██▉       | 117/391 [00:00<00:00, 10295.69it/s, Materializing param=encoder.layer.6.output.dense.weight]
Loading weights:  30%|██▉       | 117/391 [00:00<00:00, 10295.69it/s, Materializing param=encoder.layer.6.output.dense.weight]
Loading weights:  30%|███       | 118/391 [00:00<00:00, 10383.68it/s, Materializing param=encoder.layer.7.attention.output.LayerNorm.bias]
Loading weights:  30%|███       | 118/391 [00:00<00:00, 10383.68it/s, Materializing param=encoder.layer.7.attention.output.LayerNorm.bias]
Loading weights:  30%|███       | 119/391 [00:00<00:00, 10471.68it/s, Materializing param=encoder.layer.7.attention.output.LayerNorm.weight]
Loading weights:  30%|███       | 119/391 [00:00<00:00, 10471.68it/s, Materializing param=encoder.layer.7.attention.output.LayerNorm.weight]
Loading weights:  31%|███       | 120/391 [00:00<00:00, 10559.68it/s, Materializing param=encoder.layer.7.attention.output.dense.bias]      
Loading weights:  31%|███       | 120/391 [00:00<00:00, 10559.68it/s, Materializing param=encoder.layer.7.attention.output.dense.bias]
Loading weights:  31%|███       | 121/391 [00:00<00:00, 10647.68it/s, Materializing param=encoder.layer.7.attention.output.dense.weight]
Loading weights:  31%|███       | 121/391 [00:00<00:00, 10647.68it/s, Materializing param=encoder.layer.7.attention.output.dense.weight]
Loading weights:  31%|███       | 122/391 [00:00<00:00, 9868.38it/s, Materializing param=encoder.layer.7.attention.self.key.bias]       
Loading weights:  31%|███       | 122/391 [00:00<00:00, 9868.38it/s, Materializing param=encoder.layer.7.attention.self.key.bias]
Loading weights:  31%|███▏      | 123/391 [00:00<00:00, 9949.27it/s, Materializing param=encoder.layer.7.attention.self.key.weight]
Loading weights:  31%|███▏      | 123/391 [00:00<00:00, 9949.27it/s, Materializing param=encoder.layer.7.attention.self.key.weight]
Loading weights:  32%|███▏      | 124/391 [00:00<00:00, 10030.16it/s, Materializing param=encoder.layer.7.attention.self.query.bias]
Loading weights:  32%|███▏      | 124/391 [00:00<00:00, 10030.16it/s, Materializing param=encoder.layer.7.attention.self.query.bias]
Loading weights:  32%|███▏      | 125/391 [00:00<00:00, 10111.04it/s, Materializing param=encoder.layer.7.attention.self.query.weight]
Loading weights:  32%|███▏      | 125/391 [00:00<00:00, 10111.04it/s, Materializing param=encoder.layer.7.attention.self.query.weight]
Loading weights:  32%|███▏      | 126/391 [00:00<00:00, 10191.93it/s, Materializing param=encoder.layer.7.attention.self.value.bias]  
Loading weights:  32%|███▏      | 126/391 [00:00<00:00, 10191.93it/s, Materializing param=encoder.layer.7.attention.self.value.bias]
Loading weights:  32%|███▏      | 127/391 [00:00<00:00, 10272.82it/s, Materializing param=encoder.layer.7.attention.self.value.weight]
Loading weights:  32%|███▏      | 127/391 [00:00<00:00, 10272.82it/s, Materializing param=encoder.layer.7.attention.self.value.weight]
Loading weights:  33%|███▎      | 128/391 [00:00<00:00, 10353.71it/s, Materializing param=encoder.layer.7.intermediate.dense.bias]    
Loading weights:  33%|███▎      | 128/391 [00:00<00:00, 10353.71it/s, Materializing param=encoder.layer.7.intermediate.dense.bias]
Loading weights:  33%|███▎      | 129/391 [00:00<00:00, 10434.60it/s, Materializing param=encoder.layer.7.intermediate.dense.weight]
Loading weights:  33%|███▎      | 129/391 [00:00<00:00, 10434.60it/s, Materializing param=encoder.layer.7.intermediate.dense.weight]
Loading weights:  33%|███▎      | 130/391 [00:00<00:00, 10515.49it/s, Materializing param=encoder.layer.7.output.LayerNorm.bias]    
Loading weights:  33%|███▎      | 130/391 [00:00<00:00, 10515.49it/s, Materializing param=encoder.layer.7.output.LayerNorm.bias]
Loading weights:  34%|███▎      | 131/391 [00:00<00:00, 10596.37it/s, Materializing param=encoder.layer.7.output.LayerNorm.weight]
Loading weights:  34%|███▎      | 131/391 [00:00<00:00, 10596.37it/s, Materializing param=encoder.layer.7.output.LayerNorm.weight]
Loading weights:  34%|███▍      | 132/391 [00:00<00:00, 10677.26it/s, Materializing param=encoder.layer.7.output.dense.bias]      
Loading weights:  34%|███▍      | 132/391 [00:00<00:00, 10677.26it/s, Materializing param=encoder.layer.7.output.dense.bias]
Loading weights:  34%|███▍      | 133/391 [00:00<00:00, 10758.15it/s, Materializing param=encoder.layer.7.output.dense.weight]
Loading weights:  34%|███▍      | 133/391 [00:00<00:00, 10758.15it/s, Materializing param=encoder.layer.7.output.dense.weight]
Loading weights:  34%|███▍      | 134/391 [00:00<00:00, 10839.04it/s, Materializing param=encoder.layer.8.attention.output.LayerNorm.bias]
Loading weights:  34%|███▍      | 134/391 [00:00<00:00, 10839.04it/s, Materializing param=encoder.layer.8.attention.output.LayerNorm.bias]
Loading weights:  35%|███▍      | 135/391 [00:00<00:00, 10102.61it/s, Materializing param=encoder.layer.8.attention.output.LayerNorm.weight]
Loading weights:  35%|███▍      | 135/391 [00:00<00:00, 10102.61it/s, Materializing param=encoder.layer.8.attention.output.LayerNorm.weight]
Loading weights:  35%|███▍      | 136/391 [00:00<00:00, 10177.44it/s, Materializing param=encoder.layer.8.attention.output.dense.bias]      
Loading weights:  35%|███▍      | 136/391 [00:00<00:00, 10177.44it/s, Materializing param=encoder.layer.8.attention.output.dense.bias]
Loading weights:  35%|███▌      | 137/391 [00:00<00:00, 10252.28it/s, Materializing param=encoder.layer.8.attention.output.dense.weight]
Loading weights:  35%|███▌      | 137/391 [00:00<00:00, 10252.28it/s, Materializing param=encoder.layer.8.attention.output.dense.weight]
Loading weights:  35%|███▌      | 138/391 [00:00<00:00, 10327.11it/s, Materializing param=encoder.layer.8.attention.self.key.bias]      
Loading weights:  35%|███▌      | 138/391 [00:00<00:00, 10327.11it/s, Materializing param=encoder.layer.8.attention.self.key.bias]
Loading weights:  36%|███▌      | 139/391 [00:00<00:00, 10401.95it/s, Materializing param=encoder.layer.8.attention.self.key.weight]
Loading weights:  36%|███▌      | 139/391 [00:00<00:00, 10401.95it/s, Materializing param=encoder.layer.8.attention.self.key.weight]
Loading weights:  36%|███▌      | 140/391 [00:00<00:00, 10476.78it/s, Materializing param=encoder.layer.8.attention.self.query.bias]
Loading weights:  36%|███▌      | 140/391 [00:00<00:00, 10476.78it/s, Materializing param=encoder.layer.8.attention.self.query.bias]
Loading weights:  36%|███▌      | 141/391 [00:00<00:00, 10551.61it/s, Materializing param=encoder.layer.8.attention.self.query.weight]
Loading weights:  36%|███▌      | 141/391 [00:00<00:00, 10551.61it/s, Materializing param=encoder.layer.8.attention.self.query.weight]
Loading weights:  36%|███▋      | 142/391 [00:00<00:00, 10626.45it/s, Materializing param=encoder.layer.8.attention.self.value.bias]  
Loading weights:  36%|███▋      | 142/391 [00:00<00:00, 10626.45it/s, Materializing param=encoder.layer.8.attention.self.value.bias]
Loading weights:  37%|███▋      | 143/391 [00:00<00:00, 10701.28it/s, Materializing param=encoder.layer.8.attention.self.value.weight]
Loading weights:  37%|███▋      | 143/391 [00:00<00:00, 10701.28it/s, Materializing param=encoder.layer.8.attention.self.value.weight]
Loading weights:  37%|███▋      | 144/391 [00:00<00:00, 10776.12it/s, Materializing param=encoder.layer.8.intermediate.dense.bias]    
Loading weights:  37%|███▋      | 144/391 [00:00<00:00, 10776.12it/s, Materializing param=encoder.layer.8.intermediate.dense.bias]
Loading weights:  37%|███▋      | 145/391 [00:00<00:00, 10850.95it/s, Materializing param=encoder.layer.8.intermediate.dense.weight]
Loading weights:  37%|███▋      | 145/391 [00:00<00:00, 10850.95it/s, Materializing param=encoder.layer.8.intermediate.dense.weight]
Loading weights:  37%|███▋      | 146/391 [00:00<00:00, 10925.78it/s, Materializing param=encoder.layer.8.output.LayerNorm.bias]    
Loading weights:  37%|███▋      | 146/391 [00:00<00:00, 10925.78it/s, Materializing param=encoder.layer.8.output.LayerNorm.bias]
Loading weights:  38%|███▊      | 147/391 [00:00<00:00, 11000.62it/s, Materializing param=encoder.layer.8.output.LayerNorm.weight]
Loading weights:  38%|███▊      | 147/391 [00:00<00:00, 11000.62it/s, Materializing param=encoder.layer.8.output.LayerNorm.weight]
Loading weights:  38%|███▊      | 148/391 [00:00<00:00, 10304.39it/s, Materializing param=encoder.layer.8.output.dense.bias]      
Loading weights:  38%|███▊      | 148/391 [00:00<00:00, 10304.39it/s, Materializing param=encoder.layer.8.output.dense.bias]
Loading weights:  38%|███▊      | 149/391 [00:00<00:00, 10374.01it/s, Materializing param=encoder.layer.8.output.dense.weight]
Loading weights:  38%|███▊      | 149/391 [00:00<00:00, 10374.01it/s, Materializing param=encoder.layer.8.output.dense.weight]
Loading weights:  38%|███▊      | 150/391 [00:00<00:00, 10443.64it/s, Materializing param=encoder.layer.9.attention.output.LayerNorm.bias]
Loading weights:  38%|███▊      | 150/391 [00:00<00:00, 10443.64it/s, Materializing param=encoder.layer.9.attention.output.LayerNorm.bias]
Loading weights:  39%|███▊      | 151/391 [00:00<00:00, 10513.26it/s, Materializing param=encoder.layer.9.attention.output.LayerNorm.weight]
Loading weights:  39%|███▊      | 151/391 [00:00<00:00, 10513.26it/s, Materializing param=encoder.layer.9.attention.output.LayerNorm.weight]
Loading weights:  39%|███▉      | 152/391 [00:00<00:00, 10582.89it/s, Materializing param=encoder.layer.9.attention.output.dense.bias]      
Loading weights:  39%|███▉      | 152/391 [00:00<00:00, 10582.89it/s, Materializing param=encoder.layer.9.attention.output.dense.bias]
Loading weights:  39%|███▉      | 153/391 [00:00<00:00, 10652.51it/s, Materializing param=encoder.layer.9.attention.output.dense.weight]
Loading weights:  39%|███▉      | 153/391 [00:00<00:00, 10652.51it/s, Materializing param=encoder.layer.9.attention.output.dense.weight]
Loading weights:  39%|███▉      | 154/391 [00:00<00:00, 10722.13it/s, Materializing param=encoder.layer.9.attention.self.key.bias]      
Loading weights:  39%|███▉      | 154/391 [00:00<00:00, 10722.13it/s, Materializing param=encoder.layer.9.attention.self.key.bias]
Loading weights:  40%|███▉      | 155/391 [00:00<00:00, 10791.76it/s, Materializing param=encoder.layer.9.attention.self.key.weight]
Loading weights:  40%|███▉      | 155/391 [00:00<00:00, 10791.76it/s, Materializing param=encoder.layer.9.attention.self.key.weight]
Loading weights:  40%|███▉      | 156/391 [00:00<00:00, 10861.38it/s, Materializing param=encoder.layer.9.attention.self.query.bias]
Loading weights:  40%|███▉      | 156/391 [00:00<00:00, 10861.38it/s, Materializing param=encoder.layer.9.attention.self.query.bias]
Loading weights:  40%|████      | 157/391 [00:00<00:00, 10931.01it/s, Materializing param=encoder.layer.9.attention.self.query.weight]
Loading weights:  40%|████      | 157/391 [00:00<00:00, 10931.01it/s, Materializing param=encoder.layer.9.attention.self.query.weight]
Loading weights:  40%|████      | 158/391 [00:00<00:00, 11000.63it/s, Materializing param=encoder.layer.9.attention.self.value.bias]  
Loading weights:  40%|████      | 158/391 [00:00<00:00, 11000.63it/s, Materializing param=encoder.layer.9.attention.self.value.bias]
Loading weights:  41%|████      | 159/391 [00:00<00:00, 11070.26it/s, Materializing param=encoder.layer.9.attention.self.value.weight]
Loading weights:  41%|████      | 159/391 [00:00<00:00, 11070.26it/s, Materializing param=encoder.layer.9.attention.self.value.weight]
Loading weights:  41%|████      | 160/391 [00:00<00:00, 11139.88it/s, Materializing param=encoder.layer.9.intermediate.dense.bias]    
Loading weights:  41%|████      | 160/391 [00:00<00:00, 11139.88it/s, Materializing param=encoder.layer.9.intermediate.dense.bias]
Loading weights:  41%|████      | 161/391 [00:00<00:00, 10479.90it/s, Materializing param=encoder.layer.9.intermediate.dense.weight]
Loading weights:  41%|████      | 161/391 [00:00<00:00, 10479.90it/s, Materializing param=encoder.layer.9.intermediate.dense.weight]
Loading weights:  41%|████▏     | 162/391 [00:00<00:00, 10544.99it/s, Materializing param=encoder.layer.9.output.LayerNorm.bias]    
Loading weights:  41%|████▏     | 162/391 [00:00<00:00, 10544.99it/s, Materializing param=encoder.layer.9.output.LayerNorm.bias]
Loading weights:  42%|████▏     | 163/391 [00:00<00:00, 10610.09it/s, Materializing param=encoder.layer.9.output.LayerNorm.weight]
Loading weights:  42%|████▏     | 163/391 [00:00<00:00, 10610.09it/s, Materializing param=encoder.layer.9.output.LayerNorm.weight]
Loading weights:  42%|████▏     | 164/391 [00:00<00:00, 10675.18it/s, Materializing param=encoder.layer.9.output.dense.bias]      
Loading weights:  42%|████▏     | 164/391 [00:00<00:00, 10675.18it/s, Materializing param=encoder.layer.9.output.dense.bias]
Loading weights:  42%|████▏     | 165/391 [00:00<00:00, 10740.27it/s, Materializing param=encoder.layer.9.output.dense.weight]
Loading weights:  42%|████▏     | 165/391 [00:00<00:00, 10740.27it/s, Materializing param=encoder.layer.9.output.dense.weight]
Loading weights:  42%|████▏     | 166/391 [00:00<00:00, 10805.36it/s, Materializing param=encoder.layer.10.attention.output.LayerNorm.bias]
Loading weights:  42%|████▏     | 166/391 [00:00<00:00, 10805.36it/s, Materializing param=encoder.layer.10.attention.output.LayerNorm.bias]
Loading weights:  43%|████▎     | 167/391 [00:00<00:00, 10870.46it/s, Materializing param=encoder.layer.10.attention.output.LayerNorm.weight]
Loading weights:  43%|████▎     | 167/391 [00:00<00:00, 10870.46it/s, Materializing param=encoder.layer.10.attention.output.LayerNorm.weight]
Loading weights:  43%|████▎     | 168/391 [00:00<00:00, 10935.55it/s, Materializing param=encoder.layer.10.attention.output.dense.bias]      
Loading weights:  43%|████▎     | 168/391 [00:00<00:00, 10935.55it/s, Materializing param=encoder.layer.10.attention.output.dense.bias]
Loading weights:  43%|████▎     | 169/391 [00:00<00:00, 11000.64it/s, Materializing param=encoder.layer.10.attention.output.dense.weight]
Loading weights:  43%|████▎     | 169/391 [00:00<00:00, 11000.64it/s, Materializing param=encoder.layer.10.attention.output.dense.weight]
Loading weights:  43%|████▎     | 170/391 [00:00<00:00, 11065.73it/s, Materializing param=encoder.layer.10.attention.self.key.bias]      
Loading weights:  43%|████▎     | 170/391 [00:00<00:00, 11065.73it/s, Materializing param=encoder.layer.10.attention.self.key.bias]
Loading weights:  44%|████▎     | 171/391 [00:00<00:00, 11130.83it/s, Materializing param=encoder.layer.10.attention.self.key.weight]
Loading weights:  44%|████▎     | 171/391 [00:00<00:00, 11130.83it/s, Materializing param=encoder.layer.10.attention.self.key.weight]
Loading weights:  44%|████▍     | 172/391 [00:00<00:00, 11195.92it/s, Materializing param=encoder.layer.10.attention.self.query.bias]
Loading weights:  44%|████▍     | 172/391 [00:00<00:00, 11195.92it/s, Materializing param=encoder.layer.10.attention.self.query.bias]
Loading weights:  44%|████▍     | 173/391 [00:00<00:00, 11261.01it/s, Materializing param=encoder.layer.10.attention.self.query.weight]
Loading weights:  44%|████▍     | 173/391 [00:00<00:00, 11261.01it/s, Materializing param=encoder.layer.10.attention.self.query.weight]
Loading weights:  45%|████▍     | 174/391 [00:00<00:00, 11326.10it/s, Materializing param=encoder.layer.10.attention.self.value.bias]  
Loading weights:  45%|████▍     | 174/391 [00:00<00:00, 11326.10it/s, Materializing param=encoder.layer.10.attention.self.value.bias]
Loading weights:  45%|████▍     | 175/391 [00:00<00:00, 11391.20it/s, Materializing param=encoder.layer.10.attention.self.value.weight]
Loading weights:  45%|████▍     | 175/391 [00:00<00:00, 11391.20it/s, Materializing param=encoder.layer.10.attention.self.value.weight]
Loading weights:  45%|████▌     | 176/391 [00:00<00:00, 11456.29it/s, Materializing param=encoder.layer.10.intermediate.dense.bias]    
Loading weights:  45%|████▌     | 176/391 [00:00<00:00, 11456.29it/s, Materializing param=encoder.layer.10.intermediate.dense.bias]
Loading weights:  45%|████▌     | 177/391 [00:00<00:00, 11521.38it/s, Materializing param=encoder.layer.10.intermediate.dense.weight]
Loading weights:  45%|████▌     | 177/391 [00:00<00:00, 11521.38it/s, Materializing param=encoder.layer.10.intermediate.dense.weight]
Loading weights:  46%|████▌     | 178/391 [00:00<00:00, 11586.48it/s, Materializing param=encoder.layer.10.output.LayerNorm.bias]    
Loading weights:  46%|████▌     | 178/391 [00:00<00:00, 11586.48it/s, Materializing param=encoder.layer.10.output.LayerNorm.bias]
Loading weights:  46%|████▌     | 179/391 [00:00<00:00, 11651.57it/s, Materializing param=encoder.layer.10.output.LayerNorm.weight]
Loading weights:  46%|████▌     | 179/391 [00:00<00:00, 11651.57it/s, Materializing param=encoder.layer.10.output.LayerNorm.weight]
Loading weights:  46%|████▌     | 180/391 [00:00<00:00, 11716.66it/s, Materializing param=encoder.layer.10.output.dense.bias]      
Loading weights:  46%|████▌     | 180/391 [00:00<00:00, 11716.66it/s, Materializing param=encoder.layer.10.output.dense.bias]
Loading weights:  46%|████▋     | 181/391 [00:00<00:00, 10732.12it/s, Materializing param=encoder.layer.10.output.dense.weight]
Loading weights:  46%|████▋     | 181/391 [00:00<00:00, 10732.12it/s, Materializing param=encoder.layer.10.output.dense.weight]
Loading weights:  47%|████▋     | 182/391 [00:00<00:00, 10791.42it/s, Materializing param=encoder.layer.11.attention.output.LayerNorm.bias]
Loading weights:  47%|████▋     | 182/391 [00:00<00:00, 10791.42it/s, Materializing param=encoder.layer.11.attention.output.LayerNorm.bias]
Loading weights:  47%|████▋     | 183/391 [00:00<00:00, 10850.71it/s, Materializing param=encoder.layer.11.attention.output.LayerNorm.weight]
Loading weights:  47%|████▋     | 183/391 [00:00<00:00, 10850.71it/s, Materializing param=encoder.layer.11.attention.output.LayerNorm.weight]
Loading weights:  47%|████▋     | 184/391 [00:00<00:00, 10910.01it/s, Materializing param=encoder.layer.11.attention.output.dense.bias]      
Loading weights:  47%|████▋     | 184/391 [00:00<00:00, 10910.01it/s, Materializing param=encoder.layer.11.attention.output.dense.bias]
Loading weights:  47%|████▋     | 185/391 [00:00<00:00, 10969.30it/s, Materializing param=encoder.layer.11.attention.output.dense.weight]
Loading weights:  47%|████▋     | 185/391 [00:00<00:00, 10969.30it/s, Materializing param=encoder.layer.11.attention.output.dense.weight]
Loading weights:  48%|████▊     | 186/391 [00:00<00:00, 11028.59it/s, Materializing param=encoder.layer.11.attention.self.key.bias]      
Loading weights:  48%|████▊     | 186/391 [00:00<00:00, 11028.59it/s, Materializing param=encoder.layer.11.attention.self.key.bias]
Loading weights:  48%|████▊     | 187/391 [00:00<00:00, 11087.89it/s, Materializing param=encoder.layer.11.attention.self.key.weight]
Loading weights:  48%|████▊     | 187/391 [00:00<00:00, 11087.89it/s, Materializing param=encoder.layer.11.attention.self.key.weight]
Loading weights:  48%|████▊     | 188/391 [00:00<00:00, 11147.18it/s, Materializing param=encoder.layer.11.attention.self.query.bias]
Loading weights:  48%|████▊     | 188/391 [00:00<00:00, 11147.18it/s, Materializing param=encoder.layer.11.attention.self.query.bias]
Loading weights:  48%|████▊     | 189/391 [00:00<00:00, 11206.47it/s, Materializing param=encoder.layer.11.attention.self.query.weight]
Loading weights:  48%|████▊     | 189/391 [00:00<00:00, 11206.47it/s, Materializing param=encoder.layer.11.attention.self.query.weight]
Loading weights:  49%|████▊     | 190/391 [00:00<00:00, 11265.77it/s, Materializing param=encoder.layer.11.attention.self.value.bias]  
Loading weights:  49%|████▊     | 190/391 [00:00<00:00, 11265.77it/s, Materializing param=encoder.layer.11.attention.self.value.bias]
Loading weights:  49%|████▉     | 191/391 [00:00<00:00, 11325.06it/s, Materializing param=encoder.layer.11.attention.self.value.weight]
Loading weights:  49%|████▉     | 191/391 [00:00<00:00, 11325.06it/s, Materializing param=encoder.layer.11.attention.self.value.weight]
Loading weights:  49%|████▉     | 192/391 [00:00<00:00, 11384.35it/s, Materializing param=encoder.layer.11.intermediate.dense.bias]    
Loading weights:  49%|████▉     | 192/391 [00:00<00:00, 11384.35it/s, Materializing param=encoder.layer.11.intermediate.dense.bias]
Loading weights:  49%|████▉     | 193/391 [00:00<00:00, 11443.65it/s, Materializing param=encoder.layer.11.intermediate.dense.weight]
Loading weights:  49%|████▉     | 193/391 [00:00<00:00, 11443.65it/s, Materializing param=encoder.layer.11.intermediate.dense.weight]
Loading weights:  50%|████▉     | 194/391 [00:00<00:00, 11502.94it/s, Materializing param=encoder.layer.11.output.LayerNorm.bias]    
Loading weights:  50%|████▉     | 194/391 [00:00<00:00, 11502.94it/s, Materializing param=encoder.layer.11.output.LayerNorm.bias]
Loading weights:  50%|████▉     | 195/391 [00:00<00:00, 11562.23it/s, Materializing param=encoder.layer.11.output.LayerNorm.weight]
Loading weights:  50%|████▉     | 195/391 [00:00<00:00, 11562.23it/s, Materializing param=encoder.layer.11.output.LayerNorm.weight]
Loading weights:  50%|█████     | 196/391 [00:00<00:00, 11621.53it/s, Materializing param=encoder.layer.11.output.dense.bias]      
Loading weights:  50%|█████     | 196/391 [00:00<00:00, 11621.53it/s, Materializing param=encoder.layer.11.output.dense.bias]
Loading weights:  50%|█████     | 197/391 [00:00<00:00, 11680.82it/s, Materializing param=encoder.layer.11.output.dense.weight]
Loading weights:  50%|█████     | 197/391 [00:00<00:00, 11680.82it/s, Materializing param=encoder.layer.11.output.dense.weight]
Loading weights:  51%|█████     | 198/391 [00:00<00:00, 11740.11it/s, Materializing param=encoder.layer.12.attention.output.LayerNorm.bias]
Loading weights:  51%|█████     | 198/391 [00:00<00:00, 11740.11it/s, Materializing param=encoder.layer.12.attention.output.LayerNorm.bias]
Loading weights:  51%|█████     | 199/391 [00:00<00:00, 11799.41it/s, Materializing param=encoder.layer.12.attention.output.LayerNorm.weight]
Loading weights:  51%|█████     | 199/391 [00:00<00:00, 11799.41it/s, Materializing param=encoder.layer.12.attention.output.LayerNorm.weight]
Loading weights:  51%|█████     | 200/391 [00:00<00:00, 11858.70it/s, Materializing param=encoder.layer.12.attention.output.dense.bias]      
Loading weights:  51%|█████     | 200/391 [00:00<00:00, 10864.81it/s, Materializing param=encoder.layer.12.attention.output.dense.bias]
Loading weights:  51%|█████▏    | 201/391 [00:00<00:00, 10919.13it/s, Materializing param=encoder.layer.12.attention.output.dense.weight]
Loading weights:  51%|█████▏    | 201/391 [00:00<00:00, 10919.13it/s, Materializing param=encoder.layer.12.attention.output.dense.weight]
Loading weights:  52%|█████▏    | 202/391 [00:00<00:00, 10973.45it/s, Materializing param=encoder.layer.12.attention.self.key.bias]      
Loading weights:  52%|█████▏    | 202/391 [00:00<00:00, 10973.45it/s, Materializing param=encoder.layer.12.attention.self.key.bias]
Loading weights:  52%|█████▏    | 203/391 [00:00<00:00, 11027.78it/s, Materializing param=encoder.layer.12.attention.self.key.weight]
Loading weights:  52%|█████▏    | 203/391 [00:00<00:00, 11027.78it/s, Materializing param=encoder.layer.12.attention.self.key.weight]
Loading weights:  52%|█████▏    | 204/391 [00:00<00:00, 11082.10it/s, Materializing param=encoder.layer.12.attention.self.query.bias]
Loading weights:  52%|█████▏    | 204/391 [00:00<00:00, 11082.10it/s, Materializing param=encoder.layer.12.attention.self.query.bias]
Loading weights:  52%|█████▏    | 205/391 [00:00<00:00, 11136.43it/s, Materializing param=encoder.layer.12.attention.self.query.weight]
Loading weights:  52%|█████▏    | 205/391 [00:00<00:00, 11136.43it/s, Materializing param=encoder.layer.12.attention.self.query.weight]
Loading weights:  53%|█████▎    | 206/391 [00:00<00:00, 11190.75it/s, Materializing param=encoder.layer.12.attention.self.value.bias]  
Loading weights:  53%|█████▎    | 206/391 [00:00<00:00, 11190.75it/s, Materializing param=encoder.layer.12.attention.self.value.bias]
Loading weights:  53%|█████▎    | 207/391 [00:00<00:00, 11245.07it/s, Materializing param=encoder.layer.12.attention.self.value.weight]
Loading weights:  53%|█████▎    | 207/391 [00:00<00:00, 11245.07it/s, Materializing param=encoder.layer.12.attention.self.value.weight]
Loading weights:  53%|█████▎    | 208/391 [00:00<00:00, 11299.40it/s, Materializing param=encoder.layer.12.intermediate.dense.bias]    
Loading weights:  53%|█████▎    | 208/391 [00:00<00:00, 11299.40it/s, Materializing param=encoder.layer.12.intermediate.dense.bias]
Loading weights:  53%|█████▎    | 209/391 [00:00<00:00, 11353.72it/s, Materializing param=encoder.layer.12.intermediate.dense.weight]
Loading weights:  53%|█████▎    | 209/391 [00:00<00:00, 11353.72it/s, Materializing param=encoder.layer.12.intermediate.dense.weight]
Loading weights:  54%|█████▎    | 210/391 [00:00<00:00, 11408.05it/s, Materializing param=encoder.layer.12.output.LayerNorm.bias]    
Loading weights:  54%|█████▎    | 210/391 [00:00<00:00, 11408.05it/s, Materializing param=encoder.layer.12.output.LayerNorm.bias]
Loading weights:  54%|█████▍    | 211/391 [00:00<00:00, 11462.37it/s, Materializing param=encoder.layer.12.output.LayerNorm.weight]
Loading weights:  54%|█████▍    | 211/391 [00:00<00:00, 11462.37it/s, Materializing param=encoder.layer.12.output.LayerNorm.weight]
Loading weights:  54%|█████▍    | 212/391 [00:00<00:00, 11516.69it/s, Materializing param=encoder.layer.12.output.dense.bias]      
Loading weights:  54%|█████▍    | 212/391 [00:00<00:00, 11516.69it/s, Materializing param=encoder.layer.12.output.dense.bias]
Loading weights:  54%|█████▍    | 213/391 [00:00<00:00, 11571.02it/s, Materializing param=encoder.layer.12.output.dense.weight]
Loading weights:  54%|█████▍    | 213/391 [00:00<00:00, 11571.02it/s, Materializing param=encoder.layer.12.output.dense.weight]
Loading weights:  55%|█████▍    | 214/391 [00:00<00:00, 11625.34it/s, Materializing param=encoder.layer.13.attention.output.LayerNorm.bias]
Loading weights:  55%|█████▍    | 214/391 [00:00<00:00, 11625.34it/s, Materializing param=encoder.layer.13.attention.output.LayerNorm.bias]
Loading weights:  55%|█████▍    | 215/391 [00:00<00:00, 11679.67it/s, Materializing param=encoder.layer.13.attention.output.LayerNorm.weight]
Loading weights:  55%|█████▍    | 215/391 [00:00<00:00, 11679.67it/s, Materializing param=encoder.layer.13.attention.output.LayerNorm.weight]
Loading weights:  55%|█████▌    | 216/391 [00:00<00:00, 11733.99it/s, Materializing param=encoder.layer.13.attention.output.dense.bias]      
Loading weights:  55%|█████▌    | 216/391 [00:00<00:00, 11733.99it/s, Materializing param=encoder.layer.13.attention.output.dense.bias]
Loading weights:  55%|█████▌    | 217/391 [00:00<00:00, 11788.31it/s, Materializing param=encoder.layer.13.attention.output.dense.weight]
Loading weights:  55%|█████▌    | 217/391 [00:00<00:00, 11788.31it/s, Materializing param=encoder.layer.13.attention.output.dense.weight]
Loading weights:  56%|█████▌    | 218/391 [00:00<00:00, 11842.64it/s, Materializing param=encoder.layer.13.attention.self.key.bias]      
Loading weights:  56%|█████▌    | 218/391 [00:00<00:00, 11842.64it/s, Materializing param=encoder.layer.13.attention.self.key.bias]
Loading weights:  56%|█████▌    | 219/391 [00:00<00:00, 11896.96it/s, Materializing param=encoder.layer.13.attention.self.key.weight]
Loading weights:  56%|█████▌    | 219/391 [00:00<00:00, 11896.96it/s, Materializing param=encoder.layer.13.attention.self.key.weight]
Loading weights:  56%|█████▋    | 220/391 [00:00<00:00, 11951.29it/s, Materializing param=encoder.layer.13.attention.self.query.bias]
Loading weights:  56%|█████▋    | 220/391 [00:00<00:00, 11951.29it/s, Materializing param=encoder.layer.13.attention.self.query.bias]
Loading weights:  57%|█████▋    | 221/391 [00:00<00:00, 12005.61it/s, Materializing param=encoder.layer.13.attention.self.query.weight]
Loading weights:  57%|█████▋    | 221/391 [00:00<00:00, 12005.61it/s, Materializing param=encoder.layer.13.attention.self.query.weight]
Loading weights:  57%|█████▋    | 222/391 [00:00<00:00, 12059.93it/s, Materializing param=encoder.layer.13.attention.self.value.bias]  
Loading weights:  57%|█████▋    | 222/391 [00:00<00:00, 10973.90it/s, Materializing param=encoder.layer.13.attention.self.value.bias]
Loading weights:  57%|█████▋    | 223/391 [00:00<00:00, 11023.33it/s, Materializing param=encoder.layer.13.attention.self.value.weight]
Loading weights:  57%|█████▋    | 223/391 [00:00<00:00, 11023.33it/s, Materializing param=encoder.layer.13.attention.self.value.weight]
Loading weights:  57%|█████▋    | 224/391 [00:00<00:00, 11072.76it/s, Materializing param=encoder.layer.13.intermediate.dense.bias]    
Loading weights:  57%|█████▋    | 224/391 [00:00<00:00, 11072.76it/s, Materializing param=encoder.layer.13.intermediate.dense.bias]
Loading weights:  58%|█████▊    | 225/391 [00:00<00:00, 11122.20it/s, Materializing param=encoder.layer.13.intermediate.dense.weight]
Loading weights:  58%|█████▊    | 225/391 [00:00<00:00, 11122.20it/s, Materializing param=encoder.layer.13.intermediate.dense.weight]
Loading weights:  58%|█████▊    | 226/391 [00:00<00:00, 11171.63it/s, Materializing param=encoder.layer.13.output.LayerNorm.bias]    
Loading weights:  58%|█████▊    | 226/391 [00:00<00:00, 11171.63it/s, Materializing param=encoder.layer.13.output.LayerNorm.bias]
Loading weights:  58%|█████▊    | 227/391 [00:00<00:00, 11221.06it/s, Materializing param=encoder.layer.13.output.LayerNorm.weight]
Loading weights:  58%|█████▊    | 227/391 [00:00<00:00, 11221.06it/s, Materializing param=encoder.layer.13.output.LayerNorm.weight]
Loading weights:  58%|█████▊    | 228/391 [00:00<00:00, 11270.49it/s, Materializing param=encoder.layer.13.output.dense.bias]      
Loading weights:  58%|█████▊    | 228/391 [00:00<00:00, 11270.49it/s, Materializing param=encoder.layer.13.output.dense.bias]
Loading weights:  59%|█████▊    | 229/391 [00:00<00:00, 11319.92it/s, Materializing param=encoder.layer.13.output.dense.weight]
Loading weights:  59%|█████▊    | 229/391 [00:00<00:00, 11014.86it/s, Materializing param=encoder.layer.13.output.dense.weight]
Loading weights:  59%|█████▉    | 230/391 [00:00<00:00, 11062.96it/s, Materializing param=encoder.layer.14.attention.output.LayerNorm.bias]
Loading weights:  59%|█████▉    | 230/391 [00:00<00:00, 11062.96it/s, Materializing param=encoder.layer.14.attention.output.LayerNorm.bias]
Loading weights:  59%|█████▉    | 231/391 [00:00<00:00, 11111.06it/s, Materializing param=encoder.layer.14.attention.output.LayerNorm.weight]
Loading weights:  59%|█████▉    | 231/391 [00:00<00:00, 11111.06it/s, Materializing param=encoder.layer.14.attention.output.LayerNorm.weight]
Loading weights:  59%|█████▉    | 232/391 [00:00<00:00, 11159.16it/s, Materializing param=encoder.layer.14.attention.output.dense.bias]      
Loading weights:  59%|█████▉    | 232/391 [00:00<00:00, 11159.16it/s, Materializing param=encoder.layer.14.attention.output.dense.bias]
Loading weights:  60%|█████▉    | 233/391 [00:00<00:00, 11207.26it/s, Materializing param=encoder.layer.14.attention.output.dense.weight]
Loading weights:  60%|█████▉    | 233/391 [00:00<00:00, 11207.26it/s, Materializing param=encoder.layer.14.attention.output.dense.weight]
Loading weights:  60%|█████▉    | 234/391 [00:00<00:00, 11255.36it/s, Materializing param=encoder.layer.14.attention.self.key.bias]      
Loading weights:  60%|█████▉    | 234/391 [00:00<00:00, 11255.36it/s, Materializing param=encoder.layer.14.attention.self.key.bias]
Loading weights:  60%|██████    | 235/391 [00:00<00:00, 11303.46it/s, Materializing param=encoder.layer.14.attention.self.key.weight]
Loading weights:  60%|██████    | 235/391 [00:00<00:00, 11303.46it/s, Materializing param=encoder.layer.14.attention.self.key.weight]
Loading weights:  60%|██████    | 236/391 [00:00<00:00, 11351.56it/s, Materializing param=encoder.layer.14.attention.self.query.bias]
Loading weights:  60%|██████    | 236/391 [00:00<00:00, 11351.56it/s, Materializing param=encoder.layer.14.attention.self.query.bias]
Loading weights:  61%|██████    | 237/391 [00:00<00:00, 11399.66it/s, Materializing param=encoder.layer.14.attention.self.query.weight]
Loading weights:  61%|██████    | 237/391 [00:00<00:00, 11399.66it/s, Materializing param=encoder.layer.14.attention.self.query.weight]
Loading weights:  61%|██████    | 238/391 [00:00<00:00, 11447.76it/s, Materializing param=encoder.layer.14.attention.self.value.bias]  
Loading weights:  61%|██████    | 238/391 [00:00<00:00, 11447.76it/s, Materializing param=encoder.layer.14.attention.self.value.bias]
Loading weights:  61%|██████    | 239/391 [00:00<00:00, 11495.86it/s, Materializing param=encoder.layer.14.attention.self.value.weight]
Loading weights:  61%|██████    | 239/391 [00:00<00:00, 11495.86it/s, Materializing param=encoder.layer.14.attention.self.value.weight]
Loading weights:  61%|██████▏   | 240/391 [00:00<00:00, 11543.96it/s, Materializing param=encoder.layer.14.intermediate.dense.bias]    
Loading weights:  61%|██████▏   | 240/391 [00:00<00:00, 11543.96it/s, Materializing param=encoder.layer.14.intermediate.dense.bias]
Loading weights:  62%|██████▏   | 241/391 [00:00<00:00, 11592.06it/s, Materializing param=encoder.layer.14.intermediate.dense.weight]
Loading weights:  62%|██████▏   | 241/391 [00:00<00:00, 11592.06it/s, Materializing param=encoder.layer.14.intermediate.dense.weight]
Loading weights:  62%|██████▏   | 242/391 [00:00<00:00, 11640.16it/s, Materializing param=encoder.layer.14.output.LayerNorm.bias]    
Loading weights:  62%|██████▏   | 242/391 [00:00<00:00, 11640.16it/s, Materializing param=encoder.layer.14.output.LayerNorm.bias]
Loading weights:  62%|██████▏   | 243/391 [00:00<00:00, 11688.26it/s, Materializing param=encoder.layer.14.output.LayerNorm.weight]
Loading weights:  62%|██████▏   | 243/391 [00:00<00:00, 11688.26it/s, Materializing param=encoder.layer.14.output.LayerNorm.weight]
Loading weights:  62%|██████▏   | 244/391 [00:00<00:00, 11736.36it/s, Materializing param=encoder.layer.14.output.dense.bias]      
Loading weights:  62%|██████▏   | 244/391 [00:00<00:00, 11736.36it/s, Materializing param=encoder.layer.14.output.dense.bias]
Loading weights:  63%|██████▎   | 245/391 [00:00<00:00, 11784.46it/s, Materializing param=encoder.layer.14.output.dense.weight]
Loading weights:  63%|██████▎   | 245/391 [00:00<00:00, 11784.46it/s, Materializing param=encoder.layer.14.output.dense.weight]
Loading weights:  63%|██████▎   | 246/391 [00:00<00:00, 11832.55it/s, Materializing param=encoder.layer.15.attention.output.LayerNorm.bias]
Loading weights:  63%|██████▎   | 246/391 [00:00<00:00, 11832.55it/s, Materializing param=encoder.layer.15.attention.output.LayerNorm.bias]
Loading weights:  63%|██████▎   | 247/391 [00:00<00:00, 11880.65it/s, Materializing param=encoder.layer.15.attention.output.LayerNorm.weight]
Loading weights:  63%|██████▎   | 247/391 [00:00<00:00, 11880.65it/s, Materializing param=encoder.layer.15.attention.output.LayerNorm.weight]
Loading weights:  63%|██████▎   | 248/391 [00:00<00:00, 11928.75it/s, Materializing param=encoder.layer.15.attention.output.dense.bias]      
Loading weights:  63%|██████▎   | 248/391 [00:00<00:00, 11928.75it/s, Materializing param=encoder.layer.15.attention.output.dense.bias]
Loading weights:  64%|██████▎   | 249/391 [00:00<00:00, 11976.85it/s, Materializing param=encoder.layer.15.attention.output.dense.weight]
Loading weights:  64%|██████▎   | 249/391 [00:00<00:00, 11976.85it/s, Materializing param=encoder.layer.15.attention.output.dense.weight]
Loading weights:  64%|██████▍   | 250/391 [00:00<00:00, 12024.95it/s, Materializing param=encoder.layer.15.attention.self.key.bias]      
Loading weights:  64%|██████▍   | 250/391 [00:00<00:00, 12024.95it/s, Materializing param=encoder.layer.15.attention.self.key.bias]
Loading weights:  64%|██████▍   | 251/391 [00:00<00:00, 12073.05it/s, Materializing param=encoder.layer.15.attention.self.key.weight]
Loading weights:  64%|██████▍   | 251/391 [00:00<00:00, 12073.05it/s, Materializing param=encoder.layer.15.attention.self.key.weight]
Loading weights:  64%|██████▍   | 252/391 [00:00<00:00, 12121.15it/s, Materializing param=encoder.layer.15.attention.self.query.bias]
Loading weights:  64%|██████▍   | 252/391 [00:00<00:00, 12121.15it/s, Materializing param=encoder.layer.15.attention.self.query.bias]
Loading weights:  65%|██████▍   | 253/391 [00:00<00:00, 12169.25it/s, Materializing param=encoder.layer.15.attention.self.query.weight]
Loading weights:  65%|██████▍   | 253/391 [00:00<00:00, 12169.25it/s, Materializing param=encoder.layer.15.attention.self.query.weight]
Loading weights:  65%|██████▍   | 254/391 [00:00<00:00, 12217.35it/s, Materializing param=encoder.layer.15.attention.self.value.bias]  
Loading weights:  65%|██████▍   | 254/391 [00:00<00:00, 12217.35it/s, Materializing param=encoder.layer.15.attention.self.value.bias]
Loading weights:  65%|██████▌   | 255/391 [00:00<00:00, 12265.45it/s, Materializing param=encoder.layer.15.attention.self.value.weight]
Loading weights:  65%|██████▌   | 255/391 [00:00<00:00, 11184.34it/s, Materializing param=encoder.layer.15.attention.self.value.weight]
Loading weights:  65%|██████▌   | 256/391 [00:00<00:00, 11228.20it/s, Materializing param=encoder.layer.15.intermediate.dense.bias]    
Loading weights:  65%|██████▌   | 256/391 [00:00<00:00, 11228.20it/s, Materializing param=encoder.layer.15.intermediate.dense.bias]
Loading weights:  66%|██████▌   | 257/391 [00:00<00:00, 11272.06it/s, Materializing param=encoder.layer.15.intermediate.dense.weight]
Loading weights:  66%|██████▌   | 257/391 [00:00<00:00, 11272.06it/s, Materializing param=encoder.layer.15.intermediate.dense.weight]
Loading weights:  66%|██████▌   | 258/391 [00:00<00:00, 11315.92it/s, Materializing param=encoder.layer.15.output.LayerNorm.bias]    
Loading weights:  66%|██████▌   | 258/391 [00:00<00:00, 11315.92it/s, Materializing param=encoder.layer.15.output.LayerNorm.bias]
Loading weights:  66%|██████▌   | 259/391 [00:00<00:00, 11359.78it/s, Materializing param=encoder.layer.15.output.LayerNorm.weight]
Loading weights:  66%|██████▌   | 259/391 [00:00<00:00, 11359.78it/s, Materializing param=encoder.layer.15.output.LayerNorm.weight]
Loading weights:  66%|██████▋   | 260/391 [00:00<00:00, 11403.64it/s, Materializing param=encoder.layer.15.output.dense.bias]      
Loading weights:  66%|██████▋   | 260/391 [00:00<00:00, 11403.64it/s, Materializing param=encoder.layer.15.output.dense.bias]
Loading weights:  67%|██████▋   | 261/391 [00:00<00:00, 11447.50it/s, Materializing param=encoder.layer.15.output.dense.weight]
Loading weights:  67%|██████▋   | 261/391 [00:00<00:00, 11447.50it/s, Materializing param=encoder.layer.15.output.dense.weight]
Loading weights:  67%|██████▋   | 262/391 [00:00<00:00, 11491.36it/s, Materializing param=encoder.layer.16.attention.output.LayerNorm.bias]
Loading weights:  67%|██████▋   | 262/391 [00:00<00:00, 11491.36it/s, Materializing param=encoder.layer.16.attention.output.LayerNorm.bias]
Loading weights:  67%|██████▋   | 263/391 [00:00<00:00, 11535.22it/s, Materializing param=encoder.layer.16.attention.output.LayerNorm.weight]
Loading weights:  67%|██████▋   | 263/391 [00:00<00:00, 11535.22it/s, Materializing param=encoder.layer.16.attention.output.LayerNorm.weight]
Loading weights:  68%|██████▊   | 264/391 [00:00<00:00, 11579.08it/s, Materializing param=encoder.layer.16.attention.output.dense.bias]      
Loading weights:  68%|██████▊   | 264/391 [00:00<00:00, 11579.08it/s, Materializing param=encoder.layer.16.attention.output.dense.bias]
Loading weights:  68%|██████▊   | 265/391 [00:00<00:00, 11622.94it/s, Materializing param=encoder.layer.16.attention.output.dense.weight]
Loading weights:  68%|██████▊   | 265/391 [00:00<00:00, 11622.94it/s, Materializing param=encoder.layer.16.attention.output.dense.weight]
Loading weights:  68%|██████▊   | 266/391 [00:00<00:00, 11666.80it/s, Materializing param=encoder.layer.16.attention.self.key.bias]      
Loading weights:  68%|██████▊   | 266/391 [00:00<00:00, 11666.80it/s, Materializing param=encoder.layer.16.attention.self.key.bias]
Loading weights:  68%|██████▊   | 267/391 [00:00<00:00, 11710.66it/s, Materializing param=encoder.layer.16.attention.self.key.weight]
Loading weights:  68%|██████▊   | 267/391 [00:00<00:00, 11710.66it/s, Materializing param=encoder.layer.16.attention.self.key.weight]
Loading weights:  69%|██████▊   | 268/391 [00:00<00:00, 11754.53it/s, Materializing param=encoder.layer.16.attention.self.query.bias]
Loading weights:  69%|██████▊   | 268/391 [00:00<00:00, 11754.53it/s, Materializing param=encoder.layer.16.attention.self.query.bias]
Loading weights:  69%|██████▉   | 269/391 [00:00<00:00, 11798.39it/s, Materializing param=encoder.layer.16.attention.self.query.weight]
Loading weights:  69%|██████▉   | 269/391 [00:00<00:00, 11798.39it/s, Materializing param=encoder.layer.16.attention.self.query.weight]
Loading weights:  69%|██████▉   | 270/391 [00:00<00:00, 11842.25it/s, Materializing param=encoder.layer.16.attention.self.value.bias]  
Loading weights:  69%|██████▉   | 270/391 [00:00<00:00, 11842.25it/s, Materializing param=encoder.layer.16.attention.self.value.bias]
Loading weights:  69%|██████▉   | 271/391 [00:00<00:00, 11886.11it/s, Materializing param=encoder.layer.16.attention.self.value.weight]
Loading weights:  69%|██████▉   | 271/391 [00:00<00:00, 11886.11it/s, Materializing param=encoder.layer.16.attention.self.value.weight]
Loading weights:  70%|██████▉   | 272/391 [00:00<00:00, 11929.97it/s, Materializing param=encoder.layer.16.intermediate.dense.bias]    
Loading weights:  70%|██████▉   | 272/391 [00:00<00:00, 11929.97it/s, Materializing param=encoder.layer.16.intermediate.dense.bias]
Loading weights:  70%|██████▉   | 273/391 [00:00<00:00, 11973.83it/s, Materializing param=encoder.layer.16.intermediate.dense.weight]
Loading weights:  70%|██████▉   | 273/391 [00:00<00:00, 11973.83it/s, Materializing param=encoder.layer.16.intermediate.dense.weight]
Loading weights:  70%|███████   | 274/391 [00:00<00:00, 12017.69it/s, Materializing param=encoder.layer.16.output.LayerNorm.bias]    
Loading weights:  70%|███████   | 274/391 [00:00<00:00, 12017.69it/s, Materializing param=encoder.layer.16.output.LayerNorm.bias]
Loading weights:  70%|███████   | 275/391 [00:00<00:00, 12061.55it/s, Materializing param=encoder.layer.16.output.LayerNorm.weight]
Loading weights:  70%|███████   | 275/391 [00:00<00:00, 12061.55it/s, Materializing param=encoder.layer.16.output.LayerNorm.weight]
Loading weights:  71%|███████   | 276/391 [00:00<00:00, 12105.41it/s, Materializing param=encoder.layer.16.output.dense.bias]      
Loading weights:  71%|███████   | 276/391 [00:00<00:00, 12105.41it/s, Materializing param=encoder.layer.16.output.dense.bias]
Loading weights:  71%|███████   | 277/391 [00:00<00:00, 12149.27it/s, Materializing param=encoder.layer.16.output.dense.weight]
Loading weights:  71%|███████   | 277/391 [00:00<00:00, 12149.27it/s, Materializing param=encoder.layer.16.output.dense.weight]
Loading weights:  71%|███████   | 278/391 [00:00<00:00, 12193.13it/s, Materializing param=encoder.layer.17.attention.output.LayerNorm.bias]
Loading weights:  71%|███████   | 278/391 [00:00<00:00, 12193.13it/s, Materializing param=encoder.layer.17.attention.output.LayerNorm.bias]
Loading weights:  71%|███████▏  | 279/391 [00:00<00:00, 12236.99it/s, Materializing param=encoder.layer.17.attention.output.LayerNorm.weight]
Loading weights:  71%|███████▏  | 279/391 [00:00<00:00, 12236.99it/s, Materializing param=encoder.layer.17.attention.output.LayerNorm.weight]
Loading weights:  72%|███████▏  | 280/391 [00:00<00:00, 12280.85it/s, Materializing param=encoder.layer.17.attention.output.dense.bias]      
Loading weights:  72%|███████▏  | 280/391 [00:00<00:00, 12280.85it/s, Materializing param=encoder.layer.17.attention.output.dense.bias]
Loading weights:  72%|███████▏  | 281/391 [00:00<00:00, 12324.71it/s, Materializing param=encoder.layer.17.attention.output.dense.weight]
Loading weights:  72%|███████▏  | 281/391 [00:00<00:00, 11329.20it/s, Materializing param=encoder.layer.17.attention.output.dense.weight]
Loading weights:  72%|███████▏  | 282/391 [00:00<00:00, 11369.52it/s, Materializing param=encoder.layer.17.attention.self.key.bias]      
Loading weights:  72%|███████▏  | 282/391 [00:00<00:00, 11369.52it/s, Materializing param=encoder.layer.17.attention.self.key.bias]
Loading weights:  72%|███████▏  | 283/391 [00:00<00:00, 11409.84it/s, Materializing param=encoder.layer.17.attention.self.key.weight]
Loading weights:  72%|███████▏  | 283/391 [00:00<00:00, 11409.84it/s, Materializing param=encoder.layer.17.attention.self.key.weight]
Loading weights:  73%|███████▎  | 284/391 [00:00<00:00, 11450.15it/s, Materializing param=encoder.layer.17.attention.self.query.bias]
Loading weights:  73%|███████▎  | 284/391 [00:00<00:00, 11450.15it/s, Materializing param=encoder.layer.17.attention.self.query.bias]
Loading weights:  73%|███████▎  | 285/391 [00:00<00:00, 11490.47it/s, Materializing param=encoder.layer.17.attention.self.query.weight]
Loading weights:  73%|███████▎  | 285/391 [00:00<00:00, 11490.47it/s, Materializing param=encoder.layer.17.attention.self.query.weight]
Loading weights:  73%|███████▎  | 286/391 [00:00<00:00, 11530.79it/s, Materializing param=encoder.layer.17.attention.self.value.bias]  
Loading weights:  73%|███████▎  | 286/391 [00:00<00:00, 11530.79it/s, Materializing param=encoder.layer.17.attention.self.value.bias]
Loading weights:  73%|███████▎  | 287/391 [00:00<00:00, 11571.11it/s, Materializing param=encoder.layer.17.attention.self.value.weight]
Loading weights:  73%|███████▎  | 287/391 [00:00<00:00, 11571.11it/s, Materializing param=encoder.layer.17.attention.self.value.weight]
Loading weights:  74%|███████▎  | 288/391 [00:00<00:00, 11611.42it/s, Materializing param=encoder.layer.17.intermediate.dense.bias]    
Loading weights:  74%|███████▎  | 288/391 [00:00<00:00, 11611.42it/s, Materializing param=encoder.layer.17.intermediate.dense.bias]
Loading weights:  74%|███████▍  | 289/391 [00:00<00:00, 11651.74it/s, Materializing param=encoder.layer.17.intermediate.dense.weight]
Loading weights:  74%|███████▍  | 289/391 [00:00<00:00, 11651.74it/s, Materializing param=encoder.layer.17.intermediate.dense.weight]
Loading weights:  74%|███████▍  | 290/391 [00:00<00:00, 11692.06it/s, Materializing param=encoder.layer.17.output.LayerNorm.bias]    
Loading weights:  74%|███████▍  | 290/391 [00:00<00:00, 11692.06it/s, Materializing param=encoder.layer.17.output.LayerNorm.bias]
Loading weights:  74%|███████▍  | 291/391 [00:00<00:00, 11732.38it/s, Materializing param=encoder.layer.17.output.LayerNorm.weight]
Loading weights:  74%|███████▍  | 291/391 [00:00<00:00, 11732.38it/s, Materializing param=encoder.layer.17.output.LayerNorm.weight]
Loading weights:  75%|███████▍  | 292/391 [00:00<00:00, 11772.69it/s, Materializing param=encoder.layer.17.output.dense.bias]      
Loading weights:  75%|███████▍  | 292/391 [00:00<00:00, 11772.69it/s, Materializing param=encoder.layer.17.output.dense.bias]
Loading weights:  75%|███████▍  | 293/391 [00:00<00:00, 11813.01it/s, Materializing param=encoder.layer.17.output.dense.weight]
Loading weights:  75%|███████▍  | 293/391 [00:00<00:00, 11813.01it/s, Materializing param=encoder.layer.17.output.dense.weight]
Loading weights:  75%|███████▌  | 294/391 [00:00<00:00, 11853.33it/s, Materializing param=encoder.layer.18.attention.output.LayerNorm.bias]
Loading weights:  75%|███████▌  | 294/391 [00:00<00:00, 11853.33it/s, Materializing param=encoder.layer.18.attention.output.LayerNorm.bias]
Loading weights:  75%|███████▌  | 295/391 [00:00<00:00, 11893.65it/s, Materializing param=encoder.layer.18.attention.output.LayerNorm.weight]
Loading weights:  75%|███████▌  | 295/391 [00:00<00:00, 11893.65it/s, Materializing param=encoder.layer.18.attention.output.LayerNorm.weight]
Loading weights:  76%|███████▌  | 296/391 [00:00<00:00, 11933.96it/s, Materializing param=encoder.layer.18.attention.output.dense.bias]      
Loading weights:  76%|███████▌  | 296/391 [00:00<00:00, 11933.96it/s, Materializing param=encoder.layer.18.attention.output.dense.bias]
Loading weights:  76%|███████▌  | 297/391 [00:00<00:00, 11974.28it/s, Materializing param=encoder.layer.18.attention.output.dense.weight]
Loading weights:  76%|███████▌  | 297/391 [00:00<00:00, 11974.28it/s, Materializing param=encoder.layer.18.attention.output.dense.weight]
Loading weights:  76%|███████▌  | 298/391 [00:00<00:00, 12014.60it/s, Materializing param=encoder.layer.18.attention.self.key.bias]      
Loading weights:  76%|███████▌  | 298/391 [00:00<00:00, 12014.60it/s, Materializing param=encoder.layer.18.attention.self.key.bias]
Loading weights:  76%|███████▋  | 299/391 [00:00<00:00, 12054.91it/s, Materializing param=encoder.layer.18.attention.self.key.weight]
Loading weights:  76%|███████▋  | 299/391 [00:00<00:00, 12054.91it/s, Materializing param=encoder.layer.18.attention.self.key.weight]
Loading weights:  77%|███████▋  | 300/391 [00:00<00:00, 12095.23it/s, Materializing param=encoder.layer.18.attention.self.query.bias]
Loading weights:  77%|███████▋  | 300/391 [00:00<00:00, 12095.23it/s, Materializing param=encoder.layer.18.attention.self.query.bias]
Loading weights:  77%|███████▋  | 301/391 [00:00<00:00, 12135.55it/s, Materializing param=encoder.layer.18.attention.self.query.weight]
Loading weights:  77%|███████▋  | 301/391 [00:00<00:00, 12135.55it/s, Materializing param=encoder.layer.18.attention.self.query.weight]
Loading weights:  77%|███████▋  | 302/391 [00:00<00:00, 12175.87it/s, Materializing param=encoder.layer.18.attention.self.value.bias]  
Loading weights:  77%|███████▋  | 302/391 [00:00<00:00, 12175.87it/s, Materializing param=encoder.layer.18.attention.self.value.bias]
Loading weights:  77%|███████▋  | 303/391 [00:00<00:00, 12216.18it/s, Materializing param=encoder.layer.18.attention.self.value.weight]
Loading weights:  77%|███████▋  | 303/391 [00:00<00:00, 12216.18it/s, Materializing param=encoder.layer.18.attention.self.value.weight]
Loading weights:  78%|███████▊  | 304/391 [00:00<00:00, 12256.50it/s, Materializing param=encoder.layer.18.intermediate.dense.bias]    
Loading weights:  78%|███████▊  | 304/391 [00:00<00:00, 12256.50it/s, Materializing param=encoder.layer.18.intermediate.dense.bias]
Loading weights:  78%|███████▊  | 305/391 [00:00<00:00, 12296.82it/s, Materializing param=encoder.layer.18.intermediate.dense.weight]
Loading weights:  78%|███████▊  | 305/391 [00:00<00:00, 12296.82it/s, Materializing param=encoder.layer.18.intermediate.dense.weight]
Loading weights:  78%|███████▊  | 306/391 [00:00<00:00, 12337.14it/s, Materializing param=encoder.layer.18.output.LayerNorm.bias]    
Loading weights:  78%|███████▊  | 306/391 [00:00<00:00, 12337.14it/s, Materializing param=encoder.layer.18.output.LayerNorm.bias]
Loading weights:  79%|███████▊  | 307/391 [00:00<00:00, 12377.45it/s, Materializing param=encoder.layer.18.output.LayerNorm.weight]
Loading weights:  79%|███████▊  | 307/391 [00:00<00:00, 12377.45it/s, Materializing param=encoder.layer.18.output.LayerNorm.weight]
Loading weights:  79%|███████▉  | 308/391 [00:00<00:00, 12417.77it/s, Materializing param=encoder.layer.18.output.dense.bias]      
Loading weights:  79%|███████▉  | 308/391 [00:00<00:00, 12417.77it/s, Materializing param=encoder.layer.18.output.dense.bias]
Loading weights:  79%|███████▉  | 309/391 [00:00<00:00, 12458.09it/s, Materializing param=encoder.layer.18.output.dense.weight]
Loading weights:  79%|███████▉  | 309/391 [00:00<00:00, 12458.09it/s, Materializing param=encoder.layer.18.output.dense.weight]
Loading weights:  79%|███████▉  | 310/391 [00:00<00:00, 12498.41it/s, Materializing param=encoder.layer.19.attention.output.LayerNorm.bias]
Loading weights:  79%|███████▉  | 310/391 [00:00<00:00, 12498.41it/s, Materializing param=encoder.layer.19.attention.output.LayerNorm.bias]
Loading weights:  80%|███████▉  | 311/391 [00:00<00:00, 12538.72it/s, Materializing param=encoder.layer.19.attention.output.LayerNorm.weight]
Loading weights:  80%|███████▉  | 311/391 [00:00<00:00, 12538.72it/s, Materializing param=encoder.layer.19.attention.output.LayerNorm.weight]
Loading weights:  80%|███████▉  | 312/391 [00:00<00:00, 12579.04it/s, Materializing param=encoder.layer.19.attention.output.dense.bias]      
Loading weights:  80%|███████▉  | 312/391 [00:00<00:00, 12579.04it/s, Materializing param=encoder.layer.19.attention.output.dense.bias]
Loading weights:  80%|████████  | 313/391 [00:00<00:00, 12619.36it/s, Materializing param=encoder.layer.19.attention.output.dense.weight]
Loading weights:  80%|████████  | 313/391 [00:00<00:00, 12619.36it/s, Materializing param=encoder.layer.19.attention.output.dense.weight]
Loading weights:  80%|████████  | 314/391 [00:00<00:00, 11499.17it/s, Materializing param=encoder.layer.19.attention.self.key.bias]      
Loading weights:  80%|████████  | 314/391 [00:00<00:00, 11499.17it/s, Materializing param=encoder.layer.19.attention.self.key.bias]
Loading weights:  81%|████████  | 315/391 [00:00<00:00, 11535.79it/s, Materializing param=encoder.layer.19.attention.self.key.weight]
Loading weights:  81%|████████  | 315/391 [00:00<00:00, 11535.79it/s, Materializing param=encoder.layer.19.attention.self.key.weight]
Loading weights:  81%|████████  | 316/391 [00:00<00:00, 11572.41it/s, Materializing param=encoder.layer.19.attention.self.query.bias]
Loading weights:  81%|████████  | 316/391 [00:00<00:00, 11572.41it/s, Materializing param=encoder.layer.19.attention.self.query.bias]
Loading weights:  81%|████████  | 317/391 [00:00<00:00, 11609.03it/s, Materializing param=encoder.layer.19.attention.self.query.weight]
Loading weights:  81%|████████  | 317/391 [00:00<00:00, 11609.03it/s, Materializing param=encoder.layer.19.attention.self.query.weight]
Loading weights:  81%|████████▏ | 318/391 [00:00<00:00, 11645.66it/s, Materializing param=encoder.layer.19.attention.self.value.bias]  
Loading weights:  81%|████████▏ | 318/391 [00:00<00:00, 11645.66it/s, Materializing param=encoder.layer.19.attention.self.value.bias]
Loading weights:  82%|████████▏ | 319/391 [00:00<00:00, 11682.28it/s, Materializing param=encoder.layer.19.attention.self.value.weight]
Loading weights:  82%|████████▏ | 319/391 [00:00<00:00, 11682.28it/s, Materializing param=encoder.layer.19.attention.self.value.weight]
Loading weights:  82%|████████▏ | 320/391 [00:00<00:00, 11718.90it/s, Materializing param=encoder.layer.19.intermediate.dense.bias]    
Loading weights:  82%|████████▏ | 320/391 [00:00<00:00, 11718.90it/s, Materializing param=encoder.layer.19.intermediate.dense.bias]
Loading weights:  82%|████████▏ | 321/391 [00:00<00:00, 11755.52it/s, Materializing param=encoder.layer.19.intermediate.dense.weight]
Loading weights:  82%|████████▏ | 321/391 [00:00<00:00, 11755.52it/s, Materializing param=encoder.layer.19.intermediate.dense.weight]
Loading weights:  82%|████████▏ | 322/391 [00:00<00:00, 11792.14it/s, Materializing param=encoder.layer.19.output.LayerNorm.bias]    
Loading weights:  82%|████████▏ | 322/391 [00:00<00:00, 11792.14it/s, Materializing param=encoder.layer.19.output.LayerNorm.bias]
Loading weights:  83%|████████▎ | 323/391 [00:00<00:00, 11828.76it/s, Materializing param=encoder.layer.19.output.LayerNorm.weight]
Loading weights:  83%|████████▎ | 323/391 [00:00<00:00, 11828.76it/s, Materializing param=encoder.layer.19.output.LayerNorm.weight]
Loading weights:  83%|████████▎ | 324/391 [00:00<00:00, 11865.39it/s, Materializing param=encoder.layer.19.output.dense.bias]      
Loading weights:  83%|████████▎ | 324/391 [00:00<00:00, 11865.39it/s, Materializing param=encoder.layer.19.output.dense.bias]
Loading weights:  83%|████████▎ | 325/391 [00:00<00:00, 11902.01it/s, Materializing param=encoder.layer.19.output.dense.weight]
Loading weights:  83%|████████▎ | 325/391 [00:00<00:00, 11902.01it/s, Materializing param=encoder.layer.19.output.dense.weight]
Loading weights:  83%|████████▎ | 326/391 [00:00<00:00, 11938.63it/s, Materializing param=encoder.layer.20.attention.output.LayerNorm.bias]
Loading weights:  83%|████████▎ | 326/391 [00:00<00:00, 11938.63it/s, Materializing param=encoder.layer.20.attention.output.LayerNorm.bias]
Loading weights:  84%|████████▎ | 327/391 [00:00<00:00, 11975.25it/s, Materializing param=encoder.layer.20.attention.output.LayerNorm.weight]
Loading weights:  84%|████████▎ | 327/391 [00:00<00:00, 11975.25it/s, Materializing param=encoder.layer.20.attention.output.LayerNorm.weight]
Loading weights:  84%|████████▍ | 328/391 [00:00<00:00, 12011.87it/s, Materializing param=encoder.layer.20.attention.output.dense.bias]      
Loading weights:  84%|████████▍ | 328/391 [00:00<00:00, 12011.87it/s, Materializing param=encoder.layer.20.attention.output.dense.bias]
Loading weights:  84%|████████▍ | 329/391 [00:00<00:00, 12048.49it/s, Materializing param=encoder.layer.20.attention.output.dense.weight]
Loading weights:  84%|████████▍ | 329/391 [00:00<00:00, 12048.49it/s, Materializing param=encoder.layer.20.attention.output.dense.weight]
Loading weights:  84%|████████▍ | 330/391 [00:00<00:00, 12085.12it/s, Materializing param=encoder.layer.20.attention.self.key.bias]      
Loading weights:  84%|████████▍ | 330/391 [00:00<00:00, 12085.12it/s, Materializing param=encoder.layer.20.attention.self.key.bias]
Loading weights:  85%|████████▍ | 331/391 [00:00<00:00, 12121.74it/s, Materializing param=encoder.layer.20.attention.self.key.weight]
Loading weights:  85%|████████▍ | 331/391 [00:00<00:00, 12121.74it/s, Materializing param=encoder.layer.20.attention.self.key.weight]
Loading weights:  85%|████████▍ | 332/391 [00:00<00:00, 12158.36it/s, Materializing param=encoder.layer.20.attention.self.query.bias]
Loading weights:  85%|████████▍ | 332/391 [00:00<00:00, 12158.36it/s, Materializing param=encoder.layer.20.attention.self.query.bias]
Loading weights:  85%|████████▌ | 333/391 [00:00<00:00, 12194.98it/s, Materializing param=encoder.layer.20.attention.self.query.weight]
Loading weights:  85%|████████▌ | 333/391 [00:00<00:00, 12194.98it/s, Materializing param=encoder.layer.20.attention.self.query.weight]
Loading weights:  85%|████████▌ | 334/391 [00:00<00:00, 12231.60it/s, Materializing param=encoder.layer.20.attention.self.value.bias]  
Loading weights:  85%|████████▌ | 334/391 [00:00<00:00, 12231.60it/s, Materializing param=encoder.layer.20.attention.self.value.bias]
Loading weights:  86%|████████▌ | 335/391 [00:00<00:00, 12268.22it/s, Materializing param=encoder.layer.20.attention.self.value.weight]
Loading weights:  86%|████████▌ | 335/391 [00:00<00:00, 12268.22it/s, Materializing param=encoder.layer.20.attention.self.value.weight]
Loading weights:  86%|████████▌ | 336/391 [00:00<00:00, 12304.84it/s, Materializing param=encoder.layer.20.intermediate.dense.bias]    
Loading weights:  86%|████████▌ | 336/391 [00:00<00:00, 12304.84it/s, Materializing param=encoder.layer.20.intermediate.dense.bias]
Loading weights:  86%|████████▌ | 337/391 [00:00<00:00, 12341.47it/s, Materializing param=encoder.layer.20.intermediate.dense.weight]
Loading weights:  86%|████████▌ | 337/391 [00:00<00:00, 12341.47it/s, Materializing param=encoder.layer.20.intermediate.dense.weight]
Loading weights:  86%|████████▋ | 338/391 [00:00<00:00, 12378.09it/s, Materializing param=encoder.layer.20.output.LayerNorm.bias]    
Loading weights:  86%|████████▋ | 338/391 [00:00<00:00, 12378.09it/s, Materializing param=encoder.layer.20.output.LayerNorm.bias]
Loading weights:  87%|████████▋ | 339/391 [00:00<00:00, 12414.71it/s, Materializing param=encoder.layer.20.output.LayerNorm.weight]
Loading weights:  87%|████████▋ | 339/391 [00:00<00:00, 12414.71it/s, Materializing param=encoder.layer.20.output.LayerNorm.weight]
Loading weights:  87%|████████▋ | 340/391 [00:00<00:00, 11592.50it/s, Materializing param=encoder.layer.20.output.dense.bias]      
Loading weights:  87%|████████▋ | 340/391 [00:00<00:00, 11592.50it/s, Materializing param=encoder.layer.20.output.dense.bias]
Loading weights:  87%|████████▋ | 341/391 [00:00<00:00, 11626.60it/s, Materializing param=encoder.layer.20.output.dense.weight]
Loading weights:  87%|████████▋ | 341/391 [00:00<00:00, 11626.60it/s, Materializing param=encoder.layer.20.output.dense.weight]
Loading weights:  87%|████████▋ | 342/391 [00:00<00:00, 11660.69it/s, Materializing param=encoder.layer.21.attention.output.LayerNorm.bias]
Loading weights:  87%|████████▋ | 342/391 [00:00<00:00, 11660.69it/s, Materializing param=encoder.layer.21.attention.output.LayerNorm.bias]
Loading weights:  88%|████████▊ | 343/391 [00:00<00:00, 11694.79it/s, Materializing param=encoder.layer.21.attention.output.LayerNorm.weight]
Loading weights:  88%|████████▊ | 343/391 [00:00<00:00, 11694.79it/s, Materializing param=encoder.layer.21.attention.output.LayerNorm.weight]
Loading weights:  88%|████████▊ | 344/391 [00:00<00:00, 11728.89it/s, Materializing param=encoder.layer.21.attention.output.dense.bias]      
Loading weights:  88%|████████▊ | 344/391 [00:00<00:00, 11728.89it/s, Materializing param=encoder.layer.21.attention.output.dense.bias]
Loading weights:  88%|████████▊ | 345/391 [00:00<00:00, 11762.98it/s, Materializing param=encoder.layer.21.attention.output.dense.weight]
Loading weights:  88%|████████▊ | 345/391 [00:00<00:00, 11762.98it/s, Materializing param=encoder.layer.21.attention.output.dense.weight]
Loading weights:  88%|████████▊ | 346/391 [00:00<00:00, 11797.08it/s, Materializing param=encoder.layer.21.attention.self.key.bias]      
Loading weights:  88%|████████▊ | 346/391 [00:00<00:00, 11797.08it/s, Materializing param=encoder.layer.21.attention.self.key.bias]
Loading weights:  89%|████████▊ | 347/391 [00:00<00:00, 11831.17it/s, Materializing param=encoder.layer.21.attention.self.key.weight]
Loading weights:  89%|████████▊ | 347/391 [00:00<00:00, 11831.17it/s, Materializing param=encoder.layer.21.attention.self.key.weight]
Loading weights:  89%|████████▉ | 348/391 [00:00<00:00, 11865.27it/s, Materializing param=encoder.layer.21.attention.self.query.bias]
Loading weights:  89%|████████▉ | 348/391 [00:00<00:00, 11865.27it/s, Materializing param=encoder.layer.21.attention.self.query.bias]
Loading weights:  89%|████████▉ | 349/391 [00:00<00:00, 11899.36it/s, Materializing param=encoder.layer.21.attention.self.query.weight]
Loading weights:  89%|████████▉ | 349/391 [00:00<00:00, 11899.36it/s, Materializing param=encoder.layer.21.attention.self.query.weight]
Loading weights:  90%|████████▉ | 350/391 [00:00<00:00, 11933.46it/s, Materializing param=encoder.layer.21.attention.self.value.bias]  
Loading weights:  90%|████████▉ | 350/391 [00:00<00:00, 11933.46it/s, Materializing param=encoder.layer.21.attention.self.value.bias]
Loading weights:  90%|████████▉ | 351/391 [00:00<00:00, 11967.55it/s, Materializing param=encoder.layer.21.attention.self.value.weight]
Loading weights:  90%|████████▉ | 351/391 [00:00<00:00, 11967.55it/s, Materializing param=encoder.layer.21.attention.self.value.weight]
Loading weights:  90%|█████████ | 352/391 [00:00<00:00, 12001.65it/s, Materializing param=encoder.layer.21.intermediate.dense.bias]    
Loading weights:  90%|█████████ | 352/391 [00:00<00:00, 12001.65it/s, Materializing param=encoder.layer.21.intermediate.dense.bias]
Loading weights:  90%|█████████ | 353/391 [00:00<00:00, 12035.75it/s, Materializing param=encoder.layer.21.intermediate.dense.weight]
Loading weights:  90%|█████████ | 353/391 [00:00<00:00, 12035.75it/s, Materializing param=encoder.layer.21.intermediate.dense.weight]
Loading weights:  91%|█████████ | 354/391 [00:00<00:00, 12069.84it/s, Materializing param=encoder.layer.21.output.LayerNorm.bias]    
Loading weights:  91%|█████████ | 354/391 [00:00<00:00, 12069.84it/s, Materializing param=encoder.layer.21.output.LayerNorm.bias]
Loading weights:  91%|█████████ | 355/391 [00:00<00:00, 12103.94it/s, Materializing param=encoder.layer.21.output.LayerNorm.weight]
Loading weights:  91%|█████████ | 355/391 [00:00<00:00, 12103.94it/s, Materializing param=encoder.layer.21.output.LayerNorm.weight]
Loading weights:  91%|█████████ | 356/391 [00:00<00:00, 12138.03it/s, Materializing param=encoder.layer.21.output.dense.bias]      
Loading weights:  91%|█████████ | 356/391 [00:00<00:00, 12138.03it/s, Materializing param=encoder.layer.21.output.dense.bias]
Loading weights:  91%|█████████▏| 357/391 [00:00<00:00, 12172.13it/s, Materializing param=encoder.layer.21.output.dense.weight]
Loading weights:  91%|█████████▏| 357/391 [00:00<00:00, 12172.13it/s, Materializing param=encoder.layer.21.output.dense.weight]
Loading weights:  92%|█████████▏| 358/391 [00:00<00:00, 12206.22it/s, Materializing param=encoder.layer.22.attention.output.LayerNorm.bias]
Loading weights:  92%|█████████▏| 358/391 [00:00<00:00, 12206.22it/s, Materializing param=encoder.layer.22.attention.output.LayerNorm.bias]
Loading weights:  92%|█████████▏| 359/391 [00:00<00:00, 12240.32it/s, Materializing param=encoder.layer.22.attention.output.LayerNorm.weight]
Loading weights:  92%|█████████▏| 359/391 [00:00<00:00, 12240.32it/s, Materializing param=encoder.layer.22.attention.output.LayerNorm.weight]
Loading weights:  92%|█████████▏| 360/391 [00:00<00:00, 12274.42it/s, Materializing param=encoder.layer.22.attention.output.dense.bias]      
Loading weights:  92%|█████████▏| 360/391 [00:00<00:00, 12274.42it/s, Materializing param=encoder.layer.22.attention.output.dense.bias]
Loading weights:  92%|█████████▏| 361/391 [00:00<00:00, 12308.51it/s, Materializing param=encoder.layer.22.attention.output.dense.weight]
Loading weights:  92%|█████████▏| 361/391 [00:00<00:00, 12308.51it/s, Materializing param=encoder.layer.22.attention.output.dense.weight]
Loading weights:  93%|█████████▎| 362/391 [00:00<00:00, 12342.61it/s, Materializing param=encoder.layer.22.attention.self.key.bias]      
Loading weights:  93%|█████████▎| 362/391 [00:00<00:00, 12342.61it/s, Materializing param=encoder.layer.22.attention.self.key.bias]
Loading weights:  93%|█████████▎| 363/391 [00:00<00:00, 12376.70it/s, Materializing param=encoder.layer.22.attention.self.key.weight]
Loading weights:  93%|█████████▎| 363/391 [00:00<00:00, 12376.70it/s, Materializing param=encoder.layer.22.attention.self.key.weight]
Loading weights:  93%|█████████▎| 364/391 [00:00<00:00, 12410.80it/s, Materializing param=encoder.layer.22.attention.self.query.bias]
Loading weights:  93%|█████████▎| 364/391 [00:00<00:00, 12410.80it/s, Materializing param=encoder.layer.22.attention.self.query.bias]
Loading weights:  93%|█████████▎| 365/391 [00:00<00:00, 12444.89it/s, Materializing param=encoder.layer.22.attention.self.query.weight]
Loading weights:  93%|█████████▎| 365/391 [00:00<00:00, 12444.89it/s, Materializing param=encoder.layer.22.attention.self.query.weight]
Loading weights:  94%|█████████▎| 366/391 [00:00<00:00, 11681.16it/s, Materializing param=encoder.layer.22.attention.self.value.bias]  
Loading weights:  94%|█████████▎| 366/391 [00:00<00:00, 11681.16it/s, Materializing param=encoder.layer.22.attention.self.value.bias]
Loading weights:  94%|█████████▍| 367/391 [00:00<00:00, 11713.08it/s, Materializing param=encoder.layer.22.attention.self.value.weight]
Loading weights:  94%|█████████▍| 367/391 [00:00<00:00, 11713.08it/s, Materializing param=encoder.layer.22.attention.self.value.weight]
Loading weights:  94%|█████████▍| 368/391 [00:00<00:00, 11745.00it/s, Materializing param=encoder.layer.22.intermediate.dense.bias]    
Loading weights:  94%|█████████▍| 368/391 [00:00<00:00, 11745.00it/s, Materializing param=encoder.layer.22.intermediate.dense.bias]
Loading weights:  94%|█████████▍| 369/391 [00:00<00:00, 11776.91it/s, Materializing param=encoder.layer.22.intermediate.dense.weight]
Loading weights:  94%|█████████▍| 369/391 [00:00<00:00, 11776.91it/s, Materializing param=encoder.layer.22.intermediate.dense.weight]
Loading weights:  95%|█████████▍| 370/391 [00:00<00:00, 11808.83it/s, Materializing param=encoder.layer.22.output.LayerNorm.bias]    
Loading weights:  95%|█████████▍| 370/391 [00:00<00:00, 11808.83it/s, Materializing param=encoder.layer.22.output.LayerNorm.bias]
Loading weights:  95%|█████████▍| 371/391 [00:00<00:00, 11840.74it/s, Materializing param=encoder.layer.22.output.LayerNorm.weight]
Loading weights:  95%|█████████▍| 371/391 [00:00<00:00, 11840.74it/s, Materializing param=encoder.layer.22.output.LayerNorm.weight]
Loading weights:  95%|█████████▌| 372/391 [00:00<00:00, 11872.66it/s, Materializing param=encoder.layer.22.output.dense.bias]      
Loading weights:  95%|█████████▌| 372/391 [00:00<00:00, 11872.66it/s, Materializing param=encoder.layer.22.output.dense.bias]
Loading weights:  95%|█████████▌| 373/391 [00:00<00:00, 11904.57it/s, Materializing param=encoder.layer.22.output.dense.weight]
Loading weights:  95%|█████████▌| 373/391 [00:00<00:00, 11904.57it/s, Materializing param=encoder.layer.22.output.dense.weight]
Loading weights:  96%|█████████▌| 374/391 [00:00<00:00, 11936.49it/s, Materializing param=encoder.layer.23.attention.output.LayerNorm.bias]
Loading weights:  96%|█████████▌| 374/391 [00:00<00:00, 11936.49it/s, Materializing param=encoder.layer.23.attention.output.LayerNorm.bias]
Loading weights:  96%|█████████▌| 375/391 [00:00<00:00, 11968.41it/s, Materializing param=encoder.layer.23.attention.output.LayerNorm.weight]
Loading weights:  96%|█████████▌| 375/391 [00:00<00:00, 11968.41it/s, Materializing param=encoder.layer.23.attention.output.LayerNorm.weight]
Loading weights:  96%|█████████▌| 376/391 [00:00<00:00, 12000.32it/s, Materializing param=encoder.layer.23.attention.output.dense.bias]      
Loading weights:  96%|█████████▌| 376/391 [00:00<00:00, 12000.32it/s, Materializing param=encoder.layer.23.attention.output.dense.bias]
Loading weights:  96%|█████████▋| 377/391 [00:00<00:00, 12032.24it/s, Materializing param=encoder.layer.23.attention.output.dense.weight]
Loading weights:  96%|█████████▋| 377/391 [00:00<00:00, 12032.24it/s, Materializing param=encoder.layer.23.attention.output.dense.weight]
Loading weights:  97%|█████████▋| 378/391 [00:00<00:00, 12064.15it/s, Materializing param=encoder.layer.23.attention.self.key.bias]      
Loading weights:  97%|█████████▋| 378/391 [00:00<00:00, 12064.15it/s, Materializing param=encoder.layer.23.attention.self.key.bias]
Loading weights:  97%|█████████▋| 379/391 [00:00<00:00, 12096.07it/s, Materializing param=encoder.layer.23.attention.self.key.weight]
Loading weights:  97%|█████████▋| 379/391 [00:00<00:00, 12096.07it/s, Materializing param=encoder.layer.23.attention.self.key.weight]
Loading weights:  97%|█████████▋| 380/391 [00:00<00:00, 12127.98it/s, Materializing param=encoder.layer.23.attention.self.query.bias]
Loading weights:  97%|█████████▋| 380/391 [00:00<00:00, 12127.98it/s, Materializing param=encoder.layer.23.attention.self.query.bias]
Loading weights:  97%|█████████▋| 381/391 [00:00<00:00, 12159.90it/s, Materializing param=encoder.layer.23.attention.self.query.weight]
Loading weights:  97%|█████████▋| 381/391 [00:00<00:00, 12159.90it/s, Materializing param=encoder.layer.23.attention.self.query.weight]
Loading weights:  98%|█████████▊| 382/391 [00:00<00:00, 12191.82it/s, Materializing param=encoder.layer.23.attention.self.value.bias]  
Loading weights:  98%|█████████▊| 382/391 [00:00<00:00, 12191.82it/s, Materializing param=encoder.layer.23.attention.self.value.bias]
Loading weights:  98%|█████████▊| 383/391 [00:00<00:00, 12223.73it/s, Materializing param=encoder.layer.23.attention.self.value.weight]
Loading weights:  98%|█████████▊| 383/391 [00:00<00:00, 12223.73it/s, Materializing param=encoder.layer.23.attention.self.value.weight]
Loading weights:  98%|█████████▊| 384/391 [00:00<00:00, 12255.65it/s, Materializing param=encoder.layer.23.intermediate.dense.bias]    
Loading weights:  98%|█████████▊| 384/391 [00:00<00:00, 12255.65it/s, Materializing param=encoder.layer.23.intermediate.dense.bias]
Loading weights:  98%|█████████▊| 385/391 [00:00<00:00, 12287.56it/s, Materializing param=encoder.layer.23.intermediate.dense.weight]
Loading weights:  98%|█████████▊| 385/391 [00:00<00:00, 12287.56it/s, Materializing param=encoder.layer.23.intermediate.dense.weight]
Loading weights:  99%|█████████▊| 386/391 [00:00<00:00, 12319.48it/s, Materializing param=encoder.layer.23.output.LayerNorm.bias]    
Loading weights:  99%|█████████▊| 386/391 [00:00<00:00, 12319.48it/s, Materializing param=encoder.layer.23.output.LayerNorm.bias]
Loading weights:  99%|█████████▉| 387/391 [00:00<00:00, 12351.40it/s, Materializing param=encoder.layer.23.output.LayerNorm.weight]
Loading weights:  99%|█████████▉| 387/391 [00:00<00:00, 12351.40it/s, Materializing param=encoder.layer.23.output.LayerNorm.weight]
Loading weights:  99%|█████████▉| 388/391 [00:00<00:00, 12383.31it/s, Materializing param=encoder.layer.23.output.dense.bias]      
Loading weights:  99%|█████████▉| 388/391 [00:00<00:00, 12383.31it/s, Materializing param=encoder.layer.23.output.dense.bias]
Loading weights:  99%|█████████▉| 389/391 [00:00<00:00, 12415.23it/s, Materializing param=encoder.layer.23.output.dense.weight]
Loading weights:  99%|█████████▉| 389/391 [00:00<00:00, 12415.23it/s, Materializing param=encoder.layer.23.output.dense.weight]
Loading weights: 100%|█████████▉| 390/391 [00:00<00:00, 12447.14it/s, Materializing param=pooler.dense.bias]                   
Loading weights: 100%|█████████▉| 390/391 [00:00<00:00, 12447.14it/s, Materializing param=pooler.dense.bias]
Loading weights: 100%|██████████| 391/391 [00:00<00:00, 12479.06it/s, Materializing param=pooler.dense.weight]
Loading weights: 100%|██████████| 391/391 [00:00<00:00, 11729.09it/s, Materializing param=pooler.dense.weight]
Loading weights: 100%|██████████| 391/391 [00:00<00:00, 11729.09it/s, Materializing param=pooler.dense.weight]
[GovernedAppRunner._c0_retrieve] search degraded to empty results app=apps_research: Collection [process_docs] does not exist
[ledger.writer] router_l4_uwg append failed: no such table: events
[ledger.writer] router_l4_uwg append failed: no such table: events
research_brief_uwg_writer: UWG blocked run_id=bridge:rg_research_bridge:72e45a14:c74b1eb8-dec9-4860-bb1a-a8d6d8afddff reasons=('missing_clearance_proof_id', 'missing_registry_digest_set', 'commit_request_signature_invalid', 'missing_staged_diff_hash')

Processing:   0%|          | 0/4 [00:00<?, ?item/s]
Processing: 100%|██████████| 4/4 [00:00<?, ?item/s]
