
Processing: 0item [00:00, ?item/s]
Processing: 0item [00:00, ?item/s]

Processing: 0item [00:00, ?item/s]
Processing: 0item [00:00, ?item/s]

Processing: 0item [00:00, ?item/s]
Processing: 0item [00:00, ?item/s]

Processing: 0item [00:00, ?item/s]
Processing: 0item [00:00, ?item/s]

Processing: 0item [00:00, ?item/s]
Processing: 0item [00:00, ?item/s]

Processing: 0item [00:00, ?item/s]
Processing: 0item [00:00, ?item/s]

Processing: 0item [00:00, ?item/s]
Processing: 0item [00:00, ?item/s]

Processing:   0%|          | 0/4 [00:00<?, ?item/s]
Processing: 100%|██████████| 4/4 [00:00<?, ?item/s]

Processing:   0%|          | 0/4 [00:00<?, ?item/s]
Processing: 100%|██████████| 4/4 [00:00<?, ?item/s]

Processing:   0%|          | 0/4 [00:00<?, ?item/s]
Processing: 100%|██████████| 4/4 [00:00<?, ?item/s]

Processing:   0%|          | 0/4 [00:00<?, ?item/s]
Processing: 100%|██████████| 4/4 [00:00<?, ?item/s]

Processing:   0%|          | 0/4 [00:00<?, ?item/s]
Processing: 100%|██████████| 4/4 [00:00<?, ?item/s]

Processing:   0%|          | 0/4 [00:00<?, ?item/s]
Processing: 100%|██████████| 4/4 [00:00<?, ?item/s]

Processing:   0%|          | 0/4 [00:00<?, ?item/s]
Processing: 100%|██████████| 4/4 [00:00<?, ?item/s]

Processing: 0item [00:00, ?item/s]
Processing: 0item [00:00, ?item/s]
Prompt assembly failed: INVALID_CONTEXT_TYPE
[GraphMemoryBridge] SQLite store init failed: Non-canonical MEMORY_DB path rejected in production scope: C:\Git\Agentic-Workflow-FRESH\artifacts\memory\knowledge_graph.sqlite. Expected artifacts\memory\knowledge_graph.sqlite. — no-op mode
Mutation failed: SovereignLLMGateway.generate() missing 1 required positional argument: 'artifact'

Processing: 0item [00:00, ?item/s]
Processing: 0item [00:00, ?item/s]
[ledger.writer] router_l0_agentic append failed: no such table: events

Loading weights:   0%|          | 0/391 [00:00<?, ?it/s]
Loading weights:   0%|          | 1/391 [00:00<?, ?it/s, Materializing param=embeddings.LayerNorm.bias]
Loading weights:   0%|          | 1/391 [00:00<?, ?it/s, Materializing param=embeddings.LayerNorm.bias]
Loading weights:   1%|          | 2/391 [00:00<?, ?it/s, Materializing param=embeddings.LayerNorm.weight]
Loading weights:   1%|          | 2/391 [00:00<?, ?it/s, Materializing param=embeddings.LayerNorm.weight]
Loading weights:   1%|          | 3/391 [00:00<?, ?it/s, Materializing param=embeddings.position_embeddings.weight]
Loading weights:   1%|          | 3/391 [00:00<?, ?it/s, Materializing param=embeddings.position_embeddings.weight]
Loading weights:   1%|          | 4/391 [00:00<00:00, 1569.58it/s, Materializing param=embeddings.token_type_embeddings.weight]
Loading weights:   1%|          | 4/391 [00:00<00:00, 1259.93it/s, Materializing param=embeddings.token_type_embeddings.weight]
Loading weights:   1%|▏         | 5/391 [00:00<00:00, 1412.98it/s, Materializing param=embeddings.word_embeddings.weight]      
Loading weights:   1%|▏         | 5/391 [00:00<00:00, 1412.98it/s, Materializing param=embeddings.word_embeddings.weight]
Loading weights:   2%|▏         | 6/391 [00:00<00:00, 1517.75it/s, Materializing param=encoder.layer.0.attention.output.LayerNorm.bias]
Loading weights:   2%|▏         | 6/391 [00:00<00:00, 1517.75it/s, Materializing param=encoder.layer.0.attention.output.LayerNorm.bias]
Loading weights:   2%|▏         | 7/391 [00:00<00:00, 1770.71it/s, Materializing param=encoder.layer.0.attention.output.LayerNorm.weight]
Loading weights:   2%|▏         | 7/391 [00:00<00:00, 1770.71it/s, Materializing param=encoder.layer.0.attention.output.LayerNorm.weight]
Loading weights:   2%|▏         | 8/391 [00:00<00:00, 2023.67it/s, Materializing param=encoder.layer.0.attention.output.dense.bias]      
Loading weights:   2%|▏         | 8/391 [00:00<00:00, 2023.67it/s, Materializing param=encoder.layer.0.attention.output.dense.bias]
Loading weights:   2%|▏         | 9/391 [00:00<00:00, 2276.63it/s, Materializing param=encoder.layer.0.attention.output.dense.weight]
Loading weights:   2%|▏         | 9/391 [00:00<00:00, 2276.63it/s, Materializing param=encoder.layer.0.attention.output.dense.weight]
Loading weights:   3%|▎         | 10/391 [00:00<00:00, 2529.58it/s, Materializing param=encoder.layer.0.attention.self.key.bias]     
Loading weights:   3%|▎         | 10/391 [00:00<00:00, 2529.58it/s, Materializing param=encoder.layer.0.attention.self.key.bias]
Loading weights:   3%|▎         | 11/391 [00:00<00:00, 2782.54it/s, Materializing param=encoder.layer.0.attention.self.key.weight]
Loading weights:   3%|▎         | 11/391 [00:00<00:00, 2782.54it/s, Materializing param=encoder.layer.0.attention.self.key.weight]
Loading weights:   3%|▎         | 12/391 [00:00<00:00, 3035.50it/s, Materializing param=encoder.layer.0.attention.self.query.bias]
Loading weights:   3%|▎         | 12/391 [00:00<00:00, 3035.50it/s, Materializing param=encoder.layer.0.attention.self.query.bias]
Loading weights:   3%|▎         | 13/391 [00:00<00:00, 3288.46it/s, Materializing param=encoder.layer.0.attention.self.query.weight]
Loading weights:   3%|▎         | 13/391 [00:00<00:00, 3288.46it/s, Materializing param=encoder.layer.0.attention.self.query.weight]
Loading weights:   4%|▎         | 14/391 [00:00<00:00, 3541.42it/s, Materializing param=encoder.layer.0.attention.self.value.bias]  
Loading weights:   4%|▎         | 14/391 [00:00<00:00, 3541.42it/s, Materializing param=encoder.layer.0.attention.self.value.bias]
Loading weights:   4%|▍         | 15/391 [00:00<00:00, 3794.38it/s, Materializing param=encoder.layer.0.attention.self.value.weight]
Loading weights:   4%|▍         | 15/391 [00:00<00:00, 3794.38it/s, Materializing param=encoder.layer.0.attention.self.value.weight]
Loading weights:   4%|▍         | 16/391 [00:00<00:00, 4047.34it/s, Materializing param=encoder.layer.0.intermediate.dense.bias]    
Loading weights:   4%|▍         | 16/391 [00:00<00:00, 4047.34it/s, Materializing param=encoder.layer.0.intermediate.dense.bias]
Loading weights:   4%|▍         | 17/391 [00:00<00:00, 4300.29it/s, Materializing param=encoder.layer.0.intermediate.dense.weight]
Loading weights:   4%|▍         | 17/391 [00:00<00:00, 4300.29it/s, Materializing param=encoder.layer.0.intermediate.dense.weight]
Loading weights:   5%|▍         | 18/391 [00:00<00:00, 4553.25it/s, Materializing param=encoder.layer.0.output.LayerNorm.bias]    
Loading weights:   5%|▍         | 18/391 [00:00<00:00, 4553.25it/s, Materializing param=encoder.layer.0.output.LayerNorm.bias]
Loading weights:   5%|▍         | 19/391 [00:00<00:00, 4806.21it/s, Materializing param=encoder.layer.0.output.LayerNorm.weight]
Loading weights:   5%|▍         | 19/391 [00:00<00:00, 4806.21it/s, Materializing param=encoder.layer.0.output.LayerNorm.weight]
Loading weights:   5%|▌         | 20/391 [00:00<00:00, 5059.17it/s, Materializing param=encoder.layer.0.output.dense.bias]      
Loading weights:   5%|▌         | 20/391 [00:00<00:00, 5059.17it/s, Materializing param=encoder.layer.0.output.dense.bias]
Loading weights:   5%|▌         | 21/391 [00:00<00:00, 5312.13it/s, Materializing param=encoder.layer.0.output.dense.weight]
Loading weights:   5%|▌         | 21/391 [00:00<00:00, 5312.13it/s, Materializing param=encoder.layer.0.output.dense.weight]
Loading weights:   6%|▌         | 22/391 [00:00<00:00, 5565.09it/s, Materializing param=encoder.layer.1.attention.output.LayerNorm.bias]
Loading weights:   6%|▌         | 22/391 [00:00<00:00, 5565.09it/s, Materializing param=encoder.layer.1.attention.output.LayerNorm.bias]
Loading weights:   6%|▌         | 23/391 [00:00<00:00, 5818.04it/s, Materializing param=encoder.layer.1.attention.output.LayerNorm.weight]
Loading weights:   6%|▌         | 23/391 [00:00<00:00, 5818.04it/s, Materializing param=encoder.layer.1.attention.output.LayerNorm.weight]
Loading weights:   6%|▌         | 24/391 [00:00<00:00, 6071.00it/s, Materializing param=encoder.layer.1.attention.output.dense.bias]      
Loading weights:   6%|▌         | 24/391 [00:00<00:00, 6071.00it/s, Materializing param=encoder.layer.1.attention.output.dense.bias]
Loading weights:   6%|▋         | 25/391 [00:00<00:00, 6323.96it/s, Materializing param=encoder.layer.1.attention.output.dense.weight]
Loading weights:   6%|▋         | 25/391 [00:00<00:00, 6323.96it/s, Materializing param=encoder.layer.1.attention.output.dense.weight]
Loading weights:   7%|▋         | 26/391 [00:00<00:00, 6576.92it/s, Materializing param=encoder.layer.1.attention.self.key.bias]      
Loading weights:   7%|▋         | 26/391 [00:00<00:00, 6576.92it/s, Materializing param=encoder.layer.1.attention.self.key.bias]
Loading weights:   7%|▋         | 27/391 [00:00<00:00, 6829.88it/s, Materializing param=encoder.layer.1.attention.self.key.weight]
Loading weights:   7%|▋         | 27/391 [00:00<00:00, 6829.88it/s, Materializing param=encoder.layer.1.attention.self.key.weight]
Loading weights:   7%|▋         | 28/391 [00:00<00:00, 7082.84it/s, Materializing param=encoder.layer.1.attention.self.query.bias]
Loading weights:   7%|▋         | 28/391 [00:00<00:00, 7082.84it/s, Materializing param=encoder.layer.1.attention.self.query.bias]
Loading weights:   7%|▋         | 29/391 [00:00<00:00, 7335.79it/s, Materializing param=encoder.layer.1.attention.self.query.weight]
Loading weights:   7%|▋         | 29/391 [00:00<00:00, 7335.79it/s, Materializing param=encoder.layer.1.attention.self.query.weight]
Loading weights:   8%|▊         | 30/391 [00:00<00:00, 7588.75it/s, Materializing param=encoder.layer.1.attention.self.value.bias]  
Loading weights:   8%|▊         | 30/391 [00:00<00:00, 7588.75it/s, Materializing param=encoder.layer.1.attention.self.value.bias]
Loading weights:   8%|▊         | 31/391 [00:00<00:00, 7841.71it/s, Materializing param=encoder.layer.1.attention.self.value.weight]
Loading weights:   8%|▊         | 31/391 [00:00<00:00, 7841.71it/s, Materializing param=encoder.layer.1.attention.self.value.weight]
Loading weights:   8%|▊         | 32/391 [00:00<00:00, 8094.67it/s, Materializing param=encoder.layer.1.intermediate.dense.bias]    
Loading weights:   8%|▊         | 32/391 [00:00<00:00, 8094.67it/s, Materializing param=encoder.layer.1.intermediate.dense.bias]
Loading weights:   8%|▊         | 33/391 [00:00<00:00, 8347.63it/s, Materializing param=encoder.layer.1.intermediate.dense.weight]
Loading weights:   8%|▊         | 33/391 [00:00<00:00, 8347.63it/s, Materializing param=encoder.layer.1.intermediate.dense.weight]
Loading weights:   9%|▊         | 34/391 [00:00<00:00, 8600.59it/s, Materializing param=encoder.layer.1.output.LayerNorm.bias]    
Loading weights:   9%|▊         | 34/391 [00:00<00:00, 8600.59it/s, Materializing param=encoder.layer.1.output.LayerNorm.bias]
Loading weights:   9%|▉         | 35/391 [00:00<00:00, 8853.55it/s, Materializing param=encoder.layer.1.output.LayerNorm.weight]
Loading weights:   9%|▉         | 35/391 [00:00<00:00, 8853.55it/s, Materializing param=encoder.layer.1.output.LayerNorm.weight]
Loading weights:   9%|▉         | 36/391 [00:00<00:00, 9106.50it/s, Materializing param=encoder.layer.1.output.dense.bias]      
Loading weights:   9%|▉         | 36/391 [00:00<00:00, 9106.50it/s, Materializing param=encoder.layer.1.output.dense.bias]
Loading weights:   9%|▉         | 37/391 [00:00<00:00, 9359.46it/s, Materializing param=encoder.layer.1.output.dense.weight]
Loading weights:   9%|▉         | 37/391 [00:00<00:00, 9359.46it/s, Materializing param=encoder.layer.1.output.dense.weight]
Loading weights:  10%|▉         | 38/391 [00:00<00:00, 9612.42it/s, Materializing param=encoder.layer.2.attention.output.LayerNorm.bias]
Loading weights:  10%|▉         | 38/391 [00:00<00:00, 9612.42it/s, Materializing param=encoder.layer.2.attention.output.LayerNorm.bias]
Loading weights:  10%|▉         | 39/391 [00:00<00:00, 9865.38it/s, Materializing param=encoder.layer.2.attention.output.LayerNorm.weight]
Loading weights:  10%|▉         | 39/391 [00:00<00:00, 9865.38it/s, Materializing param=encoder.layer.2.attention.output.LayerNorm.weight]
Loading weights:  10%|█         | 40/391 [00:00<00:00, 10118.34it/s, Materializing param=encoder.layer.2.attention.output.dense.bias]     
Loading weights:  10%|█         | 40/391 [00:00<00:00, 10118.34it/s, Materializing param=encoder.layer.2.attention.output.dense.bias]
Loading weights:  10%|█         | 41/391 [00:00<00:00, 10371.30it/s, Materializing param=encoder.layer.2.attention.output.dense.weight]
Loading weights:  10%|█         | 41/391 [00:00<00:00, 10371.30it/s, Materializing param=encoder.layer.2.attention.output.dense.weight]
Loading weights:  11%|█         | 42/391 [00:00<00:00, 10624.25it/s, Materializing param=encoder.layer.2.attention.self.key.bias]      
Loading weights:  11%|█         | 42/391 [00:00<00:00, 10624.25it/s, Materializing param=encoder.layer.2.attention.self.key.bias]
Loading weights:  11%|█         | 43/391 [00:00<00:00, 10877.21it/s, Materializing param=encoder.layer.2.attention.self.key.weight]
Loading weights:  11%|█         | 43/391 [00:00<00:00, 10877.21it/s, Materializing param=encoder.layer.2.attention.self.key.weight]
Loading weights:  11%|█▏        | 44/391 [00:00<00:00, 11130.17it/s, Materializing param=encoder.layer.2.attention.self.query.bias]
Loading weights:  11%|█▏        | 44/391 [00:00<00:00, 11130.17it/s, Materializing param=encoder.layer.2.attention.self.query.bias]
Loading weights:  12%|█▏        | 45/391 [00:00<00:00, 11383.13it/s, Materializing param=encoder.layer.2.attention.self.query.weight]
Loading weights:  12%|█▏        | 45/391 [00:00<00:00, 11383.13it/s, Materializing param=encoder.layer.2.attention.self.query.weight]
Loading weights:  12%|█▏        | 46/391 [00:00<00:00, 11636.09it/s, Materializing param=encoder.layer.2.attention.self.value.bias]  
Loading weights:  12%|█▏        | 46/391 [00:00<00:00, 11636.09it/s, Materializing param=encoder.layer.2.attention.self.value.bias]
Loading weights:  12%|█▏        | 47/391 [00:00<00:00, 11889.05it/s, Materializing param=encoder.layer.2.attention.self.value.weight]
Loading weights:  12%|█▏        | 47/391 [00:00<00:00, 11889.05it/s, Materializing param=encoder.layer.2.attention.self.value.weight]
Loading weights:  12%|█▏        | 48/391 [00:00<00:00, 12142.01it/s, Materializing param=encoder.layer.2.intermediate.dense.bias]    
Loading weights:  12%|█▏        | 48/391 [00:00<00:00, 12142.01it/s, Materializing param=encoder.layer.2.intermediate.dense.bias]
Loading weights:  13%|█▎        | 49/391 [00:00<00:00, 12394.96it/s, Materializing param=encoder.layer.2.intermediate.dense.weight]
Loading weights:  13%|█▎        | 49/391 [00:00<00:00, 12394.96it/s, Materializing param=encoder.layer.2.intermediate.dense.weight]
Loading weights:  13%|█▎        | 50/391 [00:00<00:00, 12647.92it/s, Materializing param=encoder.layer.2.output.LayerNorm.bias]    
Loading weights:  13%|█▎        | 50/391 [00:00<00:00, 12647.92it/s, Materializing param=encoder.layer.2.output.LayerNorm.bias]
Loading weights:  13%|█▎        | 51/391 [00:00<00:00, 12900.88it/s, Materializing param=encoder.layer.2.output.LayerNorm.weight]
Loading weights:  13%|█▎        | 51/391 [00:00<00:00, 12900.88it/s, Materializing param=encoder.layer.2.output.LayerNorm.weight]
Loading weights:  13%|█▎        | 52/391 [00:00<00:00, 13153.84it/s, Materializing param=encoder.layer.2.output.dense.bias]      
Loading weights:  13%|█▎        | 52/391 [00:00<00:00, 13153.84it/s, Materializing param=encoder.layer.2.output.dense.bias]
Loading weights:  14%|█▎        | 53/391 [00:00<00:00, 13406.80it/s, Materializing param=encoder.layer.2.output.dense.weight]
Loading weights:  14%|█▎        | 53/391 [00:00<00:00, 13406.80it/s, Materializing param=encoder.layer.2.output.dense.weight]
Loading weights:  14%|█▍        | 54/391 [00:00<00:00, 13659.76it/s, Materializing param=encoder.layer.3.attention.output.LayerNorm.bias]
Loading weights:  14%|█▍        | 54/391 [00:00<00:00, 13659.76it/s, Materializing param=encoder.layer.3.attention.output.LayerNorm.bias]
Loading weights:  14%|█▍        | 55/391 [00:00<00:00, 5309.98it/s, Materializing param=encoder.layer.3.attention.output.LayerNorm.weight]
Loading weights:  14%|█▍        | 55/391 [00:00<00:00, 5309.98it/s, Materializing param=encoder.layer.3.attention.output.LayerNorm.weight]
Loading weights:  14%|█▍        | 56/391 [00:00<00:00, 5406.52it/s, Materializing param=encoder.layer.3.attention.output.dense.bias]      
Loading weights:  14%|█▍        | 56/391 [00:00<00:00, 5406.52it/s, Materializing param=encoder.layer.3.attention.output.dense.bias]
Loading weights:  15%|█▍        | 57/391 [00:00<00:00, 5503.07it/s, Materializing param=encoder.layer.3.attention.output.dense.weight]
Loading weights:  15%|█▍        | 57/391 [00:00<00:00, 5503.07it/s, Materializing param=encoder.layer.3.attention.output.dense.weight]
Loading weights:  15%|█▍        | 58/391 [00:00<00:00, 5599.61it/s, Materializing param=encoder.layer.3.attention.self.key.bias]      
Loading weights:  15%|█▍        | 58/391 [00:00<00:00, 5599.61it/s, Materializing param=encoder.layer.3.attention.self.key.bias]
Loading weights:  15%|█▌        | 59/391 [00:00<00:00, 5696.16it/s, Materializing param=encoder.layer.3.attention.self.key.weight]
Loading weights:  15%|█▌        | 59/391 [00:00<00:00, 5696.16it/s, Materializing param=encoder.layer.3.attention.self.key.weight]
Loading weights:  15%|█▌        | 60/391 [00:00<00:00, 5792.70it/s, Materializing param=encoder.layer.3.attention.self.query.bias]
Loading weights:  15%|█▌        | 60/391 [00:00<00:00, 5792.70it/s, Materializing param=encoder.layer.3.attention.self.query.bias]
Loading weights:  16%|█▌        | 61/391 [00:00<00:00, 5889.25it/s, Materializing param=encoder.layer.3.attention.self.query.weight]
Loading weights:  16%|█▌        | 61/391 [00:00<00:00, 5889.25it/s, Materializing param=encoder.layer.3.attention.self.query.weight]
Loading weights:  16%|█▌        | 62/391 [00:00<00:00, 5985.79it/s, Materializing param=encoder.layer.3.attention.self.value.bias]  
Loading weights:  16%|█▌        | 62/391 [00:00<00:00, 5985.79it/s, Materializing param=encoder.layer.3.attention.self.value.bias]
Loading weights:  16%|█▌        | 63/391 [00:00<00:00, 6082.34it/s, Materializing param=encoder.layer.3.attention.self.value.weight]
Loading weights:  16%|█▌        | 63/391 [00:00<00:00, 6082.34it/s, Materializing param=encoder.layer.3.attention.self.value.weight]
Loading weights:  16%|█▋        | 64/391 [00:00<00:00, 6178.88it/s, Materializing param=encoder.layer.3.intermediate.dense.bias]    
Loading weights:  16%|█▋        | 64/391 [00:00<00:00, 6178.88it/s, Materializing param=encoder.layer.3.intermediate.dense.bias]
Loading weights:  17%|█▋        | 65/391 [00:00<00:00, 6275.43it/s, Materializing param=encoder.layer.3.intermediate.dense.weight]
Loading weights:  17%|█▋        | 65/391 [00:00<00:00, 6275.43it/s, Materializing param=encoder.layer.3.intermediate.dense.weight]
Loading weights:  17%|█▋        | 66/391 [00:00<00:00, 6371.97it/s, Materializing param=encoder.layer.3.output.LayerNorm.bias]    
Loading weights:  17%|█▋        | 66/391 [00:00<00:00, 6371.97it/s, Materializing param=encoder.layer.3.output.LayerNorm.bias]
Loading weights:  17%|█▋        | 67/391 [00:00<00:00, 6468.52it/s, Materializing param=encoder.layer.3.output.LayerNorm.weight]
Loading weights:  17%|█▋        | 67/391 [00:00<00:00, 6468.52it/s, Materializing param=encoder.layer.3.output.LayerNorm.weight]
Loading weights:  17%|█▋        | 68/391 [00:00<00:00, 6565.06it/s, Materializing param=encoder.layer.3.output.dense.bias]      
Loading weights:  17%|█▋        | 68/391 [00:00<00:00, 6565.06it/s, Materializing param=encoder.layer.3.output.dense.bias]
Loading weights:  18%|█▊        | 69/391 [00:00<00:00, 6661.61it/s, Materializing param=encoder.layer.3.output.dense.weight]
Loading weights:  18%|█▊        | 69/391 [00:00<00:00, 6661.61it/s, Materializing param=encoder.layer.3.output.dense.weight]
Loading weights:  18%|█▊        | 70/391 [00:00<00:00, 6758.15it/s, Materializing param=encoder.layer.4.attention.output.LayerNorm.bias]
Loading weights:  18%|█▊        | 70/391 [00:00<00:00, 6758.15it/s, Materializing param=encoder.layer.4.attention.output.LayerNorm.bias]
Loading weights:  18%|█▊        | 71/391 [00:00<00:00, 6854.70it/s, Materializing param=encoder.layer.4.attention.output.LayerNorm.weight]
Loading weights:  18%|█▊        | 71/391 [00:00<00:00, 6854.70it/s, Materializing param=encoder.layer.4.attention.output.LayerNorm.weight]
Loading weights:  18%|█▊        | 72/391 [00:00<00:00, 6951.25it/s, Materializing param=encoder.layer.4.attention.output.dense.bias]      
Loading weights:  18%|█▊        | 72/391 [00:00<00:00, 6951.25it/s, Materializing param=encoder.layer.4.attention.output.dense.bias]
Loading weights:  19%|█▊        | 73/391 [00:00<00:00, 7047.79it/s, Materializing param=encoder.layer.4.attention.output.dense.weight]
Loading weights:  19%|█▊        | 73/391 [00:00<00:00, 7047.79it/s, Materializing param=encoder.layer.4.attention.output.dense.weight]
Loading weights:  19%|█▉        | 74/391 [00:00<00:00, 7144.34it/s, Materializing param=encoder.layer.4.attention.self.key.bias]      
Loading weights:  19%|█▉        | 74/391 [00:00<00:00, 7144.34it/s, Materializing param=encoder.layer.4.attention.self.key.bias]
Loading weights:  19%|█▉        | 75/391 [00:00<00:00, 7240.88it/s, Materializing param=encoder.layer.4.attention.self.key.weight]
Loading weights:  19%|█▉        | 75/391 [00:00<00:00, 7240.88it/s, Materializing param=encoder.layer.4.attention.self.key.weight]
Loading weights:  19%|█▉        | 76/391 [00:00<00:00, 7337.43it/s, Materializing param=encoder.layer.4.attention.self.query.bias]
Loading weights:  19%|█▉        | 76/391 [00:00<00:00, 7337.43it/s, Materializing param=encoder.layer.4.attention.self.query.bias]
Loading weights:  20%|█▉        | 77/391 [00:00<00:00, 7433.97it/s, Materializing param=encoder.layer.4.attention.self.query.weight]
Loading weights:  20%|█▉        | 77/391 [00:00<00:00, 7433.97it/s, Materializing param=encoder.layer.4.attention.self.query.weight]
Loading weights:  20%|█▉        | 78/391 [00:00<00:00, 7530.52it/s, Materializing param=encoder.layer.4.attention.self.value.bias]  
Loading weights:  20%|█▉        | 78/391 [00:00<00:00, 7530.52it/s, Materializing param=encoder.layer.4.attention.self.value.bias]
Loading weights:  20%|██        | 79/391 [00:00<00:00, 7627.06it/s, Materializing param=encoder.layer.4.attention.self.value.weight]
Loading weights:  20%|██        | 79/391 [00:00<00:00, 7627.06it/s, Materializing param=encoder.layer.4.attention.self.value.weight]
Loading weights:  20%|██        | 80/391 [00:00<00:00, 7723.61it/s, Materializing param=encoder.layer.4.intermediate.dense.bias]    
Loading weights:  20%|██        | 80/391 [00:00<00:00, 7723.61it/s, Materializing param=encoder.layer.4.intermediate.dense.bias]
Loading weights:  21%|██        | 81/391 [00:00<00:00, 7820.15it/s, Materializing param=encoder.layer.4.intermediate.dense.weight]
Loading weights:  21%|██        | 81/391 [00:00<00:00, 7820.15it/s, Materializing param=encoder.layer.4.intermediate.dense.weight]
Loading weights:  21%|██        | 82/391 [00:00<00:00, 7916.70it/s, Materializing param=encoder.layer.4.output.LayerNorm.bias]    
Loading weights:  21%|██        | 82/391 [00:00<00:00, 7916.70it/s, Materializing param=encoder.layer.4.output.LayerNorm.bias]
Loading weights:  21%|██        | 83/391 [00:00<00:00, 8013.24it/s, Materializing param=encoder.layer.4.output.LayerNorm.weight]
Loading weights:  21%|██        | 83/391 [00:00<00:00, 8013.24it/s, Materializing param=encoder.layer.4.output.LayerNorm.weight]
Loading weights:  21%|██▏       | 84/391 [00:00<00:00, 8109.79it/s, Materializing param=encoder.layer.4.output.dense.bias]      
Loading weights:  21%|██▏       | 84/391 [00:00<00:00, 8109.79it/s, Materializing param=encoder.layer.4.output.dense.bias]
Loading weights:  22%|██▏       | 85/391 [00:00<00:00, 8206.33it/s, Materializing param=encoder.layer.4.output.dense.weight]
Loading weights:  22%|██▏       | 85/391 [00:00<00:00, 8206.33it/s, Materializing param=encoder.layer.4.output.dense.weight]
Loading weights:  22%|██▏       | 86/391 [00:00<00:00, 8302.88it/s, Materializing param=encoder.layer.5.attention.output.LayerNorm.bias]
Loading weights:  22%|██▏       | 86/391 [00:00<00:00, 8302.88it/s, Materializing param=encoder.layer.5.attention.output.LayerNorm.bias]
Loading weights:  22%|██▏       | 87/391 [00:00<00:00, 8399.42it/s, Materializing param=encoder.layer.5.attention.output.LayerNorm.weight]
Loading weights:  22%|██▏       | 87/391 [00:00<00:00, 8399.42it/s, Materializing param=encoder.layer.5.attention.output.LayerNorm.weight]
Loading weights:  23%|██▎       | 88/391 [00:00<00:00, 8495.97it/s, Materializing param=encoder.layer.5.attention.output.dense.bias]      
Loading weights:  23%|██▎       | 88/391 [00:00<00:00, 8495.97it/s, Materializing param=encoder.layer.5.attention.output.dense.bias]
Loading weights:  23%|██▎       | 89/391 [00:00<00:00, 8592.51it/s, Materializing param=encoder.layer.5.attention.output.dense.weight]
Loading weights:  23%|██▎       | 89/391 [00:00<00:00, 8592.51it/s, Materializing param=encoder.layer.5.attention.output.dense.weight]
Loading weights:  23%|██▎       | 90/391 [00:00<00:00, 8689.06it/s, Materializing param=encoder.layer.5.attention.self.key.bias]      
Loading weights:  23%|██▎       | 90/391 [00:00<00:00, 8689.06it/s, Materializing param=encoder.layer.5.attention.self.key.bias]
Loading weights:  23%|██▎       | 91/391 [00:00<00:00, 8785.60it/s, Materializing param=encoder.layer.5.attention.self.key.weight]
Loading weights:  23%|██▎       | 91/391 [00:00<00:00, 8785.60it/s, Materializing param=encoder.layer.5.attention.self.key.weight]
Loading weights:  24%|██▎       | 92/391 [00:00<00:00, 8882.15it/s, Materializing param=encoder.layer.5.attention.self.query.bias]
Loading weights:  24%|██▎       | 92/391 [00:00<00:00, 8882.15it/s, Materializing param=encoder.layer.5.attention.self.query.bias]
Loading weights:  24%|██▍       | 93/391 [00:00<00:00, 8978.69it/s, Materializing param=encoder.layer.5.attention.self.query.weight]
Loading weights:  24%|██▍       | 93/391 [00:00<00:00, 8978.69it/s, Materializing param=encoder.layer.5.attention.self.query.weight]
Loading weights:  24%|██▍       | 94/391 [00:00<00:00, 9075.24it/s, Materializing param=encoder.layer.5.attention.self.value.bias]  
Loading weights:  24%|██▍       | 94/391 [00:00<00:00, 9075.24it/s, Materializing param=encoder.layer.5.attention.self.value.bias]
Loading weights:  24%|██▍       | 95/391 [00:00<00:00, 9171.78it/s, Materializing param=encoder.layer.5.attention.self.value.weight]
Loading weights:  24%|██▍       | 95/391 [00:00<00:00, 9171.78it/s, Materializing param=encoder.layer.5.attention.self.value.weight]
Loading weights:  25%|██▍       | 96/391 [00:00<00:00, 9268.33it/s, Materializing param=encoder.layer.5.intermediate.dense.bias]    
Loading weights:  25%|██▍       | 96/391 [00:00<00:00, 9268.33it/s, Materializing param=encoder.layer.5.intermediate.dense.bias]
Loading weights:  25%|██▍       | 97/391 [00:00<00:00, 9364.87it/s, Materializing param=encoder.layer.5.intermediate.dense.weight]
Loading weights:  25%|██▍       | 97/391 [00:00<00:00, 9364.87it/s, Materializing param=encoder.layer.5.intermediate.dense.weight]
Loading weights:  25%|██▌       | 98/391 [00:00<00:00, 9461.42it/s, Materializing param=encoder.layer.5.output.LayerNorm.bias]    
Loading weights:  25%|██▌       | 98/391 [00:00<00:00, 9461.42it/s, Materializing param=encoder.layer.5.output.LayerNorm.bias]
Loading weights:  25%|██▌       | 99/391 [00:00<00:00, 9557.96it/s, Materializing param=encoder.layer.5.output.LayerNorm.weight]
Loading weights:  25%|██▌       | 99/391 [00:00<00:00, 9557.96it/s, Materializing param=encoder.layer.5.output.LayerNorm.weight]
Loading weights:  26%|██▌       | 100/391 [00:00<00:00, 9654.51it/s, Materializing param=encoder.layer.5.output.dense.bias]     
Loading weights:  26%|██▌       | 100/391 [00:00<00:00, 9654.51it/s, Materializing param=encoder.layer.5.output.dense.bias]
Loading weights:  26%|██▌       | 101/391 [00:00<00:00, 9751.05it/s, Materializing param=encoder.layer.5.output.dense.weight]
Loading weights:  26%|██▌       | 101/391 [00:00<00:00, 9751.05it/s, Materializing param=encoder.layer.5.output.dense.weight]
Loading weights:  26%|██▌       | 102/391 [00:00<00:00, 9847.60it/s, Materializing param=encoder.layer.6.attention.output.LayerNorm.bias]
Loading weights:  26%|██▌       | 102/391 [00:00<00:00, 9847.60it/s, Materializing param=encoder.layer.6.attention.output.LayerNorm.bias]
Loading weights:  26%|██▋       | 103/391 [00:00<00:00, 9944.14it/s, Materializing param=encoder.layer.6.attention.output.LayerNorm.weight]
Loading weights:  26%|██▋       | 103/391 [00:00<00:00, 9944.14it/s, Materializing param=encoder.layer.6.attention.output.LayerNorm.weight]
Loading weights:  27%|██▋       | 104/391 [00:00<00:00, 10040.69it/s, Materializing param=encoder.layer.6.attention.output.dense.bias]     
Loading weights:  27%|██▋       | 104/391 [00:00<00:00, 10040.69it/s, Materializing param=encoder.layer.6.attention.output.dense.bias]
Loading weights:  27%|██▋       | 105/391 [00:00<00:00, 10137.23it/s, Materializing param=encoder.layer.6.attention.output.dense.weight]
Loading weights:  27%|██▋       | 105/391 [00:00<00:00, 10137.23it/s, Materializing param=encoder.layer.6.attention.output.dense.weight]
Loading weights:  27%|██▋       | 106/391 [00:00<00:00, 10233.78it/s, Materializing param=encoder.layer.6.attention.self.key.bias]      
Loading weights:  27%|██▋       | 106/391 [00:00<00:00, 10233.78it/s, Materializing param=encoder.layer.6.attention.self.key.bias]
Loading weights:  27%|██▋       | 107/391 [00:00<00:00, 10330.32it/s, Materializing param=encoder.layer.6.attention.self.key.weight]
Loading weights:  27%|██▋       | 107/391 [00:00<00:00, 10330.32it/s, Materializing param=encoder.layer.6.attention.self.key.weight]
Loading weights:  28%|██▊       | 108/391 [00:00<00:00, 10426.87it/s, Materializing param=encoder.layer.6.attention.self.query.bias]
Loading weights:  28%|██▊       | 108/391 [00:00<00:00, 10426.87it/s, Materializing param=encoder.layer.6.attention.self.query.bias]
Loading weights:  28%|██▊       | 109/391 [00:00<00:00, 10523.41it/s, Materializing param=encoder.layer.6.attention.self.query.weight]
Loading weights:  28%|██▊       | 109/391 [00:00<00:00, 10523.41it/s, Materializing param=encoder.layer.6.attention.self.query.weight]
Loading weights:  28%|██▊       | 110/391 [00:00<00:00, 10619.96it/s, Materializing param=encoder.layer.6.attention.self.value.bias]  
Loading weights:  28%|██▊       | 110/391 [00:00<00:00, 10619.96it/s, Materializing param=encoder.layer.6.attention.self.value.bias]
Loading weights:  28%|██▊       | 111/391 [00:00<00:00, 10716.50it/s, Materializing param=encoder.layer.6.attention.self.value.weight]
Loading weights:  28%|██▊       | 111/391 [00:00<00:00, 10716.50it/s, Materializing param=encoder.layer.6.attention.self.value.weight]
Loading weights:  29%|██▊       | 112/391 [00:00<00:00, 10813.05it/s, Materializing param=encoder.layer.6.intermediate.dense.bias]    
Loading weights:  29%|██▊       | 112/391 [00:00<00:00, 10813.05it/s, Materializing param=encoder.layer.6.intermediate.dense.bias]
Loading weights:  29%|██▉       | 113/391 [00:00<00:00, 10909.59it/s, Materializing param=encoder.layer.6.intermediate.dense.weight]
Loading weights:  29%|██▉       | 113/391 [00:00<00:00, 10909.59it/s, Materializing param=encoder.layer.6.intermediate.dense.weight]
Loading weights:  29%|██▉       | 114/391 [00:00<00:00, 11006.14it/s, Materializing param=encoder.layer.6.output.LayerNorm.bias]    
Loading weights:  29%|██▉       | 114/391 [00:00<00:00, 11006.14it/s, Materializing param=encoder.layer.6.output.LayerNorm.bias]
Loading weights:  29%|██▉       | 115/391 [00:00<00:00, 11102.68it/s, Materializing param=encoder.layer.6.output.LayerNorm.weight]
Loading weights:  29%|██▉       | 115/391 [00:00<00:00, 11102.68it/s, Materializing param=encoder.layer.6.output.LayerNorm.weight]
Loading weights:  30%|██▉       | 116/391 [00:00<00:00, 11199.23it/s, Materializing param=encoder.layer.6.output.dense.bias]      
Loading weights:  30%|██▉       | 116/391 [00:00<00:00, 11199.23it/s, Materializing param=encoder.layer.6.output.dense.bias]
Loading weights:  30%|██▉       | 117/391 [00:00<00:00, 11295.77it/s, Materializing param=encoder.layer.6.output.dense.weight]
Loading weights:  30%|██▉       | 117/391 [00:00<00:00, 11295.77it/s, Materializing param=encoder.layer.6.output.dense.weight]
Loading weights:  30%|███       | 118/391 [00:00<00:00, 11392.32it/s, Materializing param=encoder.layer.7.attention.output.LayerNorm.bias]
Loading weights:  30%|███       | 118/391 [00:00<00:00, 11392.32it/s, Materializing param=encoder.layer.7.attention.output.LayerNorm.bias]
Loading weights:  30%|███       | 119/391 [00:00<00:00, 11488.86it/s, Materializing param=encoder.layer.7.attention.output.LayerNorm.weight]
Loading weights:  30%|███       | 119/391 [00:00<00:00, 11488.86it/s, Materializing param=encoder.layer.7.attention.output.LayerNorm.weight]
Loading weights:  31%|███       | 120/391 [00:00<00:00, 11585.41it/s, Materializing param=encoder.layer.7.attention.output.dense.bias]      
Loading weights:  31%|███       | 120/391 [00:00<00:00, 11585.41it/s, Materializing param=encoder.layer.7.attention.output.dense.bias]
Loading weights:  31%|███       | 121/391 [00:00<00:00, 11681.95it/s, Materializing param=encoder.layer.7.attention.output.dense.weight]
Loading weights:  31%|███       | 121/391 [00:00<00:00, 11681.95it/s, Materializing param=encoder.layer.7.attention.output.dense.weight]
Loading weights:  31%|███       | 122/391 [00:00<00:00, 11778.50it/s, Materializing param=encoder.layer.7.attention.self.key.bias]      
Loading weights:  31%|███       | 122/391 [00:00<00:00, 11778.50it/s, Materializing param=encoder.layer.7.attention.self.key.bias]
Loading weights:  31%|███▏      | 123/391 [00:00<00:00, 11875.04it/s, Materializing param=encoder.layer.7.attention.self.key.weight]
Loading weights:  31%|███▏      | 123/391 [00:00<00:00, 11875.04it/s, Materializing param=encoder.layer.7.attention.self.key.weight]
Loading weights:  32%|███▏      | 124/391 [00:00<00:00, 11971.59it/s, Materializing param=encoder.layer.7.attention.self.query.bias]
Loading weights:  32%|███▏      | 124/391 [00:00<00:00, 11971.59it/s, Materializing param=encoder.layer.7.attention.self.query.bias]
Loading weights:  32%|███▏      | 125/391 [00:00<00:00, 12068.13it/s, Materializing param=encoder.layer.7.attention.self.query.weight]
Loading weights:  32%|███▏      | 125/391 [00:00<00:00, 12068.13it/s, Materializing param=encoder.layer.7.attention.self.query.weight]
Loading weights:  32%|███▏      | 126/391 [00:00<00:00, 12164.68it/s, Materializing param=encoder.layer.7.attention.self.value.bias]  
Loading weights:  32%|███▏      | 126/391 [00:00<00:00, 12164.68it/s, Materializing param=encoder.layer.7.attention.self.value.bias]
Loading weights:  32%|███▏      | 127/391 [00:00<00:00, 12261.22it/s, Materializing param=encoder.layer.7.attention.self.value.weight]
Loading weights:  32%|███▏      | 127/391 [00:00<00:00, 12261.22it/s, Materializing param=encoder.layer.7.attention.self.value.weight]
Loading weights:  33%|███▎      | 128/391 [00:00<00:00, 12357.77it/s, Materializing param=encoder.layer.7.intermediate.dense.bias]    
Loading weights:  33%|███▎      | 128/391 [00:00<00:00, 12357.77it/s, Materializing param=encoder.layer.7.intermediate.dense.bias]
Loading weights:  33%|███▎      | 129/391 [00:00<00:00, 12454.31it/s, Materializing param=encoder.layer.7.intermediate.dense.weight]
Loading weights:  33%|███▎      | 129/391 [00:00<00:00, 12454.31it/s, Materializing param=encoder.layer.7.intermediate.dense.weight]
Loading weights:  33%|███▎      | 130/391 [00:00<00:00, 12550.86it/s, Materializing param=encoder.layer.7.output.LayerNorm.bias]    
Loading weights:  33%|███▎      | 130/391 [00:00<00:00, 12550.86it/s, Materializing param=encoder.layer.7.output.LayerNorm.bias]
Loading weights:  34%|███▎      | 131/391 [00:00<00:00, 12647.40it/s, Materializing param=encoder.layer.7.output.LayerNorm.weight]
Loading weights:  34%|███▎      | 131/391 [00:00<00:00, 12647.40it/s, Materializing param=encoder.layer.7.output.LayerNorm.weight]
Loading weights:  34%|███▍      | 132/391 [00:00<00:00, 12743.95it/s, Materializing param=encoder.layer.7.output.dense.bias]      
Loading weights:  34%|███▍      | 132/391 [00:00<00:00, 12743.95it/s, Materializing param=encoder.layer.7.output.dense.bias]
Loading weights:  34%|███▍      | 133/391 [00:00<00:00, 12840.49it/s, Materializing param=encoder.layer.7.output.dense.weight]
Loading weights:  34%|███▍      | 133/391 [00:00<00:00, 12840.49it/s, Materializing param=encoder.layer.7.output.dense.weight]
Loading weights:  34%|███▍      | 134/391 [00:00<00:00, 12937.04it/s, Materializing param=encoder.layer.8.attention.output.LayerNorm.bias]
Loading weights:  34%|███▍      | 134/391 [00:00<00:00, 12937.04it/s, Materializing param=encoder.layer.8.attention.output.LayerNorm.bias]
Loading weights:  35%|███▍      | 135/391 [00:00<00:00, 13033.58it/s, Materializing param=encoder.layer.8.attention.output.LayerNorm.weight]
Loading weights:  35%|███▍      | 135/391 [00:00<00:00, 13033.58it/s, Materializing param=encoder.layer.8.attention.output.LayerNorm.weight]
Loading weights:  35%|███▍      | 136/391 [00:00<00:00, 13130.13it/s, Materializing param=encoder.layer.8.attention.output.dense.bias]      
Loading weights:  35%|███▍      | 136/391 [00:00<00:00, 13130.13it/s, Materializing param=encoder.layer.8.attention.output.dense.bias]
Loading weights:  35%|███▌      | 137/391 [00:00<00:00, 13226.67it/s, Materializing param=encoder.layer.8.attention.output.dense.weight]
Loading weights:  35%|███▌      | 137/391 [00:00<00:00, 13226.67it/s, Materializing param=encoder.layer.8.attention.output.dense.weight]
Loading weights:  35%|███▌      | 138/391 [00:00<00:00, 13323.22it/s, Materializing param=encoder.layer.8.attention.self.key.bias]      
Loading weights:  35%|███▌      | 138/391 [00:00<00:00, 13323.22it/s, Materializing param=encoder.layer.8.attention.self.key.bias]
Loading weights:  36%|███▌      | 139/391 [00:00<00:00, 13419.76it/s, Materializing param=encoder.layer.8.attention.self.key.weight]
Loading weights:  36%|███▌      | 139/391 [00:00<00:00, 13419.76it/s, Materializing param=encoder.layer.8.attention.self.key.weight]
Loading weights:  36%|███▌      | 140/391 [00:00<00:00, 13516.31it/s, Materializing param=encoder.layer.8.attention.self.query.bias]
Loading weights:  36%|███▌      | 140/391 [00:00<00:00, 13516.31it/s, Materializing param=encoder.layer.8.attention.self.query.bias]
Loading weights:  36%|███▌      | 141/391 [00:00<00:00, 13612.85it/s, Materializing param=encoder.layer.8.attention.self.query.weight]
Loading weights:  36%|███▌      | 141/391 [00:00<00:00, 13612.85it/s, Materializing param=encoder.layer.8.attention.self.query.weight]
Loading weights:  36%|███▋      | 142/391 [00:00<00:00, 13709.40it/s, Materializing param=encoder.layer.8.attention.self.value.bias]  
Loading weights:  36%|███▋      | 142/391 [00:00<00:00, 13709.40it/s, Materializing param=encoder.layer.8.attention.self.value.bias]
Loading weights:  37%|███▋      | 143/391 [00:00<00:00, 13805.94it/s, Materializing param=encoder.layer.8.attention.self.value.weight]
Loading weights:  37%|███▋      | 143/391 [00:00<00:00, 13805.94it/s, Materializing param=encoder.layer.8.attention.self.value.weight]
Loading weights:  37%|███▋      | 144/391 [00:00<00:00, 13902.49it/s, Materializing param=encoder.layer.8.intermediate.dense.bias]    
Loading weights:  37%|███▋      | 144/391 [00:00<00:00, 13902.49it/s, Materializing param=encoder.layer.8.intermediate.dense.bias]
Loading weights:  37%|███▋      | 145/391 [00:00<00:00, 13999.04it/s, Materializing param=encoder.layer.8.intermediate.dense.weight]
Loading weights:  37%|███▋      | 145/391 [00:00<00:00, 13999.04it/s, Materializing param=encoder.layer.8.intermediate.dense.weight]
Loading weights:  37%|███▋      | 146/391 [00:00<00:00, 14095.58it/s, Materializing param=encoder.layer.8.output.LayerNorm.bias]    
Loading weights:  37%|███▋      | 146/391 [00:00<00:00, 14095.58it/s, Materializing param=encoder.layer.8.output.LayerNorm.bias]
Loading weights:  38%|███▊      | 147/391 [00:00<00:00, 14192.13it/s, Materializing param=encoder.layer.8.output.LayerNorm.weight]
Loading weights:  38%|███▊      | 147/391 [00:00<00:00, 14192.13it/s, Materializing param=encoder.layer.8.output.LayerNorm.weight]
Loading weights:  38%|███▊      | 148/391 [00:00<00:00, 14288.67it/s, Materializing param=encoder.layer.8.output.dense.bias]      
Loading weights:  38%|███▊      | 148/391 [00:00<00:00, 14288.67it/s, Materializing param=encoder.layer.8.output.dense.bias]
Loading weights:  38%|███▊      | 149/391 [00:00<00:00, 14385.22it/s, Materializing param=encoder.layer.8.output.dense.weight]
Loading weights:  38%|███▊      | 149/391 [00:00<00:00, 14385.22it/s, Materializing param=encoder.layer.8.output.dense.weight]
Loading weights:  38%|███▊      | 150/391 [00:00<00:00, 14481.76it/s, Materializing param=encoder.layer.9.attention.output.LayerNorm.bias]
Loading weights:  38%|███▊      | 150/391 [00:00<00:00, 14481.76it/s, Materializing param=encoder.layer.9.attention.output.LayerNorm.bias]
Loading weights:  39%|███▊      | 151/391 [00:00<00:00, 14578.31it/s, Materializing param=encoder.layer.9.attention.output.LayerNorm.weight]
Loading weights:  39%|███▊      | 151/391 [00:00<00:00, 14578.31it/s, Materializing param=encoder.layer.9.attention.output.LayerNorm.weight]
Loading weights:  39%|███▉      | 152/391 [00:00<00:00, 14674.85it/s, Materializing param=encoder.layer.9.attention.output.dense.bias]      
Loading weights:  39%|███▉      | 152/391 [00:00<00:00, 14674.85it/s, Materializing param=encoder.layer.9.attention.output.dense.bias]
Loading weights:  39%|███▉      | 153/391 [00:00<00:00, 14771.40it/s, Materializing param=encoder.layer.9.attention.output.dense.weight]
Loading weights:  39%|███▉      | 153/391 [00:00<00:00, 14771.40it/s, Materializing param=encoder.layer.9.attention.output.dense.weight]
Loading weights:  39%|███▉      | 154/391 [00:00<00:00, 14867.94it/s, Materializing param=encoder.layer.9.attention.self.key.bias]      
Loading weights:  39%|███▉      | 154/391 [00:00<00:00, 14867.94it/s, Materializing param=encoder.layer.9.attention.self.key.bias]
Loading weights:  40%|███▉      | 155/391 [00:00<00:00, 14964.49it/s, Materializing param=encoder.layer.9.attention.self.key.weight]
Loading weights:  40%|███▉      | 155/391 [00:00<00:00, 14964.49it/s, Materializing param=encoder.layer.9.attention.self.key.weight]
Loading weights:  40%|███▉      | 156/391 [00:00<00:00, 15061.03it/s, Materializing param=encoder.layer.9.attention.self.query.bias]
Loading weights:  40%|███▉      | 156/391 [00:00<00:00, 15061.03it/s, Materializing param=encoder.layer.9.attention.self.query.bias]
Loading weights:  40%|████      | 157/391 [00:00<00:00, 15157.58it/s, Materializing param=encoder.layer.9.attention.self.query.weight]
Loading weights:  40%|████      | 157/391 [00:00<00:00, 15157.58it/s, Materializing param=encoder.layer.9.attention.self.query.weight]
Loading weights:  40%|████      | 158/391 [00:00<00:00, 15254.12it/s, Materializing param=encoder.layer.9.attention.self.value.bias]  
Loading weights:  40%|████      | 158/391 [00:00<00:00, 15254.12it/s, Materializing param=encoder.layer.9.attention.self.value.bias]
Loading weights:  41%|████      | 159/391 [00:00<00:00, 15350.67it/s, Materializing param=encoder.layer.9.attention.self.value.weight]
Loading weights:  41%|████      | 159/391 [00:00<00:00, 15350.67it/s, Materializing param=encoder.layer.9.attention.self.value.weight]
Loading weights:  41%|████      | 160/391 [00:00<00:00, 15447.21it/s, Materializing param=encoder.layer.9.intermediate.dense.bias]    
Loading weights:  41%|████      | 160/391 [00:00<00:00, 15447.21it/s, Materializing param=encoder.layer.9.intermediate.dense.bias]
Loading weights:  41%|████      | 161/391 [00:00<00:00, 15543.76it/s, Materializing param=encoder.layer.9.intermediate.dense.weight]
Loading weights:  41%|████      | 161/391 [00:00<00:00, 15543.76it/s, Materializing param=encoder.layer.9.intermediate.dense.weight]
Loading weights:  41%|████▏     | 162/391 [00:00<00:00, 15640.30it/s, Materializing param=encoder.layer.9.output.LayerNorm.bias]    
Loading weights:  41%|████▏     | 162/391 [00:00<00:00, 15640.30it/s, Materializing param=encoder.layer.9.output.LayerNorm.bias]
Loading weights:  42%|████▏     | 163/391 [00:00<00:00, 15736.85it/s, Materializing param=encoder.layer.9.output.LayerNorm.weight]
Loading weights:  42%|████▏     | 163/391 [00:00<00:00, 15736.85it/s, Materializing param=encoder.layer.9.output.LayerNorm.weight]
Loading weights:  42%|████▏     | 164/391 [00:00<00:00, 15833.39it/s, Materializing param=encoder.layer.9.output.dense.bias]      
Loading weights:  42%|████▏     | 164/391 [00:00<00:00, 15833.39it/s, Materializing param=encoder.layer.9.output.dense.bias]
Loading weights:  42%|████▏     | 165/391 [00:00<00:00, 15929.94it/s, Materializing param=encoder.layer.9.output.dense.weight]
Loading weights:  42%|████▏     | 165/391 [00:00<00:00, 15929.94it/s, Materializing param=encoder.layer.9.output.dense.weight]
Loading weights:  42%|████▏     | 166/391 [00:00<00:00, 16026.48it/s, Materializing param=encoder.layer.10.attention.output.LayerNorm.bias]
Loading weights:  42%|████▏     | 166/391 [00:00<00:00, 16026.48it/s, Materializing param=encoder.layer.10.attention.output.LayerNorm.bias]
Loading weights:  43%|████▎     | 167/391 [00:00<00:00, 16123.03it/s, Materializing param=encoder.layer.10.attention.output.LayerNorm.weight]
Loading weights:  43%|████▎     | 167/391 [00:00<00:00, 16123.03it/s, Materializing param=encoder.layer.10.attention.output.LayerNorm.weight]
Loading weights:  43%|████▎     | 168/391 [00:00<00:00, 8662.51it/s, Materializing param=encoder.layer.10.attention.output.dense.bias]       
Loading weights:  43%|████▎     | 168/391 [00:00<00:00, 8662.51it/s, Materializing param=encoder.layer.10.attention.output.dense.bias]
Loading weights:  43%|████▎     | 169/391 [00:00<00:00, 8714.07it/s, Materializing param=encoder.layer.10.attention.output.dense.weight]
Loading weights:  43%|████▎     | 169/391 [00:00<00:00, 8714.07it/s, Materializing param=encoder.layer.10.attention.output.dense.weight]
Loading weights:  43%|████▎     | 170/391 [00:00<00:00, 8765.63it/s, Materializing param=encoder.layer.10.attention.self.key.bias]      
Loading weights:  43%|████▎     | 170/391 [00:00<00:00, 8765.63it/s, Materializing param=encoder.layer.10.attention.self.key.bias]
Loading weights:  44%|████▎     | 171/391 [00:00<00:00, 8817.20it/s, Materializing param=encoder.layer.10.attention.self.key.weight]
Loading weights:  44%|████▎     | 171/391 [00:00<00:00, 8817.20it/s, Materializing param=encoder.layer.10.attention.self.key.weight]
Loading weights:  44%|████▍     | 172/391 [00:00<00:00, 8868.76it/s, Materializing param=encoder.layer.10.attention.self.query.bias]
Loading weights:  44%|████▍     | 172/391 [00:00<00:00, 8868.76it/s, Materializing param=encoder.layer.10.attention.self.query.bias]
Loading weights:  44%|████▍     | 173/391 [00:00<00:00, 8920.32it/s, Materializing param=encoder.layer.10.attention.self.query.weight]
Loading weights:  44%|████▍     | 173/391 [00:00<00:00, 8920.32it/s, Materializing param=encoder.layer.10.attention.self.query.weight]
Loading weights:  45%|████▍     | 174/391 [00:00<00:00, 8971.88it/s, Materializing param=encoder.layer.10.attention.self.value.bias]  
Loading weights:  45%|████▍     | 174/391 [00:00<00:00, 8971.88it/s, Materializing param=encoder.layer.10.attention.self.value.bias]
Loading weights:  45%|████▍     | 175/391 [00:00<00:00, 8774.27it/s, Materializing param=encoder.layer.10.attention.self.value.weight]
Loading weights:  45%|████▍     | 175/391 [00:00<00:00, 8774.27it/s, Materializing param=encoder.layer.10.attention.self.value.weight]
Loading weights:  45%|████▌     | 176/391 [00:00<00:00, 8824.41it/s, Materializing param=encoder.layer.10.intermediate.dense.bias]    
Loading weights:  45%|████▌     | 176/391 [00:00<00:00, 8824.41it/s, Materializing param=encoder.layer.10.intermediate.dense.bias]
Loading weights:  45%|████▌     | 177/391 [00:00<00:00, 8874.55it/s, Materializing param=encoder.layer.10.intermediate.dense.weight]
Loading weights:  45%|████▌     | 177/391 [00:00<00:00, 8874.55it/s, Materializing param=encoder.layer.10.intermediate.dense.weight]
Loading weights:  46%|████▌     | 178/391 [00:00<00:00, 8924.69it/s, Materializing param=encoder.layer.10.output.LayerNorm.bias]    
Loading weights:  46%|████▌     | 178/391 [00:00<00:00, 8924.69it/s, Materializing param=encoder.layer.10.output.LayerNorm.bias]
Loading weights:  46%|████▌     | 179/391 [00:00<00:00, 8974.83it/s, Materializing param=encoder.layer.10.output.LayerNorm.weight]
Loading weights:  46%|████▌     | 179/391 [00:00<00:00, 8974.83it/s, Materializing param=encoder.layer.10.output.LayerNorm.weight]
Loading weights:  46%|████▌     | 180/391 [00:00<00:00, 9024.97it/s, Materializing param=encoder.layer.10.output.dense.bias]      
Loading weights:  46%|████▌     | 180/391 [00:00<00:00, 9024.97it/s, Materializing param=encoder.layer.10.output.dense.bias]
Loading weights:  46%|████▋     | 181/391 [00:00<00:00, 8822.21it/s, Materializing param=encoder.layer.10.output.dense.weight]
Loading weights:  46%|████▋     | 181/391 [00:00<00:00, 8822.21it/s, Materializing param=encoder.layer.10.output.dense.weight]
Loading weights:  47%|████▋     | 182/391 [00:00<00:00, 8870.95it/s, Materializing param=encoder.layer.11.attention.output.LayerNorm.bias]
Loading weights:  47%|████▋     | 182/391 [00:00<00:00, 8870.95it/s, Materializing param=encoder.layer.11.attention.output.LayerNorm.bias]
Loading weights:  47%|████▋     | 183/391 [00:00<00:00, 8919.70it/s, Materializing param=encoder.layer.11.attention.output.LayerNorm.weight]
Loading weights:  47%|████▋     | 183/391 [00:00<00:00, 8919.70it/s, Materializing param=encoder.layer.11.attention.output.LayerNorm.weight]
Loading weights:  47%|████▋     | 184/391 [00:00<00:00, 8968.44it/s, Materializing param=encoder.layer.11.attention.output.dense.bias]      
Loading weights:  47%|████▋     | 184/391 [00:00<00:00, 8968.44it/s, Materializing param=encoder.layer.11.attention.output.dense.bias]
Loading weights:  47%|████▋     | 185/391 [00:00<00:00, 9017.18it/s, Materializing param=encoder.layer.11.attention.output.dense.weight]
Loading weights:  47%|████▋     | 185/391 [00:00<00:00, 9017.18it/s, Materializing param=encoder.layer.11.attention.output.dense.weight]
Loading weights:  48%|████▊     | 186/391 [00:00<00:00, 9065.92it/s, Materializing param=encoder.layer.11.attention.self.key.bias]      
Loading weights:  48%|████▊     | 186/391 [00:00<00:00, 9065.92it/s, Materializing param=encoder.layer.11.attention.self.key.bias]
Loading weights:  48%|████▊     | 187/391 [00:00<00:00, 9114.66it/s, Materializing param=encoder.layer.11.attention.self.key.weight]
Loading weights:  48%|████▊     | 187/391 [00:00<00:00, 9114.66it/s, Materializing param=encoder.layer.11.attention.self.key.weight]
Loading weights:  48%|████▊     | 188/391 [00:00<00:00, 9163.40it/s, Materializing param=encoder.layer.11.attention.self.query.bias]
Loading weights:  48%|████▊     | 188/391 [00:00<00:00, 9163.40it/s, Materializing param=encoder.layer.11.attention.self.query.bias]
Loading weights:  48%|████▊     | 189/391 [00:00<00:00, 9212.14it/s, Materializing param=encoder.layer.11.attention.self.query.weight]
Loading weights:  48%|████▊     | 189/391 [00:00<00:00, 9212.14it/s, Materializing param=encoder.layer.11.attention.self.query.weight]
Loading weights:  49%|████▊     | 190/391 [00:00<00:00, 9260.89it/s, Materializing param=encoder.layer.11.attention.self.value.bias]  
Loading weights:  49%|████▊     | 190/391 [00:00<00:00, 9260.89it/s, Materializing param=encoder.layer.11.attention.self.value.bias]
Loading weights:  49%|████▉     | 191/391 [00:00<00:00, 9309.63it/s, Materializing param=encoder.layer.11.attention.self.value.weight]
Loading weights:  49%|████▉     | 191/391 [00:00<00:00, 9309.63it/s, Materializing param=encoder.layer.11.attention.self.value.weight]
Loading weights:  49%|████▉     | 192/391 [00:00<00:00, 9358.37it/s, Materializing param=encoder.layer.11.intermediate.dense.bias]    
Loading weights:  49%|████▉     | 192/391 [00:00<00:00, 9358.37it/s, Materializing param=encoder.layer.11.intermediate.dense.bias]
Loading weights:  49%|████▉     | 193/391 [00:00<00:00, 9407.11it/s, Materializing param=encoder.layer.11.intermediate.dense.weight]
Loading weights:  49%|████▉     | 193/391 [00:00<00:00, 9407.11it/s, Materializing param=encoder.layer.11.intermediate.dense.weight]
Loading weights:  50%|████▉     | 194/391 [00:00<00:00, 9455.85it/s, Materializing param=encoder.layer.11.output.LayerNorm.bias]    
Loading weights:  50%|████▉     | 194/391 [00:00<00:00, 9455.85it/s, Materializing param=encoder.layer.11.output.LayerNorm.bias]
Loading weights:  50%|████▉     | 195/391 [00:00<00:00, 9504.59it/s, Materializing param=encoder.layer.11.output.LayerNorm.weight]
Loading weights:  50%|████▉     | 195/391 [00:00<00:00, 9504.59it/s, Materializing param=encoder.layer.11.output.LayerNorm.weight]
Loading weights:  50%|█████     | 196/391 [00:00<00:00, 9553.34it/s, Materializing param=encoder.layer.11.output.dense.bias]      
Loading weights:  50%|█████     | 196/391 [00:00<00:00, 9553.34it/s, Materializing param=encoder.layer.11.output.dense.bias]
Loading weights:  50%|█████     | 197/391 [00:00<00:00, 9602.08it/s, Materializing param=encoder.layer.11.output.dense.weight]
Loading weights:  50%|█████     | 197/391 [00:00<00:00, 9602.08it/s, Materializing param=encoder.layer.11.output.dense.weight]
Loading weights:  51%|█████     | 198/391 [00:00<00:00, 9650.82it/s, Materializing param=encoder.layer.12.attention.output.LayerNorm.bias]
Loading weights:  51%|█████     | 198/391 [00:00<00:00, 9650.82it/s, Materializing param=encoder.layer.12.attention.output.LayerNorm.bias]
Loading weights:  51%|█████     | 199/391 [00:00<00:00, 9699.56it/s, Materializing param=encoder.layer.12.attention.output.LayerNorm.weight]
Loading weights:  51%|█████     | 199/391 [00:00<00:00, 9699.56it/s, Materializing param=encoder.layer.12.attention.output.LayerNorm.weight]
Loading weights:  51%|█████     | 200/391 [00:00<00:00, 9748.30it/s, Materializing param=encoder.layer.12.attention.output.dense.bias]      
Loading weights:  51%|█████     | 200/391 [00:00<00:00, 9748.30it/s, Materializing param=encoder.layer.12.attention.output.dense.bias]
Loading weights:  51%|█████▏    | 201/391 [00:00<00:00, 9797.04it/s, Materializing param=encoder.layer.12.attention.output.dense.weight]
Loading weights:  51%|█████▏    | 201/391 [00:00<00:00, 9797.04it/s, Materializing param=encoder.layer.12.attention.output.dense.weight]
Loading weights:  52%|█████▏    | 202/391 [00:00<00:00, 9845.78it/s, Materializing param=encoder.layer.12.attention.self.key.bias]      
Loading weights:  52%|█████▏    | 202/391 [00:00<00:00, 9845.78it/s, Materializing param=encoder.layer.12.attention.self.key.bias]
Loading weights:  52%|█████▏    | 203/391 [00:00<00:00, 9894.53it/s, Materializing param=encoder.layer.12.attention.self.key.weight]
Loading weights:  52%|█████▏    | 203/391 [00:00<00:00, 9894.53it/s, Materializing param=encoder.layer.12.attention.self.key.weight]
Loading weights:  52%|█████▏    | 204/391 [00:00<00:00, 9943.27it/s, Materializing param=encoder.layer.12.attention.self.query.bias]
Loading weights:  52%|█████▏    | 204/391 [00:00<00:00, 9943.27it/s, Materializing param=encoder.layer.12.attention.self.query.bias]
Loading weights:  52%|█████▏    | 205/391 [00:00<00:00, 9992.01it/s, Materializing param=encoder.layer.12.attention.self.query.weight]
Loading weights:  52%|█████▏    | 205/391 [00:00<00:00, 9992.01it/s, Materializing param=encoder.layer.12.attention.self.query.weight]
Loading weights:  53%|█████▎    | 206/391 [00:00<00:00, 10040.75it/s, Materializing param=encoder.layer.12.attention.self.value.bias] 
Loading weights:  53%|█████▎    | 206/391 [00:00<00:00, 10040.75it/s, Materializing param=encoder.layer.12.attention.self.value.bias]
Loading weights:  53%|█████▎    | 207/391 [00:00<00:00, 10089.49it/s, Materializing param=encoder.layer.12.attention.self.value.weight]
Loading weights:  53%|█████▎    | 207/391 [00:00<00:00, 10089.49it/s, Materializing param=encoder.layer.12.attention.self.value.weight]
Loading weights:  53%|█████▎    | 208/391 [00:00<00:00, 10138.23it/s, Materializing param=encoder.layer.12.intermediate.dense.bias]    
Loading weights:  53%|█████▎    | 208/391 [00:00<00:00, 10138.23it/s, Materializing param=encoder.layer.12.intermediate.dense.bias]
Loading weights:  53%|█████▎    | 209/391 [00:00<00:00, 10186.97it/s, Materializing param=encoder.layer.12.intermediate.dense.weight]
Loading weights:  53%|█████▎    | 209/391 [00:00<00:00, 10186.97it/s, Materializing param=encoder.layer.12.intermediate.dense.weight]
Loading weights:  54%|█████▎    | 210/391 [00:00<00:00, 10235.72it/s, Materializing param=encoder.layer.12.output.LayerNorm.bias]    
Loading weights:  54%|█████▎    | 210/391 [00:00<00:00, 10235.72it/s, Materializing param=encoder.layer.12.output.LayerNorm.bias]
Loading weights:  54%|█████▍    | 211/391 [00:00<00:00, 10284.46it/s, Materializing param=encoder.layer.12.output.LayerNorm.weight]
Loading weights:  54%|█████▍    | 211/391 [00:00<00:00, 10284.46it/s, Materializing param=encoder.layer.12.output.LayerNorm.weight]
Loading weights:  54%|█████▍    | 212/391 [00:00<00:00, 10333.20it/s, Materializing param=encoder.layer.12.output.dense.bias]      
Loading weights:  54%|█████▍    | 212/391 [00:00<00:00, 10333.20it/s, Materializing param=encoder.layer.12.output.dense.bias]
Loading weights:  54%|█████▍    | 213/391 [00:00<00:00, 10381.94it/s, Materializing param=encoder.layer.12.output.dense.weight]
Loading weights:  54%|█████▍    | 213/391 [00:00<00:00, 10381.94it/s, Materializing param=encoder.layer.12.output.dense.weight]
Loading weights:  55%|█████▍    | 214/391 [00:00<00:00, 10430.68it/s, Materializing param=encoder.layer.13.attention.output.LayerNorm.bias]
Loading weights:  55%|█████▍    | 214/391 [00:00<00:00, 10430.68it/s, Materializing param=encoder.layer.13.attention.output.LayerNorm.bias]
Loading weights:  55%|█████▍    | 215/391 [00:00<00:00, 10479.42it/s, Materializing param=encoder.layer.13.attention.output.LayerNorm.weight]
Loading weights:  55%|█████▍    | 215/391 [00:00<00:00, 10479.42it/s, Materializing param=encoder.layer.13.attention.output.LayerNorm.weight]
Loading weights:  55%|█████▌    | 216/391 [00:00<00:00, 10528.17it/s, Materializing param=encoder.layer.13.attention.output.dense.bias]      
Loading weights:  55%|█████▌    | 216/391 [00:00<00:00, 10528.17it/s, Materializing param=encoder.layer.13.attention.output.dense.bias]
Loading weights:  55%|█████▌    | 217/391 [00:00<00:00, 10576.91it/s, Materializing param=encoder.layer.13.attention.output.dense.weight]
Loading weights:  55%|█████▌    | 217/391 [00:00<00:00, 10576.91it/s, Materializing param=encoder.layer.13.attention.output.dense.weight]
Loading weights:  56%|█████▌    | 218/391 [00:00<00:00, 10625.65it/s, Materializing param=encoder.layer.13.attention.self.key.bias]      
Loading weights:  56%|█████▌    | 218/391 [00:00<00:00, 10625.65it/s, Materializing param=encoder.layer.13.attention.self.key.bias]
Loading weights:  56%|█████▌    | 219/391 [00:00<00:00, 10674.39it/s, Materializing param=encoder.layer.13.attention.self.key.weight]
Loading weights:  56%|█████▌    | 219/391 [00:00<00:00, 10674.39it/s, Materializing param=encoder.layer.13.attention.self.key.weight]
Loading weights:  56%|█████▋    | 220/391 [00:00<00:00, 10723.13it/s, Materializing param=encoder.layer.13.attention.self.query.bias]
Loading weights:  56%|█████▋    | 220/391 [00:00<00:00, 10723.13it/s, Materializing param=encoder.layer.13.attention.self.query.bias]
Loading weights:  57%|█████▋    | 221/391 [00:00<00:00, 10771.87it/s, Materializing param=encoder.layer.13.attention.self.query.weight]
Loading weights:  57%|█████▋    | 221/391 [00:00<00:00, 10771.87it/s, Materializing param=encoder.layer.13.attention.self.query.weight]
Loading weights:  57%|█████▋    | 222/391 [00:00<00:00, 10820.61it/s, Materializing param=encoder.layer.13.attention.self.value.bias]  
Loading weights:  57%|█████▋    | 222/391 [00:00<00:00, 10820.61it/s, Materializing param=encoder.layer.13.attention.self.value.bias]
Loading weights:  57%|█████▋    | 223/391 [00:00<00:00, 10869.36it/s, Materializing param=encoder.layer.13.attention.self.value.weight]
Loading weights:  57%|█████▋    | 223/391 [00:00<00:00, 10869.36it/s, Materializing param=encoder.layer.13.attention.self.value.weight]
Loading weights:  57%|█████▋    | 224/391 [00:00<00:00, 10918.10it/s, Materializing param=encoder.layer.13.intermediate.dense.bias]    
Loading weights:  57%|█████▋    | 224/391 [00:00<00:00, 10918.10it/s, Materializing param=encoder.layer.13.intermediate.dense.bias]
Loading weights:  58%|█████▊    | 225/391 [00:00<00:00, 10966.84it/s, Materializing param=encoder.layer.13.intermediate.dense.weight]
Loading weights:  58%|█████▊    | 225/391 [00:00<00:00, 10966.84it/s, Materializing param=encoder.layer.13.intermediate.dense.weight]
Loading weights:  58%|█████▊    | 226/391 [00:00<00:00, 11015.58it/s, Materializing param=encoder.layer.13.output.LayerNorm.bias]    
Loading weights:  58%|█████▊    | 226/391 [00:00<00:00, 11015.58it/s, Materializing param=encoder.layer.13.output.LayerNorm.bias]
Loading weights:  58%|█████▊    | 227/391 [00:00<00:00, 11064.32it/s, Materializing param=encoder.layer.13.output.LayerNorm.weight]
Loading weights:  58%|█████▊    | 227/391 [00:00<00:00, 11064.32it/s, Materializing param=encoder.layer.13.output.LayerNorm.weight]
Loading weights:  58%|█████▊    | 228/391 [00:00<00:00, 11113.06it/s, Materializing param=encoder.layer.13.output.dense.bias]      
Loading weights:  58%|█████▊    | 228/391 [00:00<00:00, 11113.06it/s, Materializing param=encoder.layer.13.output.dense.bias]
Loading weights:  59%|█████▊    | 229/391 [00:00<00:00, 11161.80it/s, Materializing param=encoder.layer.13.output.dense.weight]
Loading weights:  59%|█████▊    | 229/391 [00:00<00:00, 11161.80it/s, Materializing param=encoder.layer.13.output.dense.weight]
Loading weights:  59%|█████▉    | 230/391 [00:00<00:00, 11210.55it/s, Materializing param=encoder.layer.14.attention.output.LayerNorm.bias]
Loading weights:  59%|█████▉    | 230/391 [00:00<00:00, 11210.55it/s, Materializing param=encoder.layer.14.attention.output.LayerNorm.bias]
Loading weights:  59%|█████▉    | 231/391 [00:00<00:00, 11259.29it/s, Materializing param=encoder.layer.14.attention.output.LayerNorm.weight]
Loading weights:  59%|█████▉    | 231/391 [00:00<00:00, 11259.29it/s, Materializing param=encoder.layer.14.attention.output.LayerNorm.weight]
Loading weights:  59%|█████▉    | 232/391 [00:00<00:00, 11308.03it/s, Materializing param=encoder.layer.14.attention.output.dense.bias]      
Loading weights:  59%|█████▉    | 232/391 [00:00<00:00, 11308.03it/s, Materializing param=encoder.layer.14.attention.output.dense.bias]
Loading weights:  60%|█████▉    | 233/391 [00:00<00:00, 11356.77it/s, Materializing param=encoder.layer.14.attention.output.dense.weight]
Loading weights:  60%|█████▉    | 233/391 [00:00<00:00, 11356.77it/s, Materializing param=encoder.layer.14.attention.output.dense.weight]
Loading weights:  60%|█████▉    | 234/391 [00:00<00:00, 11405.51it/s, Materializing param=encoder.layer.14.attention.self.key.bias]      
Loading weights:  60%|█████▉    | 234/391 [00:00<00:00, 11405.51it/s, Materializing param=encoder.layer.14.attention.self.key.bias]
Loading weights:  60%|██████    | 235/391 [00:00<00:00, 11454.25it/s, Materializing param=encoder.layer.14.attention.self.key.weight]
Loading weights:  60%|██████    | 235/391 [00:00<00:00, 11454.25it/s, Materializing param=encoder.layer.14.attention.self.key.weight]
Loading weights:  60%|██████    | 236/391 [00:00<00:00, 11503.00it/s, Materializing param=encoder.layer.14.attention.self.query.bias]
Loading weights:  60%|██████    | 236/391 [00:00<00:00, 11503.00it/s, Materializing param=encoder.layer.14.attention.self.query.bias]
Loading weights:  61%|██████    | 237/391 [00:00<00:00, 11551.74it/s, Materializing param=encoder.layer.14.attention.self.query.weight]
Loading weights:  61%|██████    | 237/391 [00:00<00:00, 11551.74it/s, Materializing param=encoder.layer.14.attention.self.query.weight]
Loading weights:  61%|██████    | 238/391 [00:00<00:00, 11600.48it/s, Materializing param=encoder.layer.14.attention.self.value.bias]  
Loading weights:  61%|██████    | 238/391 [00:00<00:00, 11600.48it/s, Materializing param=encoder.layer.14.attention.self.value.bias]
Loading weights:  61%|██████    | 239/391 [00:00<00:00, 11649.22it/s, Materializing param=encoder.layer.14.attention.self.value.weight]
Loading weights:  61%|██████    | 239/391 [00:00<00:00, 11649.22it/s, Materializing param=encoder.layer.14.attention.self.value.weight]
Loading weights:  61%|██████▏   | 240/391 [00:00<00:00, 11697.96it/s, Materializing param=encoder.layer.14.intermediate.dense.bias]    
Loading weights:  61%|██████▏   | 240/391 [00:00<00:00, 11697.96it/s, Materializing param=encoder.layer.14.intermediate.dense.bias]
Loading weights:  62%|██████▏   | 241/391 [00:00<00:00, 11746.70it/s, Materializing param=encoder.layer.14.intermediate.dense.weight]
Loading weights:  62%|██████▏   | 241/391 [00:00<00:00, 11746.70it/s, Materializing param=encoder.layer.14.intermediate.dense.weight]
Loading weights:  62%|██████▏   | 242/391 [00:00<00:00, 11795.44it/s, Materializing param=encoder.layer.14.output.LayerNorm.bias]    
Loading weights:  62%|██████▏   | 242/391 [00:00<00:00, 11795.44it/s, Materializing param=encoder.layer.14.output.LayerNorm.bias]
Loading weights:  62%|██████▏   | 243/391 [00:00<00:00, 11844.19it/s, Materializing param=encoder.layer.14.output.LayerNorm.weight]
Loading weights:  62%|██████▏   | 243/391 [00:00<00:00, 11844.19it/s, Materializing param=encoder.layer.14.output.LayerNorm.weight]
Loading weights:  62%|██████▏   | 244/391 [00:00<00:00, 11892.93it/s, Materializing param=encoder.layer.14.output.dense.bias]      
Loading weights:  62%|██████▏   | 244/391 [00:00<00:00, 11892.93it/s, Materializing param=encoder.layer.14.output.dense.bias]
Loading weights:  63%|██████▎   | 245/391 [00:00<00:00, 11941.67it/s, Materializing param=encoder.layer.14.output.dense.weight]
Loading weights:  63%|██████▎   | 245/391 [00:00<00:00, 11941.67it/s, Materializing param=encoder.layer.14.output.dense.weight]
Loading weights:  63%|██████▎   | 246/391 [00:00<00:00, 11990.41it/s, Materializing param=encoder.layer.15.attention.output.LayerNorm.bias]
Loading weights:  63%|██████▎   | 246/391 [00:00<00:00, 11990.41it/s, Materializing param=encoder.layer.15.attention.output.LayerNorm.bias]
Loading weights:  63%|██████▎   | 247/391 [00:00<00:00, 12039.15it/s, Materializing param=encoder.layer.15.attention.output.LayerNorm.weight]
Loading weights:  63%|██████▎   | 247/391 [00:00<00:00, 12039.15it/s, Materializing param=encoder.layer.15.attention.output.LayerNorm.weight]
Loading weights:  63%|██████▎   | 248/391 [00:00<00:00, 12087.89it/s, Materializing param=encoder.layer.15.attention.output.dense.bias]      
Loading weights:  63%|██████▎   | 248/391 [00:00<00:00, 12087.89it/s, Materializing param=encoder.layer.15.attention.output.dense.bias]
Loading weights:  64%|██████▎   | 249/391 [00:00<00:00, 12136.63it/s, Materializing param=encoder.layer.15.attention.output.dense.weight]
Loading weights:  64%|██████▎   | 249/391 [00:00<00:00, 12136.63it/s, Materializing param=encoder.layer.15.attention.output.dense.weight]
Loading weights:  64%|██████▍   | 250/391 [00:00<00:00, 12185.38it/s, Materializing param=encoder.layer.15.attention.self.key.bias]      
Loading weights:  64%|██████▍   | 250/391 [00:00<00:00, 12185.38it/s, Materializing param=encoder.layer.15.attention.self.key.bias]
Loading weights:  64%|██████▍   | 251/391 [00:00<00:00, 12234.12it/s, Materializing param=encoder.layer.15.attention.self.key.weight]
Loading weights:  64%|██████▍   | 251/391 [00:00<00:00, 12234.12it/s, Materializing param=encoder.layer.15.attention.self.key.weight]
Loading weights:  64%|██████▍   | 252/391 [00:00<00:00, 12282.86it/s, Materializing param=encoder.layer.15.attention.self.query.bias]
Loading weights:  64%|██████▍   | 252/391 [00:00<00:00, 12282.86it/s, Materializing param=encoder.layer.15.attention.self.query.bias]
Loading weights:  65%|██████▍   | 253/391 [00:00<00:00, 12331.60it/s, Materializing param=encoder.layer.15.attention.self.query.weight]
Loading weights:  65%|██████▍   | 253/391 [00:00<00:00, 12331.60it/s, Materializing param=encoder.layer.15.attention.self.query.weight]
Loading weights:  65%|██████▍   | 254/391 [00:00<00:00, 12380.34it/s, Materializing param=encoder.layer.15.attention.self.value.bias]  
Loading weights:  65%|██████▍   | 254/391 [00:00<00:00, 12380.34it/s, Materializing param=encoder.layer.15.attention.self.value.bias]
Loading weights:  65%|██████▌   | 255/391 [00:00<00:00, 12429.08it/s, Materializing param=encoder.layer.15.attention.self.value.weight]
Loading weights:  65%|██████▌   | 255/391 [00:00<00:00, 12429.08it/s, Materializing param=encoder.layer.15.attention.self.value.weight]
Loading weights:  65%|██████▌   | 256/391 [00:00<00:00, 12477.83it/s, Materializing param=encoder.layer.15.intermediate.dense.bias]    
Loading weights:  65%|██████▌   | 256/391 [00:00<00:00, 12477.83it/s, Materializing param=encoder.layer.15.intermediate.dense.bias]
Loading weights:  66%|██████▌   | 257/391 [00:00<00:00, 12526.57it/s, Materializing param=encoder.layer.15.intermediate.dense.weight]
Loading weights:  66%|██████▌   | 257/391 [00:00<00:00, 12526.57it/s, Materializing param=encoder.layer.15.intermediate.dense.weight]
Loading weights:  66%|██████▌   | 258/391 [00:00<00:00, 12575.31it/s, Materializing param=encoder.layer.15.output.LayerNorm.bias]    
Loading weights:  66%|██████▌   | 258/391 [00:00<00:00, 12575.31it/s, Materializing param=encoder.layer.15.output.LayerNorm.bias]
Loading weights:  66%|██████▌   | 259/391 [00:00<00:00, 12624.05it/s, Materializing param=encoder.layer.15.output.LayerNorm.weight]
Loading weights:  66%|██████▌   | 259/391 [00:00<00:00, 12624.05it/s, Materializing param=encoder.layer.15.output.LayerNorm.weight]
Loading weights:  66%|██████▋   | 260/391 [00:00<00:00, 12672.79it/s, Materializing param=encoder.layer.15.output.dense.bias]      
Loading weights:  66%|██████▋   | 260/391 [00:00<00:00, 12672.79it/s, Materializing param=encoder.layer.15.output.dense.bias]
Loading weights:  67%|██████▋   | 261/391 [00:00<00:00, 12721.53it/s, Materializing param=encoder.layer.15.output.dense.weight]
Loading weights:  67%|██████▋   | 261/391 [00:00<00:00, 12721.53it/s, Materializing param=encoder.layer.15.output.dense.weight]
Loading weights:  67%|██████▋   | 262/391 [00:00<00:00, 12770.27it/s, Materializing param=encoder.layer.16.attention.output.LayerNorm.bias]
Loading weights:  67%|██████▋   | 262/391 [00:00<00:00, 12770.27it/s, Materializing param=encoder.layer.16.attention.output.LayerNorm.bias]
Loading weights:  67%|██████▋   | 263/391 [00:00<00:00, 12819.02it/s, Materializing param=encoder.layer.16.attention.output.LayerNorm.weight]
Loading weights:  67%|██████▋   | 263/391 [00:00<00:00, 12819.02it/s, Materializing param=encoder.layer.16.attention.output.LayerNorm.weight]
Loading weights:  68%|██████▊   | 264/391 [00:00<00:00, 12867.76it/s, Materializing param=encoder.layer.16.attention.output.dense.bias]      
Loading weights:  68%|██████▊   | 264/391 [00:00<00:00, 12867.76it/s, Materializing param=encoder.layer.16.attention.output.dense.bias]
Loading weights:  68%|██████▊   | 265/391 [00:00<00:00, 12916.50it/s, Materializing param=encoder.layer.16.attention.output.dense.weight]
Loading weights:  68%|██████▊   | 265/391 [00:00<00:00, 12916.50it/s, Materializing param=encoder.layer.16.attention.output.dense.weight]
Loading weights:  68%|██████▊   | 266/391 [00:00<00:00, 12965.24it/s, Materializing param=encoder.layer.16.attention.self.key.bias]      
Loading weights:  68%|██████▊   | 266/391 [00:00<00:00, 12965.24it/s, Materializing param=encoder.layer.16.attention.self.key.bias]
Loading weights:  68%|██████▊   | 267/391 [00:00<00:00, 13013.98it/s, Materializing param=encoder.layer.16.attention.self.key.weight]
Loading weights:  68%|██████▊   | 267/391 [00:00<00:00, 13013.98it/s, Materializing param=encoder.layer.16.attention.self.key.weight]
Loading weights:  69%|██████▊   | 268/391 [00:00<00:00, 13062.72it/s, Materializing param=encoder.layer.16.attention.self.query.bias]
Loading weights:  69%|██████▊   | 268/391 [00:00<00:00, 13062.72it/s, Materializing param=encoder.layer.16.attention.self.query.bias]
Loading weights:  69%|██████▉   | 269/391 [00:00<00:00, 13111.46it/s, Materializing param=encoder.layer.16.attention.self.query.weight]
Loading weights:  69%|██████▉   | 269/391 [00:00<00:00, 13111.46it/s, Materializing param=encoder.layer.16.attention.self.query.weight]
Loading weights:  69%|██████▉   | 270/391 [00:00<00:00, 13160.21it/s, Materializing param=encoder.layer.16.attention.self.value.bias]  
Loading weights:  69%|██████▉   | 270/391 [00:00<00:00, 13160.21it/s, Materializing param=encoder.layer.16.attention.self.value.bias]
Loading weights:  69%|██████▉   | 271/391 [00:00<00:00, 13208.95it/s, Materializing param=encoder.layer.16.attention.self.value.weight]
Loading weights:  69%|██████▉   | 271/391 [00:00<00:00, 13208.95it/s, Materializing param=encoder.layer.16.attention.self.value.weight]
Loading weights:  70%|██████▉   | 272/391 [00:00<00:00, 13257.69it/s, Materializing param=encoder.layer.16.intermediate.dense.bias]    
Loading weights:  70%|██████▉   | 272/391 [00:00<00:00, 13257.69it/s, Materializing param=encoder.layer.16.intermediate.dense.bias]
Loading weights:  70%|██████▉   | 273/391 [00:00<00:00, 13306.43it/s, Materializing param=encoder.layer.16.intermediate.dense.weight]
Loading weights:  70%|██████▉   | 273/391 [00:00<00:00, 13306.43it/s, Materializing param=encoder.layer.16.intermediate.dense.weight]
Loading weights:  70%|███████   | 274/391 [00:00<00:00, 13355.17it/s, Materializing param=encoder.layer.16.output.LayerNorm.bias]    
Loading weights:  70%|███████   | 274/391 [00:00<00:00, 13355.17it/s, Materializing param=encoder.layer.16.output.LayerNorm.bias]
Loading weights:  70%|███████   | 275/391 [00:00<00:00, 13403.91it/s, Materializing param=encoder.layer.16.output.LayerNorm.weight]
Loading weights:  70%|███████   | 275/391 [00:00<00:00, 13403.91it/s, Materializing param=encoder.layer.16.output.LayerNorm.weight]
Loading weights:  71%|███████   | 276/391 [00:00<00:00, 13452.66it/s, Materializing param=encoder.layer.16.output.dense.bias]      
Loading weights:  71%|███████   | 276/391 [00:00<00:00, 13452.66it/s, Materializing param=encoder.layer.16.output.dense.bias]
Loading weights:  71%|███████   | 277/391 [00:00<00:00, 9001.35it/s, Materializing param=encoder.layer.16.output.dense.weight]
Loading weights:  71%|███████   | 277/391 [00:00<00:00, 9001.35it/s, Materializing param=encoder.layer.16.output.dense.weight]
Loading weights:  71%|███████   | 278/391 [00:00<00:00, 9033.85it/s, Materializing param=encoder.layer.17.attention.output.LayerNorm.bias]
Loading weights:  71%|███████   | 278/391 [00:00<00:00, 9033.85it/s, Materializing param=encoder.layer.17.attention.output.LayerNorm.bias]
Loading weights:  71%|███████▏  | 279/391 [00:00<00:00, 9066.34it/s, Materializing param=encoder.layer.17.attention.output.LayerNorm.weight]
Loading weights:  71%|███████▏  | 279/391 [00:00<00:00, 9066.34it/s, Materializing param=encoder.layer.17.attention.output.LayerNorm.weight]
Loading weights:  72%|███████▏  | 280/391 [00:00<00:00, 9098.84it/s, Materializing param=encoder.layer.17.attention.output.dense.bias]      
Loading weights:  72%|███████▏  | 280/391 [00:00<00:00, 9098.84it/s, Materializing param=encoder.layer.17.attention.output.dense.bias]
Loading weights:  72%|███████▏  | 281/391 [00:00<00:00, 9131.33it/s, Materializing param=encoder.layer.17.attention.output.dense.weight]
Loading weights:  72%|███████▏  | 281/391 [00:00<00:00, 9131.33it/s, Materializing param=encoder.layer.17.attention.output.dense.weight]
Loading weights:  72%|███████▏  | 282/391 [00:00<00:00, 9163.83it/s, Materializing param=encoder.layer.17.attention.self.key.bias]      
Loading weights:  72%|███████▏  | 282/391 [00:00<00:00, 9163.83it/s, Materializing param=encoder.layer.17.attention.self.key.bias]
Loading weights:  72%|███████▏  | 283/391 [00:00<00:00, 9196.32it/s, Materializing param=encoder.layer.17.attention.self.key.weight]
Loading weights:  72%|███████▏  | 283/391 [00:00<00:00, 9196.32it/s, Materializing param=encoder.layer.17.attention.self.key.weight]
Loading weights:  73%|███████▎  | 284/391 [00:00<00:00, 9228.82it/s, Materializing param=encoder.layer.17.attention.self.query.bias]
Loading weights:  73%|███████▎  | 284/391 [00:00<00:00, 9228.82it/s, Materializing param=encoder.layer.17.attention.self.query.bias]
Loading weights:  73%|███████▎  | 285/391 [00:00<00:00, 9261.32it/s, Materializing param=encoder.layer.17.attention.self.query.weight]
Loading weights:  73%|███████▎  | 285/391 [00:00<00:00, 9261.32it/s, Materializing param=encoder.layer.17.attention.self.query.weight]
Loading weights:  73%|███████▎  | 286/391 [00:00<00:00, 9293.81it/s, Materializing param=encoder.layer.17.attention.self.value.bias]  
Loading weights:  73%|███████▎  | 286/391 [00:00<00:00, 9293.81it/s, Materializing param=encoder.layer.17.attention.self.value.bias]
Loading weights:  73%|███████▎  | 287/391 [00:00<00:00, 9326.31it/s, Materializing param=encoder.layer.17.attention.self.value.weight]
Loading weights:  73%|███████▎  | 287/391 [00:00<00:00, 9326.31it/s, Materializing param=encoder.layer.17.attention.self.value.weight]
Loading weights:  74%|███████▎  | 288/391 [00:00<00:00, 9358.80it/s, Materializing param=encoder.layer.17.intermediate.dense.bias]    
Loading weights:  74%|███████▎  | 288/391 [00:00<00:00, 9358.80it/s, Materializing param=encoder.layer.17.intermediate.dense.bias]
Loading weights:  74%|███████▍  | 289/391 [00:00<00:00, 9391.30it/s, Materializing param=encoder.layer.17.intermediate.dense.weight]
Loading weights:  74%|███████▍  | 289/391 [00:00<00:00, 9391.30it/s, Materializing param=encoder.layer.17.intermediate.dense.weight]
Loading weights:  74%|███████▍  | 290/391 [00:00<00:00, 9423.80it/s, Materializing param=encoder.layer.17.output.LayerNorm.bias]    
Loading weights:  74%|███████▍  | 290/391 [00:00<00:00, 9423.80it/s, Materializing param=encoder.layer.17.output.LayerNorm.bias]
Loading weights:  74%|███████▍  | 291/391 [00:00<00:00, 9456.29it/s, Materializing param=encoder.layer.17.output.LayerNorm.weight]
Loading weights:  74%|███████▍  | 291/391 [00:00<00:00, 9456.29it/s, Materializing param=encoder.layer.17.output.LayerNorm.weight]
Loading weights:  75%|███████▍  | 292/391 [00:00<00:00, 9488.79it/s, Materializing param=encoder.layer.17.output.dense.bias]      
Loading weights:  75%|███████▍  | 292/391 [00:00<00:00, 9488.79it/s, Materializing param=encoder.layer.17.output.dense.bias]
Loading weights:  75%|███████▍  | 293/391 [00:00<00:00, 9521.28it/s, Materializing param=encoder.layer.17.output.dense.weight]
Loading weights:  75%|███████▍  | 293/391 [00:00<00:00, 9521.28it/s, Materializing param=encoder.layer.17.output.dense.weight]
Loading weights:  75%|███████▌  | 294/391 [00:00<00:00, 9553.78it/s, Materializing param=encoder.layer.18.attention.output.LayerNorm.bias]
Loading weights:  75%|███████▌  | 294/391 [00:00<00:00, 9553.78it/s, Materializing param=encoder.layer.18.attention.output.LayerNorm.bias]
Loading weights:  75%|███████▌  | 295/391 [00:00<00:00, 9586.27it/s, Materializing param=encoder.layer.18.attention.output.LayerNorm.weight]
Loading weights:  75%|███████▌  | 295/391 [00:00<00:00, 9586.27it/s, Materializing param=encoder.layer.18.attention.output.LayerNorm.weight]
Loading weights:  76%|███████▌  | 296/391 [00:00<00:00, 9618.77it/s, Materializing param=encoder.layer.18.attention.output.dense.bias]      
Loading weights:  76%|███████▌  | 296/391 [00:00<00:00, 9618.77it/s, Materializing param=encoder.layer.18.attention.output.dense.bias]
Loading weights:  76%|███████▌  | 297/391 [00:00<00:00, 9651.27it/s, Materializing param=encoder.layer.18.attention.output.dense.weight]
Loading weights:  76%|███████▌  | 297/391 [00:00<00:00, 9651.27it/s, Materializing param=encoder.layer.18.attention.output.dense.weight]
Loading weights:  76%|███████▌  | 298/391 [00:00<00:00, 9683.76it/s, Materializing param=encoder.layer.18.attention.self.key.bias]      
Loading weights:  76%|███████▌  | 298/391 [00:00<00:00, 9683.76it/s, Materializing param=encoder.layer.18.attention.self.key.bias]
Loading weights:  76%|███████▋  | 299/391 [00:00<00:00, 9716.26it/s, Materializing param=encoder.layer.18.attention.self.key.weight]
Loading weights:  76%|███████▋  | 299/391 [00:00<00:00, 9716.26it/s, Materializing param=encoder.layer.18.attention.self.key.weight]
Loading weights:  77%|███████▋  | 300/391 [00:00<00:00, 9748.75it/s, Materializing param=encoder.layer.18.attention.self.query.bias]
Loading weights:  77%|███████▋  | 300/391 [00:00<00:00, 9748.75it/s, Materializing param=encoder.layer.18.attention.self.query.bias]
Loading weights:  77%|███████▋  | 301/391 [00:00<00:00, 9781.25it/s, Materializing param=encoder.layer.18.attention.self.query.weight]
Loading weights:  77%|███████▋  | 301/391 [00:00<00:00, 9781.25it/s, Materializing param=encoder.layer.18.attention.self.query.weight]
Loading weights:  77%|███████▋  | 302/391 [00:00<00:00, 9813.75it/s, Materializing param=encoder.layer.18.attention.self.value.bias]  
Loading weights:  77%|███████▋  | 302/391 [00:00<00:00, 9813.75it/s, Materializing param=encoder.layer.18.attention.self.value.bias]
Loading weights:  77%|███████▋  | 303/391 [00:00<00:00, 9846.24it/s, Materializing param=encoder.layer.18.attention.self.value.weight]
Loading weights:  77%|███████▋  | 303/391 [00:00<00:00, 9846.24it/s, Materializing param=encoder.layer.18.attention.self.value.weight]
Loading weights:  78%|███████▊  | 304/391 [00:00<00:00, 9878.74it/s, Materializing param=encoder.layer.18.intermediate.dense.bias]    
Loading weights:  78%|███████▊  | 304/391 [00:00<00:00, 9878.74it/s, Materializing param=encoder.layer.18.intermediate.dense.bias]
Loading weights:  78%|███████▊  | 305/391 [00:00<00:00, 9911.23it/s, Materializing param=encoder.layer.18.intermediate.dense.weight]
Loading weights:  78%|███████▊  | 305/391 [00:00<00:00, 9911.23it/s, Materializing param=encoder.layer.18.intermediate.dense.weight]
Loading weights:  78%|███████▊  | 306/391 [00:00<00:00, 9943.73it/s, Materializing param=encoder.layer.18.output.LayerNorm.bias]    
Loading weights:  78%|███████▊  | 306/391 [00:00<00:00, 9943.73it/s, Materializing param=encoder.layer.18.output.LayerNorm.bias]
Loading weights:  79%|███████▊  | 307/391 [00:00<00:00, 9976.23it/s, Materializing param=encoder.layer.18.output.LayerNorm.weight]
Loading weights:  79%|███████▊  | 307/391 [00:00<00:00, 9976.23it/s, Materializing param=encoder.layer.18.output.LayerNorm.weight]
Loading weights:  79%|███████▉  | 308/391 [00:00<00:00, 10008.72it/s, Materializing param=encoder.layer.18.output.dense.bias]     
Loading weights:  79%|███████▉  | 308/391 [00:00<00:00, 10008.72it/s, Materializing param=encoder.layer.18.output.dense.bias]
Loading weights:  79%|███████▉  | 309/391 [00:00<00:00, 10041.22it/s, Materializing param=encoder.layer.18.output.dense.weight]
Loading weights:  79%|███████▉  | 309/391 [00:00<00:00, 10041.22it/s, Materializing param=encoder.layer.18.output.dense.weight]
Loading weights:  79%|███████▉  | 310/391 [00:00<00:00, 10073.71it/s, Materializing param=encoder.layer.19.attention.output.LayerNorm.bias]
Loading weights:  79%|███████▉  | 310/391 [00:00<00:00, 10073.71it/s, Materializing param=encoder.layer.19.attention.output.LayerNorm.bias]
Loading weights:  80%|███████▉  | 311/391 [00:00<00:00, 10106.21it/s, Materializing param=encoder.layer.19.attention.output.LayerNorm.weight]
Loading weights:  80%|███████▉  | 311/391 [00:00<00:00, 10106.21it/s, Materializing param=encoder.layer.19.attention.output.LayerNorm.weight]
Loading weights:  80%|███████▉  | 312/391 [00:00<00:00, 10138.70it/s, Materializing param=encoder.layer.19.attention.output.dense.bias]      
Loading weights:  80%|███████▉  | 312/391 [00:00<00:00, 10138.70it/s, Materializing param=encoder.layer.19.attention.output.dense.bias]
Loading weights:  80%|████████  | 313/391 [00:00<00:00, 10171.20it/s, Materializing param=encoder.layer.19.attention.output.dense.weight]
Loading weights:  80%|████████  | 313/391 [00:00<00:00, 10171.20it/s, Materializing param=encoder.layer.19.attention.output.dense.weight]
Loading weights:  80%|████████  | 314/391 [00:00<00:00, 10203.70it/s, Materializing param=encoder.layer.19.attention.self.key.bias]      
Loading weights:  80%|████████  | 314/391 [00:00<00:00, 10203.70it/s, Materializing param=encoder.layer.19.attention.self.key.bias]
Loading weights:  81%|████████  | 315/391 [00:00<00:00, 10236.19it/s, Materializing param=encoder.layer.19.attention.self.key.weight]
Loading weights:  81%|████████  | 315/391 [00:00<00:00, 10236.19it/s, Materializing param=encoder.layer.19.attention.self.key.weight]
Loading weights:  81%|████████  | 316/391 [00:00<00:00, 10268.69it/s, Materializing param=encoder.layer.19.attention.self.query.bias]
Loading weights:  81%|████████  | 316/391 [00:00<00:00, 10268.69it/s, Materializing param=encoder.layer.19.attention.self.query.bias]
Loading weights:  81%|████████  | 317/391 [00:00<00:00, 10301.18it/s, Materializing param=encoder.layer.19.attention.self.query.weight]
Loading weights:  81%|████████  | 317/391 [00:00<00:00, 10301.18it/s, Materializing param=encoder.layer.19.attention.self.query.weight]
Loading weights:  81%|████████▏ | 318/391 [00:00<00:00, 10333.68it/s, Materializing param=encoder.layer.19.attention.self.value.bias]  
Loading weights:  81%|████████▏ | 318/391 [00:00<00:00, 10333.68it/s, Materializing param=encoder.layer.19.attention.self.value.bias]
Loading weights:  82%|████████▏ | 319/391 [00:00<00:00, 10366.18it/s, Materializing param=encoder.layer.19.attention.self.value.weight]
Loading weights:  82%|████████▏ | 319/391 [00:00<00:00, 10366.18it/s, Materializing param=encoder.layer.19.attention.self.value.weight]
Loading weights:  82%|████████▏ | 320/391 [00:00<00:00, 10398.67it/s, Materializing param=encoder.layer.19.intermediate.dense.bias]    
Loading weights:  82%|████████▏ | 320/391 [00:00<00:00, 10398.67it/s, Materializing param=encoder.layer.19.intermediate.dense.bias]
Loading weights:  82%|████████▏ | 321/391 [00:00<00:00, 10431.17it/s, Materializing param=encoder.layer.19.intermediate.dense.weight]
Loading weights:  82%|████████▏ | 321/391 [00:00<00:00, 10431.17it/s, Materializing param=encoder.layer.19.intermediate.dense.weight]
Loading weights:  82%|████████▏ | 322/391 [00:00<00:00, 10463.66it/s, Materializing param=encoder.layer.19.output.LayerNorm.bias]    
Loading weights:  82%|████████▏ | 322/391 [00:00<00:00, 10463.66it/s, Materializing param=encoder.layer.19.output.LayerNorm.bias]
Loading weights:  83%|████████▎ | 323/391 [00:00<00:00, 10496.16it/s, Materializing param=encoder.layer.19.output.LayerNorm.weight]
Loading weights:  83%|████████▎ | 323/391 [00:00<00:00, 10496.16it/s, Materializing param=encoder.layer.19.output.LayerNorm.weight]
Loading weights:  83%|████████▎ | 324/391 [00:00<00:00, 10528.65it/s, Materializing param=encoder.layer.19.output.dense.bias]      
Loading weights:  83%|████████▎ | 324/391 [00:00<00:00, 10528.65it/s, Materializing param=encoder.layer.19.output.dense.bias]
Loading weights:  83%|████████▎ | 325/391 [00:00<00:00, 10561.15it/s, Materializing param=encoder.layer.19.output.dense.weight]
Loading weights:  83%|████████▎ | 325/391 [00:00<00:00, 10561.15it/s, Materializing param=encoder.layer.19.output.dense.weight]
Loading weights:  83%|████████▎ | 326/391 [00:00<00:00, 10593.65it/s, Materializing param=encoder.layer.20.attention.output.LayerNorm.bias]
Loading weights:  83%|████████▎ | 326/391 [00:00<00:00, 10593.65it/s, Materializing param=encoder.layer.20.attention.output.LayerNorm.bias]
Loading weights:  84%|████████▎ | 327/391 [00:00<00:00, 10626.14it/s, Materializing param=encoder.layer.20.attention.output.LayerNorm.weight]
Loading weights:  84%|████████▎ | 327/391 [00:00<00:00, 10626.14it/s, Materializing param=encoder.layer.20.attention.output.LayerNorm.weight]
Loading weights:  84%|████████▍ | 328/391 [00:00<00:00, 10658.64it/s, Materializing param=encoder.layer.20.attention.output.dense.bias]      
Loading weights:  84%|████████▍ | 328/391 [00:00<00:00, 10658.64it/s, Materializing param=encoder.layer.20.attention.output.dense.bias]
Loading weights:  84%|████████▍ | 329/391 [00:00<00:00, 10691.13it/s, Materializing param=encoder.layer.20.attention.output.dense.weight]
Loading weights:  84%|████████▍ | 329/391 [00:00<00:00, 10691.13it/s, Materializing param=encoder.layer.20.attention.output.dense.weight]
Loading weights:  84%|████████▍ | 330/391 [00:00<00:00, 10723.63it/s, Materializing param=encoder.layer.20.attention.self.key.bias]      
Loading weights:  84%|████████▍ | 330/391 [00:00<00:00, 10723.63it/s, Materializing param=encoder.layer.20.attention.self.key.bias]
Loading weights:  85%|████████▍ | 331/391 [00:00<00:00, 10756.13it/s, Materializing param=encoder.layer.20.attention.self.key.weight]
Loading weights:  85%|████████▍ | 331/391 [00:00<00:00, 10756.13it/s, Materializing param=encoder.layer.20.attention.self.key.weight]
Loading weights:  85%|████████▍ | 332/391 [00:00<00:00, 10788.62it/s, Materializing param=encoder.layer.20.attention.self.query.bias]
Loading weights:  85%|████████▍ | 332/391 [00:00<00:00, 10788.62it/s, Materializing param=encoder.layer.20.attention.self.query.bias]
Loading weights:  85%|████████▌ | 333/391 [00:00<00:00, 10821.12it/s, Materializing param=encoder.layer.20.attention.self.query.weight]
Loading weights:  85%|████████▌ | 333/391 [00:00<00:00, 10821.12it/s, Materializing param=encoder.layer.20.attention.self.query.weight]
Loading weights:  85%|████████▌ | 334/391 [00:00<00:00, 10853.61it/s, Materializing param=encoder.layer.20.attention.self.value.bias]  
Loading weights:  85%|████████▌ | 334/391 [00:00<00:00, 10853.61it/s, Materializing param=encoder.layer.20.attention.self.value.bias]
Loading weights:  86%|████████▌ | 335/391 [00:00<00:00, 10886.11it/s, Materializing param=encoder.layer.20.attention.self.value.weight]
Loading weights:  86%|████████▌ | 335/391 [00:00<00:00, 10886.11it/s, Materializing param=encoder.layer.20.attention.self.value.weight]
Loading weights:  86%|████████▌ | 336/391 [00:00<00:00, 10918.60it/s, Materializing param=encoder.layer.20.intermediate.dense.bias]    
Loading weights:  86%|████████▌ | 336/391 [00:00<00:00, 10918.60it/s, Materializing param=encoder.layer.20.intermediate.dense.bias]
Loading weights:  86%|████████▌ | 337/391 [00:00<00:00, 10951.10it/s, Materializing param=encoder.layer.20.intermediate.dense.weight]
Loading weights:  86%|████████▌ | 337/391 [00:00<00:00, 10951.10it/s, Materializing param=encoder.layer.20.intermediate.dense.weight]
Loading weights:  86%|████████▋ | 338/391 [00:00<00:00, 10983.60it/s, Materializing param=encoder.layer.20.output.LayerNorm.bias]    
Loading weights:  86%|████████▋ | 338/391 [00:00<00:00, 10983.60it/s, Materializing param=encoder.layer.20.output.LayerNorm.bias]
Loading weights:  87%|████████▋ | 339/391 [00:00<00:00, 11016.09it/s, Materializing param=encoder.layer.20.output.LayerNorm.weight]
Loading weights:  87%|████████▋ | 339/391 [00:00<00:00, 11016.09it/s, Materializing param=encoder.layer.20.output.LayerNorm.weight]
Loading weights:  87%|████████▋ | 340/391 [00:00<00:00, 11048.59it/s, Materializing param=encoder.layer.20.output.dense.bias]      
Loading weights:  87%|████████▋ | 340/391 [00:00<00:00, 11048.59it/s, Materializing param=encoder.layer.20.output.dense.bias]
Loading weights:  87%|████████▋ | 341/391 [00:00<00:00, 11081.08it/s, Materializing param=encoder.layer.20.output.dense.weight]
Loading weights:  87%|████████▋ | 341/391 [00:00<00:00, 11081.08it/s, Materializing param=encoder.layer.20.output.dense.weight]
Loading weights:  87%|████████▋ | 342/391 [00:00<00:00, 11113.58it/s, Materializing param=encoder.layer.21.attention.output.LayerNorm.bias]
Loading weights:  87%|████████▋ | 342/391 [00:00<00:00, 11113.58it/s, Materializing param=encoder.layer.21.attention.output.LayerNorm.bias]
Loading weights:  88%|████████▊ | 343/391 [00:00<00:00, 11146.08it/s, Materializing param=encoder.layer.21.attention.output.LayerNorm.weight]
Loading weights:  88%|████████▊ | 343/391 [00:00<00:00, 11146.08it/s, Materializing param=encoder.layer.21.attention.output.LayerNorm.weight]
Loading weights:  88%|████████▊ | 344/391 [00:00<00:00, 11178.57it/s, Materializing param=encoder.layer.21.attention.output.dense.bias]      
Loading weights:  88%|████████▊ | 344/391 [00:00<00:00, 11178.57it/s, Materializing param=encoder.layer.21.attention.output.dense.bias]
Loading weights:  88%|████████▊ | 345/391 [00:00<00:00, 11211.07it/s, Materializing param=encoder.layer.21.attention.output.dense.weight]
Loading weights:  88%|████████▊ | 345/391 [00:00<00:00, 11211.07it/s, Materializing param=encoder.layer.21.attention.output.dense.weight]
Loading weights:  88%|████████▊ | 346/391 [00:00<00:00, 11243.56it/s, Materializing param=encoder.layer.21.attention.self.key.bias]      
Loading weights:  88%|████████▊ | 346/391 [00:00<00:00, 11243.56it/s, Materializing param=encoder.layer.21.attention.self.key.bias]
Loading weights:  89%|████████▊ | 347/391 [00:00<00:00, 11276.06it/s, Materializing param=encoder.layer.21.attention.self.key.weight]
Loading weights:  89%|████████▊ | 347/391 [00:00<00:00, 11276.06it/s, Materializing param=encoder.layer.21.attention.self.key.weight]
Loading weights:  89%|████████▉ | 348/391 [00:00<00:00, 11308.55it/s, Materializing param=encoder.layer.21.attention.self.query.bias]
Loading weights:  89%|████████▉ | 348/391 [00:00<00:00, 11308.55it/s, Materializing param=encoder.layer.21.attention.self.query.bias]
Loading weights:  89%|████████▉ | 349/391 [00:00<00:00, 11341.05it/s, Materializing param=encoder.layer.21.attention.self.query.weight]
Loading weights:  89%|████████▉ | 349/391 [00:00<00:00, 11341.05it/s, Materializing param=encoder.layer.21.attention.self.query.weight]
Loading weights:  90%|████████▉ | 350/391 [00:00<00:00, 11373.55it/s, Materializing param=encoder.layer.21.attention.self.value.bias]  
Loading weights:  90%|████████▉ | 350/391 [00:00<00:00, 11373.55it/s, Materializing param=encoder.layer.21.attention.self.value.bias]
Loading weights:  90%|████████▉ | 351/391 [00:00<00:00, 11406.04it/s, Materializing param=encoder.layer.21.attention.self.value.weight]
Loading weights:  90%|████████▉ | 351/391 [00:00<00:00, 11406.04it/s, Materializing param=encoder.layer.21.attention.self.value.weight]
Loading weights:  90%|█████████ | 352/391 [00:00<00:00, 11438.54it/s, Materializing param=encoder.layer.21.intermediate.dense.bias]    
Loading weights:  90%|█████████ | 352/391 [00:00<00:00, 11438.54it/s, Materializing param=encoder.layer.21.intermediate.dense.bias]
Loading weights:  90%|█████████ | 353/391 [00:00<00:00, 11471.03it/s, Materializing param=encoder.layer.21.intermediate.dense.weight]
Loading weights:  90%|█████████ | 353/391 [00:00<00:00, 11471.03it/s, Materializing param=encoder.layer.21.intermediate.dense.weight]
Loading weights:  91%|█████████ | 354/391 [00:00<00:00, 11503.53it/s, Materializing param=encoder.layer.21.output.LayerNorm.bias]    
Loading weights:  91%|█████████ | 354/391 [00:00<00:00, 9880.97it/s, Materializing param=encoder.layer.21.output.LayerNorm.bias] 
Loading weights:  91%|█████████ | 355/391 [00:00<00:00, 9908.88it/s, Materializing param=encoder.layer.21.output.LayerNorm.weight]
Loading weights:  91%|█████████ | 355/391 [00:00<00:00, 9908.88it/s, Materializing param=encoder.layer.21.output.LayerNorm.weight]
Loading weights:  91%|█████████ | 356/391 [00:00<00:00, 9936.79it/s, Materializing param=encoder.layer.21.output.dense.bias]      
Loading weights:  91%|█████████ | 356/391 [00:00<00:00, 9936.79it/s, Materializing param=encoder.layer.21.output.dense.bias]
Loading weights:  91%|█████████▏| 357/391 [00:00<00:00, 9964.71it/s, Materializing param=encoder.layer.21.output.dense.weight]
Loading weights:  91%|█████████▏| 357/391 [00:00<00:00, 9964.71it/s, Materializing param=encoder.layer.21.output.dense.weight]
Loading weights:  92%|█████████▏| 358/391 [00:00<00:00, 9992.62it/s, Materializing param=encoder.layer.22.attention.output.LayerNorm.bias]
Loading weights:  92%|█████████▏| 358/391 [00:00<00:00, 9992.62it/s, Materializing param=encoder.layer.22.attention.output.LayerNorm.bias]
Loading weights:  92%|█████████▏| 359/391 [00:00<00:00, 10020.53it/s, Materializing param=encoder.layer.22.attention.output.LayerNorm.weight]
Loading weights:  92%|█████████▏| 359/391 [00:00<00:00, 10020.53it/s, Materializing param=encoder.layer.22.attention.output.LayerNorm.weight]
Loading weights:  92%|█████████▏| 360/391 [00:00<00:00, 10048.44it/s, Materializing param=encoder.layer.22.attention.output.dense.bias]      
Loading weights:  92%|█████████▏| 360/391 [00:00<00:00, 10048.44it/s, Materializing param=encoder.layer.22.attention.output.dense.bias]
Loading weights:  92%|█████████▏| 361/391 [00:00<00:00, 9919.18it/s, Materializing param=encoder.layer.22.attention.output.dense.weight]
Loading weights:  92%|█████████▏| 361/391 [00:00<00:00, 9919.18it/s, Materializing param=encoder.layer.22.attention.output.dense.weight]
Loading weights:  93%|█████████▎| 362/391 [00:00<00:00, 9946.66it/s, Materializing param=encoder.layer.22.attention.self.key.bias]      
Loading weights:  93%|█████████▎| 362/391 [00:00<00:00, 9946.66it/s, Materializing param=encoder.layer.22.attention.self.key.bias]
Loading weights:  93%|█████████▎| 363/391 [00:00<00:00, 9974.14it/s, Materializing param=encoder.layer.22.attention.self.key.weight]
Loading weights:  93%|█████████▎| 363/391 [00:00<00:00, 9974.14it/s, Materializing param=encoder.layer.22.attention.self.key.weight]
Loading weights:  93%|█████████▎| 364/391 [00:00<00:00, 10001.62it/s, Materializing param=encoder.layer.22.attention.self.query.bias]
Loading weights:  93%|█████████▎| 364/391 [00:00<00:00, 10001.62it/s, Materializing param=encoder.layer.22.attention.self.query.bias]
Loading weights:  93%|█████████▎| 365/391 [00:00<00:00, 10029.09it/s, Materializing param=encoder.layer.22.attention.self.query.weight]
Loading weights:  93%|█████████▎| 365/391 [00:00<00:00, 10029.09it/s, Materializing param=encoder.layer.22.attention.self.query.weight]
Loading weights:  94%|█████████▎| 366/391 [00:00<00:00, 10056.57it/s, Materializing param=encoder.layer.22.attention.self.value.bias]  
Loading weights:  94%|█████████▎| 366/391 [00:00<00:00, 10056.57it/s, Materializing param=encoder.layer.22.attention.self.value.bias]
Loading weights:  94%|█████████▍| 367/391 [00:00<00:00, 10084.05it/s, Materializing param=encoder.layer.22.attention.self.value.weight]
Loading weights:  94%|█████████▍| 367/391 [00:00<00:00, 10084.05it/s, Materializing param=encoder.layer.22.attention.self.value.weight]
Loading weights:  94%|█████████▍| 368/391 [00:00<00:00, 10111.52it/s, Materializing param=encoder.layer.22.intermediate.dense.bias]    
Loading weights:  94%|█████████▍| 368/391 [00:00<00:00, 9963.23it/s, Materializing param=encoder.layer.22.intermediate.dense.bias] 
Loading weights:  94%|█████████▍| 369/391 [00:00<00:00, 9990.31it/s, Materializing param=encoder.layer.22.intermediate.dense.weight]
Loading weights:  94%|█████████▍| 369/391 [00:00<00:00, 9990.31it/s, Materializing param=encoder.layer.22.intermediate.dense.weight]
Loading weights:  95%|█████████▍| 370/391 [00:00<00:00, 10017.38it/s, Materializing param=encoder.layer.22.output.LayerNorm.bias]   
Loading weights:  95%|█████████▍| 370/391 [00:00<00:00, 10017.38it/s, Materializing param=encoder.layer.22.output.LayerNorm.bias]
Loading weights:  95%|█████████▍| 371/391 [00:00<00:00, 10044.45it/s, Materializing param=encoder.layer.22.output.LayerNorm.weight]
Loading weights:  95%|█████████▍| 371/391 [00:00<00:00, 9960.36it/s, Materializing param=encoder.layer.22.output.LayerNorm.weight] 
Loading weights:  95%|█████████▌| 372/391 [00:00<00:00, 9987.21it/s, Materializing param=encoder.layer.22.output.dense.bias]      
Loading weights:  95%|█████████▌| 372/391 [00:00<00:00, 9987.21it/s, Materializing param=encoder.layer.22.output.dense.bias]
Loading weights:  95%|█████████▌| 373/391 [00:00<00:00, 10014.05it/s, Materializing param=encoder.layer.22.output.dense.weight]
Loading weights:  95%|█████████▌| 373/391 [00:00<00:00, 10014.05it/s, Materializing param=encoder.layer.22.output.dense.weight]
Loading weights:  96%|█████████▌| 374/391 [00:00<00:00, 10040.90it/s, Materializing param=encoder.layer.23.attention.output.LayerNorm.bias]
Loading weights:  96%|█████████▌| 374/391 [00:00<00:00, 10040.90it/s, Materializing param=encoder.layer.23.attention.output.LayerNorm.bias]
Loading weights:  96%|█████████▌| 375/391 [00:00<00:00, 10067.75it/s, Materializing param=encoder.layer.23.attention.output.LayerNorm.weight]
Loading weights:  96%|█████████▌| 375/391 [00:00<00:00, 10067.75it/s, Materializing param=encoder.layer.23.attention.output.LayerNorm.weight]
Loading weights:  96%|█████████▌| 376/391 [00:00<00:00, 10094.59it/s, Materializing param=encoder.layer.23.attention.output.dense.bias]      
Loading weights:  96%|█████████▌| 376/391 [00:00<00:00, 10094.59it/s, Materializing param=encoder.layer.23.attention.output.dense.bias]
Loading weights:  96%|█████████▋| 377/391 [00:00<00:00, 10121.44it/s, Materializing param=encoder.layer.23.attention.output.dense.weight]
Loading weights:  96%|█████████▋| 377/391 [00:00<00:00, 10121.44it/s, Materializing param=encoder.layer.23.attention.output.dense.weight]
Loading weights:  97%|█████████▋| 378/391 [00:00<00:00, 10148.29it/s, Materializing param=encoder.layer.23.attention.self.key.bias]      
Loading weights:  97%|█████████▋| 378/391 [00:00<00:00, 10148.29it/s, Materializing param=encoder.layer.23.attention.self.key.bias]
Loading weights:  97%|█████████▋| 379/391 [00:00<00:00, 10175.14it/s, Materializing param=encoder.layer.23.attention.self.key.weight]
Loading weights:  97%|█████████▋| 379/391 [00:00<00:00, 10175.14it/s, Materializing param=encoder.layer.23.attention.self.key.weight]
Loading weights:  97%|█████████▋| 380/391 [00:00<00:00, 10201.98it/s, Materializing param=encoder.layer.23.attention.self.query.bias]
Loading weights:  97%|█████████▋| 380/391 [00:00<00:00, 10201.98it/s, Materializing param=encoder.layer.23.attention.self.query.bias]
Loading weights:  97%|█████████▋| 381/391 [00:00<00:00, 10228.83it/s, Materializing param=encoder.layer.23.attention.self.query.weight]
Loading weights:  97%|█████████▋| 381/391 [00:00<00:00, 10228.83it/s, Materializing param=encoder.layer.23.attention.self.query.weight]
Loading weights:  98%|█████████▊| 382/391 [00:00<00:00, 10255.68it/s, Materializing param=encoder.layer.23.attention.self.value.bias]  
Loading weights:  98%|█████████▊| 382/391 [00:00<00:00, 10255.68it/s, Materializing param=encoder.layer.23.attention.self.value.bias]
Loading weights:  98%|█████████▊| 383/391 [00:00<00:00, 10282.53it/s, Materializing param=encoder.layer.23.attention.self.value.weight]
Loading weights:  98%|█████████▊| 383/391 [00:00<00:00, 10282.53it/s, Materializing param=encoder.layer.23.attention.self.value.weight]
Loading weights:  98%|█████████▊| 384/391 [00:00<00:00, 10309.37it/s, Materializing param=encoder.layer.23.intermediate.dense.bias]    
Loading weights:  98%|█████████▊| 384/391 [00:00<00:00, 10309.37it/s, Materializing param=encoder.layer.23.intermediate.dense.bias]
Loading weights:  98%|█████████▊| 385/391 [00:00<00:00, 10336.22it/s, Materializing param=encoder.layer.23.intermediate.dense.weight]
Loading weights:  98%|█████████▊| 385/391 [00:00<00:00, 10336.22it/s, Materializing param=encoder.layer.23.intermediate.dense.weight]
Loading weights:  99%|█████████▊| 386/391 [00:00<00:00, 10363.07it/s, Materializing param=encoder.layer.23.output.LayerNorm.bias]    
Loading weights:  99%|█████████▊| 386/391 [00:00<00:00, 10363.07it/s, Materializing param=encoder.layer.23.output.LayerNorm.bias]
Loading weights:  99%|█████████▉| 387/391 [00:00<00:00, 10389.92it/s, Materializing param=encoder.layer.23.output.LayerNorm.weight]
Loading weights:  99%|█████████▉| 387/391 [00:00<00:00, 10389.92it/s, Materializing param=encoder.layer.23.output.LayerNorm.weight]
Loading weights:  99%|█████████▉| 388/391 [00:00<00:00, 10416.76it/s, Materializing param=encoder.layer.23.output.dense.bias]      
Loading weights:  99%|█████████▉| 388/391 [00:00<00:00, 10416.76it/s, Materializing param=encoder.layer.23.output.dense.bias]
Loading weights:  99%|█████████▉| 389/391 [00:00<00:00, 10443.61it/s, Materializing param=encoder.layer.23.output.dense.weight]
Loading weights:  99%|█████████▉| 389/391 [00:00<00:00, 10443.61it/s, Materializing param=encoder.layer.23.output.dense.weight]
Loading weights: 100%|█████████▉| 390/391 [00:00<00:00, 10470.46it/s, Materializing param=pooler.dense.bias]                   
Loading weights: 100%|█████████▉| 390/391 [00:00<00:00, 10470.46it/s, Materializing param=pooler.dense.bias]
Loading weights: 100%|██████████| 391/391 [00:00<00:00, 10497.30it/s, Materializing param=pooler.dense.weight]
Loading weights: 100%|██████████| 391/391 [00:00<00:00, 10497.30it/s, Materializing param=pooler.dense.weight]
Loading weights: 100%|██████████| 391/391 [00:00<00:00, 10497.30it/s, Materializing param=pooler.dense.weight]
[GovernedAppRunner._c0_retrieve] search degraded to empty results app=apps_research: Collection [process_docs] does not exist
[ledger.writer] router_l4_uwg append failed: no such table: events
[ledger.writer] router_l4_uwg append failed: no such table: events
research_brief_uwg_writer: UWG blocked run_id=bridge:rg_research_bridge:92d49f7c:1f31dcf7-803a-43ba-ba06-c9cefa66625c reasons=('missing_clearance_proof_id', 'missing_registry_digest_set', 'commit_request_signature_invalid', 'missing_staged_diff_hash')

Processing:   0%|          | 0/4 [00:00<?, ?item/s]
Processing: 100%|██████████| 4/4 [00:00<?, ?item/s]
