
Processing: 0item [00:00, ?item/s]
Processing: 0item [00:00, ?item/s]

Processing: 0item [00:00, ?item/s]
Processing: 0item [00:00, ?item/s]

Processing: 0item [00:00, ?item/s]
Processing: 0item [00:00, ?item/s]

Processing: 0item [00:00, ?item/s]
Processing: 0item [00:00, ?item/s]

Processing: 0item [00:00, ?item/s]
Processing: 0item [00:00, ?item/s]

Processing: 0item [00:00, ?item/s]
Processing: 0item [00:00, ?item/s]

Processing: 0item [00:00, ?item/s]
Processing: 0item [00:00, ?item/s]

Processing:   0%|          | 0/4 [00:00<?, ?item/s]
Processing: 100%|██████████| 4/4 [00:00<?, ?item/s]

Processing:   0%|          | 0/4 [00:00<?, ?item/s]
Processing: 100%|██████████| 4/4 [00:00<?, ?item/s]

Processing:   0%|          | 0/4 [00:00<?, ?item/s]
Processing: 100%|██████████| 4/4 [00:00<?, ?item/s]

Loading weights:   0%|          | 0/391 [00:00<?, ?it/s]
Loading weights:   0%|          | 1/391 [00:00<?, ?it/s, Materializing param=embeddings.LayerNorm.bias]
Loading weights:   0%|          | 1/391 [00:00<?, ?it/s, Materializing param=embeddings.LayerNorm.bias]
Loading weights:   1%|          | 2/391 [00:00<00:00, 3892.63it/s, Materializing param=embeddings.LayerNorm.weight]
Loading weights:   1%|          | 2/391 [00:00<00:00, 3892.63it/s, Materializing param=embeddings.LayerNorm.weight]
Loading weights:   1%|          | 3/391 [00:00<00:00, 2905.98it/s, Materializing param=embeddings.position_embeddings.weight]
Loading weights:   1%|          | 3/391 [00:00<00:00, 2905.98it/s, Materializing param=embeddings.position_embeddings.weight]
Loading weights:   1%|          | 4/391 [00:00<00:00, 3874.65it/s, Materializing param=embeddings.token_type_embeddings.weight]
Loading weights:   1%|          | 4/391 [00:00<00:00, 3874.65it/s, Materializing param=embeddings.token_type_embeddings.weight]
Loading weights:   1%|▏         | 5/391 [00:00<00:00, 4843.31it/s, Materializing param=embeddings.word_embeddings.weight]      
Loading weights:   1%|▏         | 5/391 [00:00<00:00, 4843.31it/s, Materializing param=embeddings.word_embeddings.weight]
Loading weights:   2%|▏         | 6/391 [00:00<00:00, 5811.97it/s, Materializing param=encoder.layer.0.attention.output.LayerNorm.bias]
Loading weights:   2%|▏         | 6/391 [00:00<00:00, 5811.97it/s, Materializing param=encoder.layer.0.attention.output.LayerNorm.bias]
Loading weights:   2%|▏         | 7/391 [00:00<00:00, 6780.63it/s, Materializing param=encoder.layer.0.attention.output.LayerNorm.weight]
Loading weights:   2%|▏         | 7/391 [00:00<00:00, 6780.63it/s, Materializing param=encoder.layer.0.attention.output.LayerNorm.weight]
Loading weights:   2%|▏         | 8/391 [00:00<00:00, 7749.29it/s, Materializing param=encoder.layer.0.attention.output.dense.bias]      
Loading weights:   2%|▏         | 8/391 [00:00<00:00, 7749.29it/s, Materializing param=encoder.layer.0.attention.output.dense.bias]
Loading weights:   2%|▏         | 9/391 [00:00<00:00, 8717.95it/s, Materializing param=encoder.layer.0.attention.output.dense.weight]
Loading weights:   2%|▏         | 9/391 [00:00<00:00, 8717.95it/s, Materializing param=encoder.layer.0.attention.output.dense.weight]
Loading weights:   3%|▎         | 10/391 [00:00<00:00, 9686.61it/s, Materializing param=encoder.layer.0.attention.self.key.bias]     
Loading weights:   3%|▎         | 10/391 [00:00<00:00, 9686.61it/s, Materializing param=encoder.layer.0.attention.self.key.bias]
Loading weights:   3%|▎         | 11/391 [00:00<00:00, 7111.18it/s, Materializing param=encoder.layer.0.attention.self.key.weight]
Loading weights:   3%|▎         | 11/391 [00:00<00:00, 7111.18it/s, Materializing param=encoder.layer.0.attention.self.key.weight]
Loading weights:   3%|▎         | 12/391 [00:00<00:00, 7757.65it/s, Materializing param=encoder.layer.0.attention.self.query.bias]
Loading weights:   3%|▎         | 12/391 [00:00<00:00, 7757.65it/s, Materializing param=encoder.layer.0.attention.self.query.bias]
Loading weights:   3%|▎         | 13/391 [00:00<00:00, 8404.12it/s, Materializing param=encoder.layer.0.attention.self.query.weight]
Loading weights:   3%|▎         | 13/391 [00:00<00:00, 8404.12it/s, Materializing param=encoder.layer.0.attention.self.query.weight]
Loading weights:   4%|▎         | 14/391 [00:00<00:00, 9050.59it/s, Materializing param=encoder.layer.0.attention.self.value.bias]  
Loading weights:   4%|▎         | 14/391 [00:00<00:00, 9050.59it/s, Materializing param=encoder.layer.0.attention.self.value.bias]
Loading weights:   4%|▍         | 15/391 [00:00<00:00, 9697.07it/s, Materializing param=encoder.layer.0.attention.self.value.weight]
Loading weights:   4%|▍         | 15/391 [00:00<00:00, 9697.07it/s, Materializing param=encoder.layer.0.attention.self.value.weight]
Loading weights:   4%|▍         | 16/391 [00:00<00:00, 10343.54it/s, Materializing param=encoder.layer.0.intermediate.dense.bias]   
Loading weights:   4%|▍         | 16/391 [00:00<00:00, 10343.54it/s, Materializing param=encoder.layer.0.intermediate.dense.bias]
Loading weights:   4%|▍         | 17/391 [00:00<00:00, 10990.01it/s, Materializing param=encoder.layer.0.intermediate.dense.weight]
Loading weights:   4%|▍         | 17/391 [00:00<00:00, 8251.73it/s, Materializing param=encoder.layer.0.intermediate.dense.weight] 
Loading weights:   5%|▍         | 18/391 [00:00<00:00, 8737.12it/s, Materializing param=encoder.layer.0.output.LayerNorm.bias]    
Loading weights:   5%|▍         | 18/391 [00:00<00:00, 8737.12it/s, Materializing param=encoder.layer.0.output.LayerNorm.bias]
Loading weights:   5%|▍         | 19/391 [00:00<00:00, 9222.52it/s, Materializing param=encoder.layer.0.output.LayerNorm.weight]
Loading weights:   5%|▍         | 19/391 [00:00<00:00, 9222.52it/s, Materializing param=encoder.layer.0.output.LayerNorm.weight]
Loading weights:   5%|▌         | 20/391 [00:00<00:00, 9707.91it/s, Materializing param=encoder.layer.0.output.dense.bias]      
Loading weights:   5%|▌         | 20/391 [00:00<00:00, 9707.91it/s, Materializing param=encoder.layer.0.output.dense.bias]
Loading weights:   5%|▌         | 21/391 [00:00<00:00, 8186.67it/s, Materializing param=encoder.layer.0.output.dense.weight]
Loading weights:   5%|▌         | 21/391 [00:00<00:00, 8186.67it/s, Materializing param=encoder.layer.0.output.dense.weight]
Loading weights:   6%|▌         | 22/391 [00:00<00:00, 8576.51it/s, Materializing param=encoder.layer.1.attention.output.LayerNorm.bias]
Loading weights:   6%|▌         | 22/391 [00:00<00:00, 8576.51it/s, Materializing param=encoder.layer.1.attention.output.LayerNorm.bias]
Loading weights:   6%|▌         | 23/391 [00:00<00:00, 8966.35it/s, Materializing param=encoder.layer.1.attention.output.LayerNorm.weight]
Loading weights:   6%|▌         | 23/391 [00:00<00:00, 8966.35it/s, Materializing param=encoder.layer.1.attention.output.LayerNorm.weight]
Loading weights:   6%|▌         | 24/391 [00:00<00:00, 9356.19it/s, Materializing param=encoder.layer.1.attention.output.dense.bias]      
Loading weights:   6%|▌         | 24/391 [00:00<00:00, 9356.19it/s, Materializing param=encoder.layer.1.attention.output.dense.bias]
Loading weights:   6%|▋         | 25/391 [00:00<00:00, 9746.04it/s, Materializing param=encoder.layer.1.attention.output.dense.weight]
Loading weights:   6%|▋         | 25/391 [00:00<00:00, 9746.04it/s, Materializing param=encoder.layer.1.attention.output.dense.weight]
Loading weights:   7%|▋         | 26/391 [00:00<00:00, 10135.88it/s, Materializing param=encoder.layer.1.attention.self.key.bias]     
Loading weights:   7%|▋         | 26/391 [00:00<00:00, 10135.88it/s, Materializing param=encoder.layer.1.attention.self.key.bias]
Loading weights:   7%|▋         | 27/391 [00:00<00:00, 10525.72it/s, Materializing param=encoder.layer.1.attention.self.key.weight]
Loading weights:   7%|▋         | 27/391 [00:00<00:00, 10525.72it/s, Materializing param=encoder.layer.1.attention.self.key.weight]
Loading weights:   7%|▋         | 28/391 [00:00<00:00, 10915.56it/s, Materializing param=encoder.layer.1.attention.self.query.bias]
Loading weights:   7%|▋         | 28/391 [00:00<00:00, 10915.56it/s, Materializing param=encoder.layer.1.attention.self.query.bias]
Loading weights:   7%|▋         | 29/391 [00:00<00:00, 11305.40it/s, Materializing param=encoder.layer.1.attention.self.query.weight]
Loading weights:   7%|▋         | 29/391 [00:00<00:00, 11305.40it/s, Materializing param=encoder.layer.1.attention.self.query.weight]
Loading weights:   8%|▊         | 30/391 [00:00<00:00, 11695.24it/s, Materializing param=encoder.layer.1.attention.self.value.bias]  
Loading weights:   8%|▊         | 30/391 [00:00<00:00, 11695.24it/s, Materializing param=encoder.layer.1.attention.self.value.bias]
Loading weights:   8%|▊         | 31/391 [00:00<00:00, 12085.08it/s, Materializing param=encoder.layer.1.attention.self.value.weight]
Loading weights:   8%|▊         | 31/391 [00:00<00:00, 12085.08it/s, Materializing param=encoder.layer.1.attention.self.value.weight]
Loading weights:   8%|▊         | 32/391 [00:00<00:00, 12474.93it/s, Materializing param=encoder.layer.1.intermediate.dense.bias]    
Loading weights:   8%|▊         | 32/391 [00:00<00:00, 12474.93it/s, Materializing param=encoder.layer.1.intermediate.dense.bias]
Loading weights:   8%|▊         | 33/391 [00:00<00:00, 12864.77it/s, Materializing param=encoder.layer.1.intermediate.dense.weight]
Loading weights:   8%|▊         | 33/391 [00:00<00:00, 12864.77it/s, Materializing param=encoder.layer.1.intermediate.dense.weight]
Loading weights:   9%|▊         | 34/391 [00:00<00:00, 13254.61it/s, Materializing param=encoder.layer.1.output.LayerNorm.bias]    
Loading weights:   9%|▊         | 34/391 [00:00<00:00, 13254.61it/s, Materializing param=encoder.layer.1.output.LayerNorm.bias]
Loading weights:   9%|▉         | 35/391 [00:00<00:00, 13644.45it/s, Materializing param=encoder.layer.1.output.LayerNorm.weight]
Loading weights:   9%|▉         | 35/391 [00:00<00:00, 13644.45it/s, Materializing param=encoder.layer.1.output.LayerNorm.weight]
Loading weights:   9%|▉         | 36/391 [00:00<00:00, 14034.29it/s, Materializing param=encoder.layer.1.output.dense.bias]      
Loading weights:   9%|▉         | 36/391 [00:00<00:00, 14034.29it/s, Materializing param=encoder.layer.1.output.dense.bias]
Loading weights:   9%|▉         | 37/391 [00:00<00:00, 14424.13it/s, Materializing param=encoder.layer.1.output.dense.weight]
Loading weights:   9%|▉         | 37/391 [00:00<00:00, 14424.13it/s, Materializing param=encoder.layer.1.output.dense.weight]
Loading weights:  10%|▉         | 38/391 [00:00<00:00, 14813.97it/s, Materializing param=encoder.layer.2.attention.output.LayerNorm.bias]
Loading weights:  10%|▉         | 38/391 [00:00<00:00, 14813.97it/s, Materializing param=encoder.layer.2.attention.output.LayerNorm.bias]
Loading weights:  10%|▉         | 39/391 [00:00<00:00, 15203.82it/s, Materializing param=encoder.layer.2.attention.output.LayerNorm.weight]
Loading weights:  10%|▉         | 39/391 [00:00<00:00, 15203.82it/s, Materializing param=encoder.layer.2.attention.output.LayerNorm.weight]
Loading weights:  10%|█         | 40/391 [00:00<00:00, 15593.66it/s, Materializing param=encoder.layer.2.attention.output.dense.bias]      
Loading weights:  10%|█         | 40/391 [00:00<00:00, 15593.66it/s, Materializing param=encoder.layer.2.attention.output.dense.bias]
Loading weights:  10%|█         | 41/391 [00:00<00:00, 11492.01it/s, Materializing param=encoder.layer.2.attention.output.dense.weight]
Loading weights:  10%|█         | 41/391 [00:00<00:00, 11492.01it/s, Materializing param=encoder.layer.2.attention.output.dense.weight]
Loading weights:  11%|█         | 42/391 [00:00<00:00, 11772.30it/s, Materializing param=encoder.layer.2.attention.self.key.bias]      
Loading weights:  11%|█         | 42/391 [00:00<00:00, 11772.30it/s, Materializing param=encoder.layer.2.attention.self.key.bias]
Loading weights:  11%|█         | 43/391 [00:00<00:00, 12052.60it/s, Materializing param=encoder.layer.2.attention.self.key.weight]
Loading weights:  11%|█         | 43/391 [00:00<00:00, 12052.60it/s, Materializing param=encoder.layer.2.attention.self.key.weight]
Loading weights:  11%|█▏        | 44/391 [00:00<00:00, 12332.89it/s, Materializing param=encoder.layer.2.attention.self.query.bias]
Loading weights:  11%|█▏        | 44/391 [00:00<00:00, 12332.89it/s, Materializing param=encoder.layer.2.attention.self.query.bias]
Loading weights:  12%|█▏        | 45/391 [00:00<00:00, 12613.18it/s, Materializing param=encoder.layer.2.attention.self.query.weight]
Loading weights:  12%|█▏        | 45/391 [00:00<00:00, 12613.18it/s, Materializing param=encoder.layer.2.attention.self.query.weight]
Loading weights:  12%|█▏        | 46/391 [00:00<00:00, 12893.48it/s, Materializing param=encoder.layer.2.attention.self.value.bias]  
Loading weights:  12%|█▏        | 46/391 [00:00<00:00, 12893.48it/s, Materializing param=encoder.layer.2.attention.self.value.bias]
Loading weights:  12%|█▏        | 47/391 [00:00<00:00, 13173.77it/s, Materializing param=encoder.layer.2.attention.self.value.weight]
Loading weights:  12%|█▏        | 47/391 [00:00<00:00, 13173.77it/s, Materializing param=encoder.layer.2.attention.self.value.weight]
Loading weights:  12%|█▏        | 48/391 [00:00<00:00, 13454.06it/s, Materializing param=encoder.layer.2.intermediate.dense.bias]    
Loading weights:  12%|█▏        | 48/391 [00:00<00:00, 13454.06it/s, Materializing param=encoder.layer.2.intermediate.dense.bias]
Loading weights:  13%|█▎        | 49/391 [00:00<00:00, 13734.36it/s, Materializing param=encoder.layer.2.intermediate.dense.weight]
Loading weights:  13%|█▎        | 49/391 [00:00<00:00, 13734.36it/s, Materializing param=encoder.layer.2.intermediate.dense.weight]
Loading weights:  13%|█▎        | 50/391 [00:00<00:00, 14014.65it/s, Materializing param=encoder.layer.2.output.LayerNorm.bias]    
Loading weights:  13%|█▎        | 50/391 [00:00<00:00, 14014.65it/s, Materializing param=encoder.layer.2.output.LayerNorm.bias]
Loading weights:  13%|█▎        | 51/391 [00:00<00:00, 14294.94it/s, Materializing param=encoder.layer.2.output.LayerNorm.weight]
Loading weights:  13%|█▎        | 51/391 [00:00<00:00, 14294.94it/s, Materializing param=encoder.layer.2.output.LayerNorm.weight]
Loading weights:  13%|█▎        | 52/391 [00:00<00:00, 14575.23it/s, Materializing param=encoder.layer.2.output.dense.bias]      
Loading weights:  13%|█▎        | 52/391 [00:00<00:00, 14575.23it/s, Materializing param=encoder.layer.2.output.dense.bias]
Loading weights:  14%|█▎        | 53/391 [00:00<00:00, 14855.53it/s, Materializing param=encoder.layer.2.output.dense.weight]
Loading weights:  14%|█▎        | 53/391 [00:00<00:00, 14855.53it/s, Materializing param=encoder.layer.2.output.dense.weight]
Loading weights:  14%|█▍        | 54/391 [00:00<00:00, 15135.82it/s, Materializing param=encoder.layer.3.attention.output.LayerNorm.bias]
Loading weights:  14%|█▍        | 54/391 [00:00<00:00, 15135.82it/s, Materializing param=encoder.layer.3.attention.output.LayerNorm.bias]
Loading weights:  14%|█▍        | 55/391 [00:00<00:00, 15416.11it/s, Materializing param=encoder.layer.3.attention.output.LayerNorm.weight]
Loading weights:  14%|█▍        | 55/391 [00:00<00:00, 15416.11it/s, Materializing param=encoder.layer.3.attention.output.LayerNorm.weight]
Loading weights:  14%|█▍        | 56/391 [00:00<00:00, 15696.41it/s, Materializing param=encoder.layer.3.attention.output.dense.bias]      
Loading weights:  14%|█▍        | 56/391 [00:00<00:00, 15696.41it/s, Materializing param=encoder.layer.3.attention.output.dense.bias]
Loading weights:  15%|█▍        | 57/391 [00:00<00:00, 15976.70it/s, Materializing param=encoder.layer.3.attention.output.dense.weight]
Loading weights:  15%|█▍        | 57/391 [00:00<00:00, 15976.70it/s, Materializing param=encoder.layer.3.attention.output.dense.weight]
Loading weights:  15%|█▍        | 58/391 [00:00<00:00, 16256.99it/s, Materializing param=encoder.layer.3.attention.self.key.bias]      
Loading weights:  15%|█▍        | 58/391 [00:00<00:00, 16256.99it/s, Materializing param=encoder.layer.3.attention.self.key.bias]
Loading weights:  15%|█▌        | 59/391 [00:00<00:00, 16537.29it/s, Materializing param=encoder.layer.3.attention.self.key.weight]
Loading weights:  15%|█▌        | 59/391 [00:00<00:00, 16537.29it/s, Materializing param=encoder.layer.3.attention.self.key.weight]
Loading weights:  15%|█▌        | 60/391 [00:00<00:00, 16817.58it/s, Materializing param=encoder.layer.3.attention.self.query.bias]
Loading weights:  15%|█▌        | 60/391 [00:00<00:00, 16817.58it/s, Materializing param=encoder.layer.3.attention.self.query.bias]
Loading weights:  16%|█▌        | 61/391 [00:00<00:00, 17097.87it/s, Materializing param=encoder.layer.3.attention.self.query.weight]
Loading weights:  16%|█▌        | 61/391 [00:00<00:00, 13353.47it/s, Materializing param=encoder.layer.3.attention.self.query.weight]
Loading weights:  16%|█▌        | 62/391 [00:00<00:00, 13572.38it/s, Materializing param=encoder.layer.3.attention.self.value.bias]  
Loading weights:  16%|█▌        | 62/391 [00:00<00:00, 13572.38it/s, Materializing param=encoder.layer.3.attention.self.value.bias]
Loading weights:  16%|█▌        | 63/391 [00:00<00:00, 13791.29it/s, Materializing param=encoder.layer.3.attention.self.value.weight]
Loading weights:  16%|█▌        | 63/391 [00:00<00:00, 13791.29it/s, Materializing param=encoder.layer.3.attention.self.value.weight]
Loading weights:  16%|█▋        | 64/391 [00:00<00:00, 14010.20it/s, Materializing param=encoder.layer.3.intermediate.dense.bias]    
Loading weights:  16%|█▋        | 64/391 [00:00<00:00, 14010.20it/s, Materializing param=encoder.layer.3.intermediate.dense.bias]
Loading weights:  17%|█▋        | 65/391 [00:00<00:00, 14229.11it/s, Materializing param=encoder.layer.3.intermediate.dense.weight]
Loading weights:  17%|█▋        | 65/391 [00:00<00:00, 14229.11it/s, Materializing param=encoder.layer.3.intermediate.dense.weight]
Loading weights:  17%|█▋        | 66/391 [00:00<00:00, 14448.02it/s, Materializing param=encoder.layer.3.output.LayerNorm.bias]    
Loading weights:  17%|█▋        | 66/391 [00:00<00:00, 14448.02it/s, Materializing param=encoder.layer.3.output.LayerNorm.bias]
Loading weights:  17%|█▋        | 67/391 [00:00<00:00, 14666.93it/s, Materializing param=encoder.layer.3.output.LayerNorm.weight]
Loading weights:  17%|█▋        | 67/391 [00:00<00:00, 14666.93it/s, Materializing param=encoder.layer.3.output.LayerNorm.weight]
Loading weights:  17%|█▋        | 68/391 [00:00<00:00, 14885.84it/s, Materializing param=encoder.layer.3.output.dense.bias]      
Loading weights:  17%|█▋        | 68/391 [00:00<00:00, 14885.84it/s, Materializing param=encoder.layer.3.output.dense.bias]
Loading weights:  18%|█▊        | 69/391 [00:00<00:00, 15104.75it/s, Materializing param=encoder.layer.3.output.dense.weight]
Loading weights:  18%|█▊        | 69/391 [00:00<00:00, 15104.75it/s, Materializing param=encoder.layer.3.output.dense.weight]
Loading weights:  18%|█▊        | 70/391 [00:00<00:00, 15323.66it/s, Materializing param=encoder.layer.4.attention.output.LayerNorm.bias]
Loading weights:  18%|█▊        | 70/391 [00:00<00:00, 15323.66it/s, Materializing param=encoder.layer.4.attention.output.LayerNorm.bias]
Loading weights:  18%|█▊        | 71/391 [00:00<00:00, 15542.57it/s, Materializing param=encoder.layer.4.attention.output.LayerNorm.weight]
Loading weights:  18%|█▊        | 71/391 [00:00<00:00, 15542.57it/s, Materializing param=encoder.layer.4.attention.output.LayerNorm.weight]
Loading weights:  18%|█▊        | 72/391 [00:00<00:00, 15761.48it/s, Materializing param=encoder.layer.4.attention.output.dense.bias]      
Loading weights:  18%|█▊        | 72/391 [00:00<00:00, 15761.48it/s, Materializing param=encoder.layer.4.attention.output.dense.bias]
Loading weights:  19%|█▊        | 73/391 [00:00<00:00, 15980.39it/s, Materializing param=encoder.layer.4.attention.output.dense.weight]
Loading weights:  19%|█▊        | 73/391 [00:00<00:00, 15980.39it/s, Materializing param=encoder.layer.4.attention.output.dense.weight]
Loading weights:  19%|█▉        | 74/391 [00:00<00:00, 16199.30it/s, Materializing param=encoder.layer.4.attention.self.key.bias]      
Loading weights:  19%|█▉        | 74/391 [00:00<00:00, 16199.30it/s, Materializing param=encoder.layer.4.attention.self.key.bias]
Loading weights:  19%|█▉        | 75/391 [00:00<00:00, 16418.20it/s, Materializing param=encoder.layer.4.attention.self.key.weight]
Loading weights:  19%|█▉        | 75/391 [00:00<00:00, 16418.20it/s, Materializing param=encoder.layer.4.attention.self.key.weight]
Loading weights:  19%|█▉        | 76/391 [00:00<00:00, 16637.11it/s, Materializing param=encoder.layer.4.attention.self.query.bias]
Loading weights:  19%|█▉        | 76/391 [00:00<00:00, 16637.11it/s, Materializing param=encoder.layer.4.attention.self.query.bias]
Loading weights:  20%|█▉        | 77/391 [00:00<00:00, 16856.02it/s, Materializing param=encoder.layer.4.attention.self.query.weight]
Loading weights:  20%|█▉        | 77/391 [00:00<00:00, 16856.02it/s, Materializing param=encoder.layer.4.attention.self.query.weight]
Loading weights:  20%|█▉        | 78/391 [00:00<00:00, 17074.93it/s, Materializing param=encoder.layer.4.attention.self.value.bias]  
Loading weights:  20%|█▉        | 78/391 [00:00<00:00, 17074.93it/s, Materializing param=encoder.layer.4.attention.self.value.bias]
Loading weights:  20%|██        | 79/391 [00:00<00:00, 17293.84it/s, Materializing param=encoder.layer.4.attention.self.value.weight]
Loading weights:  20%|██        | 79/391 [00:00<00:00, 17293.84it/s, Materializing param=encoder.layer.4.attention.self.value.weight]
Loading weights:  20%|██        | 80/391 [00:00<00:00, 17512.75it/s, Materializing param=encoder.layer.4.intermediate.dense.bias]    
Loading weights:  20%|██        | 80/391 [00:00<00:00, 17512.75it/s, Materializing param=encoder.layer.4.intermediate.dense.bias]
Loading weights:  21%|██        | 81/391 [00:00<00:00, 17731.66it/s, Materializing param=encoder.layer.4.intermediate.dense.weight]
Loading weights:  21%|██        | 81/391 [00:00<00:00, 17731.66it/s, Materializing param=encoder.layer.4.intermediate.dense.weight]
Loading weights:  21%|██        | 82/391 [00:00<00:00, 14728.20it/s, Materializing param=encoder.layer.4.output.LayerNorm.bias]    
Loading weights:  21%|██        | 82/391 [00:00<00:00, 14728.20it/s, Materializing param=encoder.layer.4.output.LayerNorm.bias]
Loading weights:  21%|██        | 83/391 [00:00<00:00, 14907.81it/s, Materializing param=encoder.layer.4.output.LayerNorm.weight]
Loading weights:  21%|██        | 83/391 [00:00<00:00, 14907.81it/s, Materializing param=encoder.layer.4.output.LayerNorm.weight]
Loading weights:  21%|██▏       | 84/391 [00:00<00:00, 15087.42it/s, Materializing param=encoder.layer.4.output.dense.bias]      
Loading weights:  21%|██▏       | 84/391 [00:00<00:00, 15087.42it/s, Materializing param=encoder.layer.4.output.dense.bias]
Loading weights:  22%|██▏       | 85/391 [00:00<00:00, 15267.04it/s, Materializing param=encoder.layer.4.output.dense.weight]
Loading weights:  22%|██▏       | 85/391 [00:00<00:00, 15267.04it/s, Materializing param=encoder.layer.4.output.dense.weight]
Loading weights:  22%|██▏       | 86/391 [00:00<00:00, 15446.65it/s, Materializing param=encoder.layer.5.attention.output.LayerNorm.bias]
Loading weights:  22%|██▏       | 86/391 [00:00<00:00, 15446.65it/s, Materializing param=encoder.layer.5.attention.output.LayerNorm.bias]
Loading weights:  22%|██▏       | 87/391 [00:00<00:00, 15626.26it/s, Materializing param=encoder.layer.5.attention.output.LayerNorm.weight]
Loading weights:  22%|██▏       | 87/391 [00:00<00:00, 15626.26it/s, Materializing param=encoder.layer.5.attention.output.LayerNorm.weight]
Loading weights:  23%|██▎       | 88/391 [00:00<00:00, 15805.87it/s, Materializing param=encoder.layer.5.attention.output.dense.bias]      
Loading weights:  23%|██▎       | 88/391 [00:00<00:00, 15805.87it/s, Materializing param=encoder.layer.5.attention.output.dense.bias]
Loading weights:  23%|██▎       | 89/391 [00:00<00:00, 15985.49it/s, Materializing param=encoder.layer.5.attention.output.dense.weight]
Loading weights:  23%|██▎       | 89/391 [00:00<00:00, 15985.49it/s, Materializing param=encoder.layer.5.attention.output.dense.weight]
Loading weights:  23%|██▎       | 90/391 [00:00<00:00, 16165.10it/s, Materializing param=encoder.layer.5.attention.self.key.bias]      
Loading weights:  23%|██▎       | 90/391 [00:00<00:00, 16165.10it/s, Materializing param=encoder.layer.5.attention.self.key.bias]
Loading weights:  23%|██▎       | 91/391 [00:00<00:00, 16344.71it/s, Materializing param=encoder.layer.5.attention.self.key.weight]
Loading weights:  23%|██▎       | 91/391 [00:00<00:00, 16344.71it/s, Materializing param=encoder.layer.5.attention.self.key.weight]
Loading weights:  24%|██▎       | 92/391 [00:00<00:00, 16524.32it/s, Materializing param=encoder.layer.5.attention.self.query.bias]
Loading weights:  24%|██▎       | 92/391 [00:00<00:00, 16524.32it/s, Materializing param=encoder.layer.5.attention.self.query.bias]
Loading weights:  24%|██▍       | 93/391 [00:00<00:00, 16703.93it/s, Materializing param=encoder.layer.5.attention.self.query.weight]
Loading weights:  24%|██▍       | 93/391 [00:00<00:00, 16703.93it/s, Materializing param=encoder.layer.5.attention.self.query.weight]
Loading weights:  24%|██▍       | 94/391 [00:00<00:00, 16883.55it/s, Materializing param=encoder.layer.5.attention.self.value.bias]  
Loading weights:  24%|██▍       | 94/391 [00:00<00:00, 16883.55it/s, Materializing param=encoder.layer.5.attention.self.value.bias]
Loading weights:  24%|██▍       | 95/391 [00:00<00:00, 17063.16it/s, Materializing param=encoder.layer.5.attention.self.value.weight]
Loading weights:  24%|██▍       | 95/391 [00:00<00:00, 17063.16it/s, Materializing param=encoder.layer.5.attention.self.value.weight]
Loading weights:  25%|██▍       | 96/391 [00:00<00:00, 17242.77it/s, Materializing param=encoder.layer.5.intermediate.dense.bias]    
Loading weights:  25%|██▍       | 96/391 [00:00<00:00, 17242.77it/s, Materializing param=encoder.layer.5.intermediate.dense.bias]
Loading weights:  25%|██▍       | 97/391 [00:00<00:00, 17422.38it/s, Materializing param=encoder.layer.5.intermediate.dense.weight]
Loading weights:  25%|██▍       | 97/391 [00:00<00:00, 17422.38it/s, Materializing param=encoder.layer.5.intermediate.dense.weight]
Loading weights:  25%|██▌       | 98/391 [00:00<00:00, 17602.00it/s, Materializing param=encoder.layer.5.output.LayerNorm.bias]    
Loading weights:  25%|██▌       | 98/391 [00:00<00:00, 17602.00it/s, Materializing param=encoder.layer.5.output.LayerNorm.bias]
Loading weights:  25%|██▌       | 99/391 [00:00<00:00, 17781.61it/s, Materializing param=encoder.layer.5.output.LayerNorm.weight]
Loading weights:  25%|██▌       | 99/391 [00:00<00:00, 17781.61it/s, Materializing param=encoder.layer.5.output.LayerNorm.weight]
Loading weights:  26%|██▌       | 100/391 [00:00<00:00, 17961.22it/s, Materializing param=encoder.layer.5.output.dense.bias]     
Loading weights:  26%|██▌       | 100/391 [00:00<00:00, 17961.22it/s, Materializing param=encoder.layer.5.output.dense.bias]
Loading weights:  26%|██▌       | 101/391 [00:00<00:00, 18140.83it/s, Materializing param=encoder.layer.5.output.dense.weight]
Loading weights:  26%|██▌       | 101/391 [00:00<00:00, 18140.83it/s, Materializing param=encoder.layer.5.output.dense.weight]
Loading weights:  26%|██▌       | 102/391 [00:00<00:00, 18320.44it/s, Materializing param=encoder.layer.6.attention.output.LayerNorm.bias]
Loading weights:  26%|██▌       | 102/391 [00:00<00:00, 18320.44it/s, Materializing param=encoder.layer.6.attention.output.LayerNorm.bias]
Loading weights:  26%|██▋       | 103/391 [00:00<00:00, 15683.34it/s, Materializing param=encoder.layer.6.attention.output.LayerNorm.weight]
Loading weights:  26%|██▋       | 103/391 [00:00<00:00, 15683.34it/s, Materializing param=encoder.layer.6.attention.output.LayerNorm.weight]
Loading weights:  27%|██▋       | 104/391 [00:00<00:00, 15835.61it/s, Materializing param=encoder.layer.6.attention.output.dense.bias]      
Loading weights:  27%|██▋       | 104/391 [00:00<00:00, 15835.61it/s, Materializing param=encoder.layer.6.attention.output.dense.bias]
Loading weights:  27%|██▋       | 105/391 [00:00<00:00, 15987.87it/s, Materializing param=encoder.layer.6.attention.output.dense.weight]
Loading weights:  27%|██▋       | 105/391 [00:00<00:00, 15987.87it/s, Materializing param=encoder.layer.6.attention.output.dense.weight]
Loading weights:  27%|██▋       | 106/391 [00:00<00:00, 16140.14it/s, Materializing param=encoder.layer.6.attention.self.key.bias]      
Loading weights:  27%|██▋       | 106/391 [00:00<00:00, 16140.14it/s, Materializing param=encoder.layer.6.attention.self.key.bias]
Loading weights:  27%|██▋       | 107/391 [00:00<00:00, 16292.40it/s, Materializing param=encoder.layer.6.attention.self.key.weight]
Loading weights:  27%|██▋       | 107/391 [00:00<00:00, 16292.40it/s, Materializing param=encoder.layer.6.attention.self.key.weight]
Loading weights:  28%|██▊       | 108/391 [00:00<00:00, 16444.67it/s, Materializing param=encoder.layer.6.attention.self.query.bias]
Loading weights:  28%|██▊       | 108/391 [00:00<00:00, 16444.67it/s, Materializing param=encoder.layer.6.attention.self.query.bias]
Loading weights:  28%|██▊       | 109/391 [00:00<00:00, 16596.93it/s, Materializing param=encoder.layer.6.attention.self.query.weight]
Loading weights:  28%|██▊       | 109/391 [00:00<00:00, 16596.93it/s, Materializing param=encoder.layer.6.attention.self.query.weight]
Loading weights:  28%|██▊       | 110/391 [00:00<00:00, 16749.20it/s, Materializing param=encoder.layer.6.attention.self.value.bias]  
Loading weights:  28%|██▊       | 110/391 [00:00<00:00, 16749.20it/s, Materializing param=encoder.layer.6.attention.self.value.bias]
Loading weights:  28%|██▊       | 111/391 [00:00<00:00, 16901.46it/s, Materializing param=encoder.layer.6.attention.self.value.weight]
Loading weights:  28%|██▊       | 111/391 [00:00<00:00, 16901.46it/s, Materializing param=encoder.layer.6.attention.self.value.weight]
Loading weights:  29%|██▊       | 112/391 [00:00<00:00, 17053.73it/s, Materializing param=encoder.layer.6.intermediate.dense.bias]    
Loading weights:  29%|██▊       | 112/391 [00:00<00:00, 17053.73it/s, Materializing param=encoder.layer.6.intermediate.dense.bias]
Loading weights:  29%|██▉       | 113/391 [00:00<00:00, 17206.00it/s, Materializing param=encoder.layer.6.intermediate.dense.weight]
Loading weights:  29%|██▉       | 113/391 [00:00<00:00, 17206.00it/s, Materializing param=encoder.layer.6.intermediate.dense.weight]
Loading weights:  29%|██▉       | 114/391 [00:00<00:00, 17358.26it/s, Materializing param=encoder.layer.6.output.LayerNorm.bias]    
Loading weights:  29%|██▉       | 114/391 [00:00<00:00, 17358.26it/s, Materializing param=encoder.layer.6.output.LayerNorm.bias]
Loading weights:  29%|██▉       | 115/391 [00:00<00:00, 17510.53it/s, Materializing param=encoder.layer.6.output.LayerNorm.weight]
Loading weights:  29%|██▉       | 115/391 [00:00<00:00, 17510.53it/s, Materializing param=encoder.layer.6.output.LayerNorm.weight]
Loading weights:  30%|██▉       | 116/391 [00:00<00:00, 17662.79it/s, Materializing param=encoder.layer.6.output.dense.bias]      
Loading weights:  30%|██▉       | 116/391 [00:00<00:00, 17662.79it/s, Materializing param=encoder.layer.6.output.dense.bias]
Loading weights:  30%|██▉       | 117/391 [00:00<00:00, 17815.06it/s, Materializing param=encoder.layer.6.output.dense.weight]
Loading weights:  30%|██▉       | 117/391 [00:00<00:00, 17815.06it/s, Materializing param=encoder.layer.6.output.dense.weight]
Loading weights:  30%|███       | 118/391 [00:00<00:00, 17967.32it/s, Materializing param=encoder.layer.7.attention.output.LayerNorm.bias]
Loading weights:  30%|███       | 118/391 [00:00<00:00, 17967.32it/s, Materializing param=encoder.layer.7.attention.output.LayerNorm.bias]
Loading weights:  30%|███       | 119/391 [00:00<00:00, 18119.59it/s, Materializing param=encoder.layer.7.attention.output.LayerNorm.weight]
Loading weights:  30%|███       | 119/391 [00:00<00:00, 18119.59it/s, Materializing param=encoder.layer.7.attention.output.LayerNorm.weight]
Loading weights:  31%|███       | 120/391 [00:00<00:00, 18271.85it/s, Materializing param=encoder.layer.7.attention.output.dense.bias]      
Loading weights:  31%|███       | 120/391 [00:00<00:00, 18271.85it/s, Materializing param=encoder.layer.7.attention.output.dense.bias]
Loading weights:  31%|███       | 121/391 [00:00<00:00, 18424.12it/s, Materializing param=encoder.layer.7.attention.output.dense.weight]
Loading weights:  31%|███       | 121/391 [00:00<00:00, 18424.12it/s, Materializing param=encoder.layer.7.attention.output.dense.weight]
Loading weights:  31%|███       | 122/391 [00:00<00:00, 18576.38it/s, Materializing param=encoder.layer.7.attention.self.key.bias]      
Loading weights:  31%|███       | 122/391 [00:00<00:00, 18576.38it/s, Materializing param=encoder.layer.7.attention.self.key.bias]
Loading weights:  31%|███▏      | 123/391 [00:00<00:00, 16253.41it/s, Materializing param=encoder.layer.7.attention.self.key.weight]
Loading weights:  31%|███▏      | 123/391 [00:00<00:00, 16253.41it/s, Materializing param=encoder.layer.7.attention.self.key.weight]
Loading weights:  32%|███▏      | 124/391 [00:00<00:00, 16385.55it/s, Materializing param=encoder.layer.7.attention.self.query.bias]
Loading weights:  32%|███▏      | 124/391 [00:00<00:00, 16385.55it/s, Materializing param=encoder.layer.7.attention.self.query.bias]
Loading weights:  32%|███▏      | 125/391 [00:00<00:00, 16517.69it/s, Materializing param=encoder.layer.7.attention.self.query.weight]
Loading weights:  32%|███▏      | 125/391 [00:00<00:00, 16517.69it/s, Materializing param=encoder.layer.7.attention.self.query.weight]
Loading weights:  32%|███▏      | 126/391 [00:00<00:00, 16649.83it/s, Materializing param=encoder.layer.7.attention.self.value.bias]  
Loading weights:  32%|███▏      | 126/391 [00:00<00:00, 16649.83it/s, Materializing param=encoder.layer.7.attention.self.value.bias]
Loading weights:  32%|███▏      | 127/391 [00:00<00:00, 16781.97it/s, Materializing param=encoder.layer.7.attention.self.value.weight]
Loading weights:  32%|███▏      | 127/391 [00:00<00:00, 16781.97it/s, Materializing param=encoder.layer.7.attention.self.value.weight]
Loading weights:  33%|███▎      | 128/391 [00:00<00:00, 16914.11it/s, Materializing param=encoder.layer.7.intermediate.dense.bias]    
Loading weights:  33%|███▎      | 128/391 [00:00<00:00, 16914.11it/s, Materializing param=encoder.layer.7.intermediate.dense.bias]
Loading weights:  33%|███▎      | 129/391 [00:00<00:00, 17046.26it/s, Materializing param=encoder.layer.7.intermediate.dense.weight]
Loading weights:  33%|███▎      | 129/391 [00:00<00:00, 17046.26it/s, Materializing param=encoder.layer.7.intermediate.dense.weight]
Loading weights:  33%|███▎      | 130/391 [00:00<00:00, 17178.40it/s, Materializing param=encoder.layer.7.output.LayerNorm.bias]    
Loading weights:  33%|███▎      | 130/391 [00:00<00:00, 17178.40it/s, Materializing param=encoder.layer.7.output.LayerNorm.bias]
Loading weights:  34%|███▎      | 131/391 [00:00<00:00, 17310.54it/s, Materializing param=encoder.layer.7.output.LayerNorm.weight]
Loading weights:  34%|███▎      | 131/391 [00:00<00:00, 17310.54it/s, Materializing param=encoder.layer.7.output.LayerNorm.weight]
Loading weights:  34%|███▍      | 132/391 [00:00<00:00, 17442.68it/s, Materializing param=encoder.layer.7.output.dense.bias]      
Loading weights:  34%|███▍      | 132/391 [00:00<00:00, 17442.68it/s, Materializing param=encoder.layer.7.output.dense.bias]
Loading weights:  34%|███▍      | 133/391 [00:00<00:00, 17574.82it/s, Materializing param=encoder.layer.7.output.dense.weight]
Loading weights:  34%|███▍      | 133/391 [00:00<00:00, 17574.82it/s, Materializing param=encoder.layer.7.output.dense.weight]
Loading weights:  34%|███▍      | 134/391 [00:00<00:00, 17706.96it/s, Materializing param=encoder.layer.8.attention.output.LayerNorm.bias]
Loading weights:  34%|███▍      | 134/391 [00:00<00:00, 17706.96it/s, Materializing param=encoder.layer.8.attention.output.LayerNorm.bias]
Loading weights:  35%|███▍      | 135/391 [00:00<00:00, 17839.11it/s, Materializing param=encoder.layer.8.attention.output.LayerNorm.weight]
Loading weights:  35%|███▍      | 135/391 [00:00<00:00, 17839.11it/s, Materializing param=encoder.layer.8.attention.output.LayerNorm.weight]
Loading weights:  35%|███▍      | 136/391 [00:00<00:00, 17971.25it/s, Materializing param=encoder.layer.8.attention.output.dense.bias]      
Loading weights:  35%|███▍      | 136/391 [00:00<00:00, 17971.25it/s, Materializing param=encoder.layer.8.attention.output.dense.bias]
Loading weights:  35%|███▌      | 137/391 [00:00<00:00, 18103.39it/s, Materializing param=encoder.layer.8.attention.output.dense.weight]
Loading weights:  35%|███▌      | 137/391 [00:00<00:00, 18103.39it/s, Materializing param=encoder.layer.8.attention.output.dense.weight]
Loading weights:  35%|███▌      | 138/391 [00:00<00:00, 18235.53it/s, Materializing param=encoder.layer.8.attention.self.key.bias]      
Loading weights:  35%|███▌      | 138/391 [00:00<00:00, 18235.53it/s, Materializing param=encoder.layer.8.attention.self.key.bias]
Loading weights:  36%|███▌      | 139/391 [00:00<00:00, 18367.67it/s, Materializing param=encoder.layer.8.attention.self.key.weight]
Loading weights:  36%|███▌      | 139/391 [00:00<00:00, 18367.67it/s, Materializing param=encoder.layer.8.attention.self.key.weight]
Loading weights:  36%|███▌      | 140/391 [00:00<00:00, 18499.81it/s, Materializing param=encoder.layer.8.attention.self.query.bias]
Loading weights:  36%|███▌      | 140/391 [00:00<00:00, 18499.81it/s, Materializing param=encoder.layer.8.attention.self.query.bias]
Loading weights:  36%|███▌      | 141/391 [00:00<00:00, 18631.95it/s, Materializing param=encoder.layer.8.attention.self.query.weight]
Loading weights:  36%|███▌      | 141/391 [00:00<00:00, 18631.95it/s, Materializing param=encoder.layer.8.attention.self.query.weight]
Loading weights:  36%|███▋      | 142/391 [00:00<00:00, 18764.10it/s, Materializing param=encoder.layer.8.attention.self.value.bias]  
Loading weights:  36%|███▋      | 142/391 [00:00<00:00, 18764.10it/s, Materializing param=encoder.layer.8.attention.self.value.bias]
Loading weights:  37%|███▋      | 143/391 [00:00<00:00, 18896.24it/s, Materializing param=encoder.layer.8.attention.self.value.weight]
Loading weights:  37%|███▋      | 143/391 [00:00<00:00, 18896.24it/s, Materializing param=encoder.layer.8.attention.self.value.weight]
Loading weights:  37%|███▋      | 144/391 [00:00<00:00, 16801.95it/s, Materializing param=encoder.layer.8.intermediate.dense.bias]    
Loading weights:  37%|███▋      | 144/391 [00:00<00:00, 16801.95it/s, Materializing param=encoder.layer.8.intermediate.dense.bias]
Loading weights:  37%|███▋      | 145/391 [00:00<00:00, 16918.63it/s, Materializing param=encoder.layer.8.intermediate.dense.weight]
Loading weights:  37%|███▋      | 145/391 [00:00<00:00, 16918.63it/s, Materializing param=encoder.layer.8.intermediate.dense.weight]
Loading weights:  37%|███▋      | 146/391 [00:00<00:00, 17035.31it/s, Materializing param=encoder.layer.8.output.LayerNorm.bias]    
Loading weights:  37%|███▋      | 146/391 [00:00<00:00, 17035.31it/s, Materializing param=encoder.layer.8.output.LayerNorm.bias]
Loading weights:  38%|███▊      | 147/391 [00:00<00:00, 17151.99it/s, Materializing param=encoder.layer.8.output.LayerNorm.weight]
Loading weights:  38%|███▊      | 147/391 [00:00<00:00, 17151.99it/s, Materializing param=encoder.layer.8.output.LayerNorm.weight]
Loading weights:  38%|███▊      | 148/391 [00:00<00:00, 17268.67it/s, Materializing param=encoder.layer.8.output.dense.bias]      
Loading weights:  38%|███▊      | 148/391 [00:00<00:00, 17268.67it/s, Materializing param=encoder.layer.8.output.dense.bias]
Loading weights:  38%|███▊      | 149/391 [00:00<00:00, 17385.35it/s, Materializing param=encoder.layer.8.output.dense.weight]
Loading weights:  38%|███▊      | 149/391 [00:00<00:00, 17385.35it/s, Materializing param=encoder.layer.8.output.dense.weight]
Loading weights:  38%|███▊      | 150/391 [00:00<00:00, 17502.03it/s, Materializing param=encoder.layer.9.attention.output.LayerNorm.bias]
Loading weights:  38%|███▊      | 150/391 [00:00<00:00, 17502.03it/s, Materializing param=encoder.layer.9.attention.output.LayerNorm.bias]
Loading weights:  39%|███▊      | 151/391 [00:00<00:00, 16641.00it/s, Materializing param=encoder.layer.9.attention.output.LayerNorm.weight]
Loading weights:  39%|███▊      | 151/391 [00:00<00:00, 16641.00it/s, Materializing param=encoder.layer.9.attention.output.LayerNorm.weight]
Loading weights:  39%|███▉      | 152/391 [00:00<00:00, 16751.21it/s, Materializing param=encoder.layer.9.attention.output.dense.bias]      
Loading weights:  39%|███▉      | 152/391 [00:00<00:00, 16751.21it/s, Materializing param=encoder.layer.9.attention.output.dense.bias]
Loading weights:  39%|███▉      | 153/391 [00:00<00:00, 16861.41it/s, Materializing param=encoder.layer.9.attention.output.dense.weight]
Loading weights:  39%|███▉      | 153/391 [00:00<00:00, 16861.41it/s, Materializing param=encoder.layer.9.attention.output.dense.weight]
Loading weights:  39%|███▉      | 154/391 [00:00<00:00, 16971.62it/s, Materializing param=encoder.layer.9.attention.self.key.bias]      
Loading weights:  39%|███▉      | 154/391 [00:00<00:00, 16971.62it/s, Materializing param=encoder.layer.9.attention.self.key.bias]
Loading weights:  40%|███▉      | 155/391 [00:00<00:00, 17081.82it/s, Materializing param=encoder.layer.9.attention.self.key.weight]
Loading weights:  40%|███▉      | 155/391 [00:00<00:00, 17081.82it/s, Materializing param=encoder.layer.9.attention.self.key.weight]
Loading weights:  40%|███▉      | 156/391 [00:00<00:00, 17192.03it/s, Materializing param=encoder.layer.9.attention.self.query.bias]
Loading weights:  40%|███▉      | 156/391 [00:00<00:00, 17192.03it/s, Materializing param=encoder.layer.9.attention.self.query.bias]
Loading weights:  40%|████      | 157/391 [00:00<00:00, 17302.23it/s, Materializing param=encoder.layer.9.attention.self.query.weight]
Loading weights:  40%|████      | 157/391 [00:00<00:00, 17302.23it/s, Materializing param=encoder.layer.9.attention.self.query.weight]
Loading weights:  40%|████      | 158/391 [00:00<00:00, 17412.44it/s, Materializing param=encoder.layer.9.attention.self.value.bias]  
Loading weights:  40%|████      | 158/391 [00:00<00:00, 17412.44it/s, Materializing param=encoder.layer.9.attention.self.value.bias]
Loading weights:  41%|████      | 159/391 [00:00<00:00, 17522.64it/s, Materializing param=encoder.layer.9.attention.self.value.weight]
Loading weights:  41%|████      | 159/391 [00:00<00:00, 17522.64it/s, Materializing param=encoder.layer.9.attention.self.value.weight]
Loading weights:  41%|████      | 160/391 [00:00<00:00, 17632.85it/s, Materializing param=encoder.layer.9.intermediate.dense.bias]    
Loading weights:  41%|████      | 160/391 [00:00<00:00, 17632.85it/s, Materializing param=encoder.layer.9.intermediate.dense.bias]
Loading weights:  41%|████      | 161/391 [00:00<00:00, 17743.06it/s, Materializing param=encoder.layer.9.intermediate.dense.weight]
Loading weights:  41%|████      | 161/391 [00:00<00:00, 17743.06it/s, Materializing param=encoder.layer.9.intermediate.dense.weight]
Loading weights:  41%|████▏     | 162/391 [00:00<00:00, 17853.26it/s, Materializing param=encoder.layer.9.output.LayerNorm.bias]    
Loading weights:  41%|████▏     | 162/391 [00:00<00:00, 17853.26it/s, Materializing param=encoder.layer.9.output.LayerNorm.bias]
Loading weights:  42%|████▏     | 163/391 [00:00<00:00, 17963.47it/s, Materializing param=encoder.layer.9.output.LayerNorm.weight]
Loading weights:  42%|████▏     | 163/391 [00:00<00:00, 17963.47it/s, Materializing param=encoder.layer.9.output.LayerNorm.weight]
Loading weights:  42%|████▏     | 164/391 [00:00<00:00, 18073.67it/s, Materializing param=encoder.layer.9.output.dense.bias]      
Loading weights:  42%|████▏     | 164/391 [00:00<00:00, 18073.67it/s, Materializing param=encoder.layer.9.output.dense.bias]
Loading weights:  42%|████▏     | 165/391 [00:00<00:00, 18183.88it/s, Materializing param=encoder.layer.9.output.dense.weight]
Loading weights:  42%|████▏     | 165/391 [00:00<00:00, 18183.88it/s, Materializing param=encoder.layer.9.output.dense.weight]
Loading weights:  42%|████▏     | 166/391 [00:00<00:00, 18294.08it/s, Materializing param=encoder.layer.10.attention.output.LayerNorm.bias]
Loading weights:  42%|████▏     | 166/391 [00:00<00:00, 18294.08it/s, Materializing param=encoder.layer.10.attention.output.LayerNorm.bias]
Loading weights:  43%|████▎     | 167/391 [00:00<00:00, 18404.29it/s, Materializing param=encoder.layer.10.attention.output.LayerNorm.weight]
Loading weights:  43%|████▎     | 167/391 [00:00<00:00, 18404.29it/s, Materializing param=encoder.layer.10.attention.output.LayerNorm.weight]
Loading weights:  43%|████▎     | 168/391 [00:00<00:00, 18514.49it/s, Materializing param=encoder.layer.10.attention.output.dense.bias]      
Loading weights:  43%|████▎     | 168/391 [00:00<00:00, 18514.49it/s, Materializing param=encoder.layer.10.attention.output.dense.bias]
Loading weights:  43%|████▎     | 169/391 [00:00<00:00, 18624.70it/s, Materializing param=encoder.layer.10.attention.output.dense.weight]
Loading weights:  43%|████▎     | 169/391 [00:00<00:00, 18624.70it/s, Materializing param=encoder.layer.10.attention.output.dense.weight]
Loading weights:  43%|████▎     | 170/391 [00:00<00:00, 18734.90it/s, Materializing param=encoder.layer.10.attention.self.key.bias]      
Loading weights:  43%|████▎     | 170/391 [00:00<00:00, 18734.90it/s, Materializing param=encoder.layer.10.attention.self.key.bias]
Loading weights:  44%|████▎     | 171/391 [00:00<00:00, 18845.11it/s, Materializing param=encoder.layer.10.attention.self.key.weight]
Loading weights:  44%|████▎     | 171/391 [00:00<00:00, 16960.11it/s, Materializing param=encoder.layer.10.attention.self.key.weight]
Loading weights:  44%|████▍     | 172/391 [00:00<00:00, 17059.29it/s, Materializing param=encoder.layer.10.attention.self.query.bias]
Loading weights:  44%|████▍     | 172/391 [00:00<00:00, 17059.29it/s, Materializing param=encoder.layer.10.attention.self.query.bias]
Loading weights:  44%|████▍     | 173/391 [00:00<00:00, 17158.47it/s, Materializing param=encoder.layer.10.attention.self.query.weight]
Loading weights:  44%|████▍     | 173/391 [00:00<00:00, 17158.47it/s, Materializing param=encoder.layer.10.attention.self.query.weight]
Loading weights:  45%|████▍     | 174/391 [00:00<00:00, 17257.65it/s, Materializing param=encoder.layer.10.attention.self.value.bias]  
Loading weights:  45%|████▍     | 174/391 [00:00<00:00, 17257.65it/s, Materializing param=encoder.layer.10.attention.self.value.bias]
Loading weights:  45%|████▍     | 175/391 [00:00<00:00, 17356.84it/s, Materializing param=encoder.layer.10.attention.self.value.weight]
Loading weights:  45%|████▍     | 175/391 [00:00<00:00, 17356.84it/s, Materializing param=encoder.layer.10.attention.self.value.weight]
Loading weights:  45%|████▌     | 176/391 [00:00<00:00, 17456.02it/s, Materializing param=encoder.layer.10.intermediate.dense.bias]    
Loading weights:  45%|████▌     | 176/391 [00:00<00:00, 17456.02it/s, Materializing param=encoder.layer.10.intermediate.dense.bias]
Loading weights:  45%|████▌     | 177/391 [00:00<00:00, 17555.20it/s, Materializing param=encoder.layer.10.intermediate.dense.weight]
Loading weights:  45%|████▌     | 177/391 [00:00<00:00, 17555.20it/s, Materializing param=encoder.layer.10.intermediate.dense.weight]
Loading weights:  46%|████▌     | 178/391 [00:00<00:00, 17654.38it/s, Materializing param=encoder.layer.10.output.LayerNorm.bias]    
Loading weights:  46%|████▌     | 178/391 [00:00<00:00, 17654.38it/s, Materializing param=encoder.layer.10.output.LayerNorm.bias]
Loading weights:  46%|████▌     | 179/391 [00:00<00:00, 17753.56it/s, Materializing param=encoder.layer.10.output.LayerNorm.weight]
Loading weights:  46%|████▌     | 179/391 [00:00<00:00, 17753.56it/s, Materializing param=encoder.layer.10.output.LayerNorm.weight]
Loading weights:  46%|████▌     | 180/391 [00:00<00:00, 17852.74it/s, Materializing param=encoder.layer.10.output.dense.bias]      
Loading weights:  46%|████▌     | 180/391 [00:00<00:00, 17852.74it/s, Materializing param=encoder.layer.10.output.dense.bias]
Loading weights:  46%|████▋     | 181/391 [00:00<00:00, 17951.93it/s, Materializing param=encoder.layer.10.output.dense.weight]
Loading weights:  46%|████▋     | 181/391 [00:00<00:00, 17951.93it/s, Materializing param=encoder.layer.10.output.dense.weight]
Loading weights:  47%|████▋     | 182/391 [00:00<00:00, 18051.11it/s, Materializing param=encoder.layer.11.attention.output.LayerNorm.bias]
Loading weights:  47%|████▋     | 182/391 [00:00<00:00, 18051.11it/s, Materializing param=encoder.layer.11.attention.output.LayerNorm.bias]
Loading weights:  47%|████▋     | 183/391 [00:00<00:00, 18150.29it/s, Materializing param=encoder.layer.11.attention.output.LayerNorm.weight]
Loading weights:  47%|████▋     | 183/391 [00:00<00:00, 18150.29it/s, Materializing param=encoder.layer.11.attention.output.LayerNorm.weight]
Loading weights:  47%|████▋     | 184/391 [00:00<00:00, 18249.47it/s, Materializing param=encoder.layer.11.attention.output.dense.bias]      
Loading weights:  47%|████▋     | 184/391 [00:00<00:00, 18249.47it/s, Materializing param=encoder.layer.11.attention.output.dense.bias]
Loading weights:  47%|████▋     | 185/391 [00:00<00:00, 18348.65it/s, Materializing param=encoder.layer.11.attention.output.dense.weight]
Loading weights:  47%|████▋     | 185/391 [00:00<00:00, 18348.65it/s, Materializing param=encoder.layer.11.attention.output.dense.weight]
Loading weights:  48%|████▊     | 186/391 [00:00<00:00, 18447.84it/s, Materializing param=encoder.layer.11.attention.self.key.bias]      
Loading weights:  48%|████▊     | 186/391 [00:00<00:00, 18447.84it/s, Materializing param=encoder.layer.11.attention.self.key.bias]
Loading weights:  48%|████▊     | 187/391 [00:00<00:00, 18547.02it/s, Materializing param=encoder.layer.11.attention.self.key.weight]
Loading weights:  48%|████▊     | 187/391 [00:00<00:00, 18547.02it/s, Materializing param=encoder.layer.11.attention.self.key.weight]
Loading weights:  48%|████▊     | 188/391 [00:00<00:00, 18646.20it/s, Materializing param=encoder.layer.11.attention.self.query.bias]
Loading weights:  48%|████▊     | 188/391 [00:00<00:00, 18646.20it/s, Materializing param=encoder.layer.11.attention.self.query.bias]
Loading weights:  48%|████▊     | 189/391 [00:00<00:00, 18745.38it/s, Materializing param=encoder.layer.11.attention.self.query.weight]
Loading weights:  48%|████▊     | 189/391 [00:00<00:00, 18745.38it/s, Materializing param=encoder.layer.11.attention.self.query.weight]
Loading weights:  49%|████▊     | 190/391 [00:00<00:00, 18844.56it/s, Materializing param=encoder.layer.11.attention.self.value.bias]  
Loading weights:  49%|████▊     | 190/391 [00:00<00:00, 18844.56it/s, Materializing param=encoder.layer.11.attention.self.value.bias]
Loading weights:  49%|████▉     | 191/391 [00:00<00:00, 18943.75it/s, Materializing param=encoder.layer.11.attention.self.value.weight]
Loading weights:  49%|████▉     | 191/391 [00:00<00:00, 18943.75it/s, Materializing param=encoder.layer.11.attention.self.value.weight]
Loading weights:  49%|████▉     | 192/391 [00:00<00:00, 19042.93it/s, Materializing param=encoder.layer.11.intermediate.dense.bias]    
Loading weights:  49%|████▉     | 192/391 [00:00<00:00, 19042.93it/s, Materializing param=encoder.layer.11.intermediate.dense.bias]
Loading weights:  49%|████▉     | 193/391 [00:00<00:00, 19142.11it/s, Materializing param=encoder.layer.11.intermediate.dense.weight]
Loading weights:  49%|████▉     | 193/391 [00:00<00:00, 19142.11it/s, Materializing param=encoder.layer.11.intermediate.dense.weight]
Loading weights:  50%|████▉     | 194/391 [00:00<00:00, 19241.29it/s, Materializing param=encoder.layer.11.output.LayerNorm.bias]    
Loading weights:  50%|████▉     | 194/391 [00:00<00:00, 19241.29it/s, Materializing param=encoder.layer.11.output.LayerNorm.bias]
Loading weights:  50%|████▉     | 195/391 [00:00<00:00, 19340.47it/s, Materializing param=encoder.layer.11.output.LayerNorm.weight]
Loading weights:  50%|████▉     | 195/391 [00:00<00:00, 19340.47it/s, Materializing param=encoder.layer.11.output.LayerNorm.weight]
Loading weights:  50%|█████     | 196/391 [00:00<00:00, 19439.66it/s, Materializing param=encoder.layer.11.output.dense.bias]      
Loading weights:  50%|█████     | 196/391 [00:00<00:00, 19439.66it/s, Materializing param=encoder.layer.11.output.dense.bias]
Loading weights:  50%|█████     | 197/391 [00:00<00:00, 19538.84it/s, Materializing param=encoder.layer.11.output.dense.weight]
Loading weights:  50%|█████     | 197/391 [00:00<00:00, 19538.84it/s, Materializing param=encoder.layer.11.output.dense.weight]
Loading weights:  51%|█████     | 198/391 [00:00<00:00, 19638.02it/s, Materializing param=encoder.layer.12.attention.output.LayerNorm.bias]
Loading weights:  51%|█████     | 198/391 [00:00<00:00, 19638.02it/s, Materializing param=encoder.layer.12.attention.output.LayerNorm.bias]
Loading weights:  51%|█████     | 199/391 [00:00<00:00, 19737.20it/s, Materializing param=encoder.layer.12.attention.output.LayerNorm.weight]
Loading weights:  51%|█████     | 199/391 [00:00<00:00, 19737.20it/s, Materializing param=encoder.layer.12.attention.output.LayerNorm.weight]
Loading weights:  51%|█████     | 200/391 [00:00<00:00, 19836.38it/s, Materializing param=encoder.layer.12.attention.output.dense.bias]      
Loading weights:  51%|█████     | 200/391 [00:00<00:00, 19836.38it/s, Materializing param=encoder.layer.12.attention.output.dense.bias]
Loading weights:  51%|█████▏    | 201/391 [00:00<00:00, 19935.56it/s, Materializing param=encoder.layer.12.attention.output.dense.weight]
Loading weights:  51%|█████▏    | 201/391 [00:00<00:00, 19935.56it/s, Materializing param=encoder.layer.12.attention.output.dense.weight]
Loading weights:  52%|█████▏    | 202/391 [00:00<00:00, 20034.75it/s, Materializing param=encoder.layer.12.attention.self.key.bias]      
Loading weights:  52%|█████▏    | 202/391 [00:00<00:00, 20034.75it/s, Materializing param=encoder.layer.12.attention.self.key.bias]
Loading weights:  52%|█████▏    | 203/391 [00:00<00:00, 20133.93it/s, Materializing param=encoder.layer.12.attention.self.key.weight]
Loading weights:  52%|█████▏    | 203/391 [00:00<00:00, 20133.93it/s, Materializing param=encoder.layer.12.attention.self.key.weight]
Loading weights:  52%|█████▏    | 204/391 [00:00<00:00, 20233.11it/s, Materializing param=encoder.layer.12.attention.self.query.bias]
Loading weights:  52%|█████▏    | 204/391 [00:00<00:00, 20233.11it/s, Materializing param=encoder.layer.12.attention.self.query.bias]
Loading weights:  52%|█████▏    | 205/391 [00:00<00:00, 20332.29it/s, Materializing param=encoder.layer.12.attention.self.query.weight]
Loading weights:  52%|█████▏    | 205/391 [00:00<00:00, 20332.29it/s, Materializing param=encoder.layer.12.attention.self.query.weight]
Loading weights:  53%|█████▎    | 206/391 [00:00<00:00, 20431.47it/s, Materializing param=encoder.layer.12.attention.self.value.bias]  
Loading weights:  53%|█████▎    | 206/391 [00:00<00:00, 20431.47it/s, Materializing param=encoder.layer.12.attention.self.value.bias]
Loading weights:  53%|█████▎    | 207/391 [00:00<00:00, 20530.66it/s, Materializing param=encoder.layer.12.attention.self.value.weight]
Loading weights:  53%|█████▎    | 207/391 [00:00<00:00, 20530.66it/s, Materializing param=encoder.layer.12.attention.self.value.weight]
Loading weights:  53%|█████▎    | 208/391 [00:00<00:00, 20629.84it/s, Materializing param=encoder.layer.12.intermediate.dense.bias]    
Loading weights:  53%|█████▎    | 208/391 [00:00<00:00, 20629.84it/s, Materializing param=encoder.layer.12.intermediate.dense.bias]
Loading weights:  53%|█████▎    | 209/391 [00:00<00:00, 20729.02it/s, Materializing param=encoder.layer.12.intermediate.dense.weight]
Loading weights:  53%|█████▎    | 209/391 [00:00<00:00, 20729.02it/s, Materializing param=encoder.layer.12.intermediate.dense.weight]
Loading weights:  54%|█████▎    | 210/391 [00:00<00:00, 20828.20it/s, Materializing param=encoder.layer.12.output.LayerNorm.bias]    
Loading weights:  54%|█████▎    | 210/391 [00:00<00:00, 20828.20it/s, Materializing param=encoder.layer.12.output.LayerNorm.bias]
Loading weights:  54%|█████▍    | 211/391 [00:00<00:00, 20927.38it/s, Materializing param=encoder.layer.12.output.LayerNorm.weight]
Loading weights:  54%|█████▍    | 211/391 [00:00<00:00, 20927.38it/s, Materializing param=encoder.layer.12.output.LayerNorm.weight]
Loading weights:  54%|█████▍    | 212/391 [00:00<00:00, 21026.57it/s, Materializing param=encoder.layer.12.output.dense.bias]      
Loading weights:  54%|█████▍    | 212/391 [00:00<00:00, 21026.57it/s, Materializing param=encoder.layer.12.output.dense.bias]
Loading weights:  54%|█████▍    | 213/391 [00:00<00:00, 21125.75it/s, Materializing param=encoder.layer.12.output.dense.weight]
Loading weights:  54%|█████▍    | 213/391 [00:00<00:00, 21125.75it/s, Materializing param=encoder.layer.12.output.dense.weight]
Loading weights:  55%|█████▍    | 214/391 [00:00<00:00, 21224.93it/s, Materializing param=encoder.layer.13.attention.output.LayerNorm.bias]
Loading weights:  55%|█████▍    | 214/391 [00:00<00:00, 21224.93it/s, Materializing param=encoder.layer.13.attention.output.LayerNorm.bias]
Loading weights:  55%|█████▍    | 215/391 [00:00<00:00, 21324.11it/s, Materializing param=encoder.layer.13.attention.output.LayerNorm.weight]
Loading weights:  55%|█████▍    | 215/391 [00:00<00:00, 21324.11it/s, Materializing param=encoder.layer.13.attention.output.LayerNorm.weight]
Loading weights:  55%|█████▌    | 216/391 [00:00<00:00, 21423.29it/s, Materializing param=encoder.layer.13.attention.output.dense.bias]      
Loading weights:  55%|█████▌    | 216/391 [00:00<00:00, 21423.29it/s, Materializing param=encoder.layer.13.attention.output.dense.bias]
Loading weights:  55%|█████▌    | 217/391 [00:00<00:00, 21522.48it/s, Materializing param=encoder.layer.13.attention.output.dense.weight]
Loading weights:  55%|█████▌    | 217/391 [00:00<00:00, 17663.83it/s, Materializing param=encoder.layer.13.attention.output.dense.weight]
Loading weights:  56%|█████▌    | 218/391 [00:00<00:00, 17745.23it/s, Materializing param=encoder.layer.13.attention.self.key.bias]      
Loading weights:  56%|█████▌    | 218/391 [00:00<00:00, 17745.23it/s, Materializing param=encoder.layer.13.attention.self.key.bias]
Loading weights:  56%|█████▌    | 219/391 [00:00<00:00, 17826.63it/s, Materializing param=encoder.layer.13.attention.self.key.weight]
Loading weights:  56%|█████▌    | 219/391 [00:00<00:00, 17826.63it/s, Materializing param=encoder.layer.13.attention.self.key.weight]
Loading weights:  56%|█████▋    | 220/391 [00:00<00:00, 17908.03it/s, Materializing param=encoder.layer.13.attention.self.query.bias]
Loading weights:  56%|█████▋    | 220/391 [00:00<00:00, 17908.03it/s, Materializing param=encoder.layer.13.attention.self.query.bias]
Loading weights:  57%|█████▋    | 221/391 [00:00<00:00, 17989.43it/s, Materializing param=encoder.layer.13.attention.self.query.weight]
Loading weights:  57%|█████▋    | 221/391 [00:00<00:00, 17989.43it/s, Materializing param=encoder.layer.13.attention.self.query.weight]
Loading weights:  57%|█████▋    | 222/391 [00:00<00:00, 18070.83it/s, Materializing param=encoder.layer.13.attention.self.value.bias]  
Loading weights:  57%|█████▋    | 222/391 [00:00<00:00, 18070.83it/s, Materializing param=encoder.layer.13.attention.self.value.bias]
Loading weights:  57%|█████▋    | 223/391 [00:00<00:00, 18152.23it/s, Materializing param=encoder.layer.13.attention.self.value.weight]
Loading weights:  57%|█████▋    | 223/391 [00:00<00:00, 18152.23it/s, Materializing param=encoder.layer.13.attention.self.value.weight]
Loading weights:  57%|█████▋    | 224/391 [00:00<00:00, 17767.77it/s, Materializing param=encoder.layer.13.intermediate.dense.bias]    
Loading weights:  57%|█████▋    | 224/391 [00:00<00:00, 17767.77it/s, Materializing param=encoder.layer.13.intermediate.dense.bias]
Loading weights:  58%|█████▊    | 225/391 [00:00<00:00, 17847.09it/s, Materializing param=encoder.layer.13.intermediate.dense.weight]
Loading weights:  58%|█████▊    | 225/391 [00:00<00:00, 17847.09it/s, Materializing param=encoder.layer.13.intermediate.dense.weight]
Loading weights:  58%|█████▊    | 226/391 [00:00<00:00, 17926.41it/s, Materializing param=encoder.layer.13.output.LayerNorm.bias]    
Loading weights:  58%|█████▊    | 226/391 [00:00<00:00, 17926.41it/s, Materializing param=encoder.layer.13.output.LayerNorm.bias]
Loading weights:  58%|█████▊    | 227/391 [00:00<00:00, 18005.73it/s, Materializing param=encoder.layer.13.output.LayerNorm.weight]
Loading weights:  58%|█████▊    | 227/391 [00:00<00:00, 18005.73it/s, Materializing param=encoder.layer.13.output.LayerNorm.weight]
Loading weights:  58%|█████▊    | 228/391 [00:00<00:00, 18085.05it/s, Materializing param=encoder.layer.13.output.dense.bias]      
Loading weights:  58%|█████▊    | 228/391 [00:00<00:00, 18085.05it/s, Materializing param=encoder.layer.13.output.dense.bias]
Loading weights:  59%|█████▊    | 229/391 [00:00<00:00, 18164.37it/s, Materializing param=encoder.layer.13.output.dense.weight]
Loading weights:  59%|█████▊    | 229/391 [00:00<00:00, 18164.37it/s, Materializing param=encoder.layer.13.output.dense.weight]
Loading weights:  59%|█████▉    | 230/391 [00:00<00:00, 18243.69it/s, Materializing param=encoder.layer.14.attention.output.LayerNorm.bias]
Loading weights:  59%|█████▉    | 230/391 [00:00<00:00, 18243.69it/s, Materializing param=encoder.layer.14.attention.output.LayerNorm.bias]
Loading weights:  59%|█████▉    | 231/391 [00:00<00:00, 18323.01it/s, Materializing param=encoder.layer.14.attention.output.LayerNorm.weight]
Loading weights:  59%|█████▉    | 231/391 [00:00<00:00, 18323.01it/s, Materializing param=encoder.layer.14.attention.output.LayerNorm.weight]
Loading weights:  59%|█████▉    | 232/391 [00:00<00:00, 18402.33it/s, Materializing param=encoder.layer.14.attention.output.dense.bias]      
Loading weights:  59%|█████▉    | 232/391 [00:00<00:00, 17695.88it/s, Materializing param=encoder.layer.14.attention.output.dense.bias]
Loading weights:  60%|█████▉    | 233/391 [00:00<00:00, 17772.15it/s, Materializing param=encoder.layer.14.attention.output.dense.weight]
Loading weights:  60%|█████▉    | 233/391 [00:00<00:00, 17772.15it/s, Materializing param=encoder.layer.14.attention.output.dense.weight]
Loading weights:  60%|█████▉    | 234/391 [00:00<00:00, 17848.43it/s, Materializing param=encoder.layer.14.attention.self.key.bias]      
Loading weights:  60%|█████▉    | 234/391 [00:00<00:00, 17848.43it/s, Materializing param=encoder.layer.14.attention.self.key.bias]
Loading weights:  60%|██████    | 235/391 [00:00<00:00, 17924.70it/s, Materializing param=encoder.layer.14.attention.self.key.weight]
Loading weights:  60%|██████    | 235/391 [00:00<00:00, 17924.70it/s, Materializing param=encoder.layer.14.attention.self.key.weight]
Loading weights:  60%|██████    | 236/391 [00:00<00:00, 18000.98it/s, Materializing param=encoder.layer.14.attention.self.query.bias]
Loading weights:  60%|██████    | 236/391 [00:00<00:00, 18000.98it/s, Materializing param=encoder.layer.14.attention.self.query.bias]
Loading weights:  61%|██████    | 237/391 [00:00<00:00, 18077.25it/s, Materializing param=encoder.layer.14.attention.self.query.weight]
Loading weights:  61%|██████    | 237/391 [00:00<00:00, 18077.25it/s, Materializing param=encoder.layer.14.attention.self.query.weight]
Loading weights:  61%|██████    | 238/391 [00:00<00:00, 18153.53it/s, Materializing param=encoder.layer.14.attention.self.value.bias]  
Loading weights:  61%|██████    | 238/391 [00:00<00:00, 18153.53it/s, Materializing param=encoder.layer.14.attention.self.value.bias]
Loading weights:  61%|██████    | 239/391 [00:00<00:00, 18229.80it/s, Materializing param=encoder.layer.14.attention.self.value.weight]
Loading weights:  61%|██████    | 239/391 [00:00<00:00, 18229.80it/s, Materializing param=encoder.layer.14.attention.self.value.weight]
Loading weights:  61%|██████▏   | 240/391 [00:00<00:00, 18306.08it/s, Materializing param=encoder.layer.14.intermediate.dense.bias]    
Loading weights:  61%|██████▏   | 240/391 [00:00<00:00, 18306.08it/s, Materializing param=encoder.layer.14.intermediate.dense.bias]
Loading weights:  62%|██████▏   | 241/391 [00:00<00:00, 18382.35it/s, Materializing param=encoder.layer.14.intermediate.dense.weight]
Loading weights:  62%|██████▏   | 241/391 [00:00<00:00, 18382.35it/s, Materializing param=encoder.layer.14.intermediate.dense.weight]
Loading weights:  62%|██████▏   | 242/391 [00:00<00:00, 18458.63it/s, Materializing param=encoder.layer.14.output.LayerNorm.bias]    
Loading weights:  62%|██████▏   | 242/391 [00:00<00:00, 18458.63it/s, Materializing param=encoder.layer.14.output.LayerNorm.bias]
Loading weights:  62%|██████▏   | 243/391 [00:00<00:00, 18534.90it/s, Materializing param=encoder.layer.14.output.LayerNorm.weight]
Loading weights:  62%|██████▏   | 243/391 [00:00<00:00, 18534.90it/s, Materializing param=encoder.layer.14.output.LayerNorm.weight]
Loading weights:  62%|██████▏   | 244/391 [00:00<00:00, 18611.18it/s, Materializing param=encoder.layer.14.output.dense.bias]      
Loading weights:  62%|██████▏   | 244/391 [00:00<00:00, 18611.18it/s, Materializing param=encoder.layer.14.output.dense.bias]
Loading weights:  63%|██████▎   | 245/391 [00:00<00:00, 18687.46it/s, Materializing param=encoder.layer.14.output.dense.weight]
Loading weights:  63%|██████▎   | 245/391 [00:00<00:00, 18687.46it/s, Materializing param=encoder.layer.14.output.dense.weight]
Loading weights:  63%|██████▎   | 246/391 [00:00<00:00, 18763.73it/s, Materializing param=encoder.layer.15.attention.output.LayerNorm.bias]
Loading weights:  63%|██████▎   | 246/391 [00:00<00:00, 18763.73it/s, Materializing param=encoder.layer.15.attention.output.LayerNorm.bias]
Loading weights:  63%|██████▎   | 247/391 [00:00<00:00, 18840.01it/s, Materializing param=encoder.layer.15.attention.output.LayerNorm.weight]
Loading weights:  63%|██████▎   | 247/391 [00:00<00:00, 18840.01it/s, Materializing param=encoder.layer.15.attention.output.LayerNorm.weight]
Loading weights:  63%|██████▎   | 248/391 [00:00<00:00, 18916.28it/s, Materializing param=encoder.layer.15.attention.output.dense.bias]      
Loading weights:  63%|██████▎   | 248/391 [00:00<00:00, 18916.28it/s, Materializing param=encoder.layer.15.attention.output.dense.bias]
Loading weights:  64%|██████▎   | 249/391 [00:00<00:00, 18992.56it/s, Materializing param=encoder.layer.15.attention.output.dense.weight]
Loading weights:  64%|██████▎   | 249/391 [00:00<00:00, 18992.56it/s, Materializing param=encoder.layer.15.attention.output.dense.weight]
Loading weights:  64%|██████▍   | 250/391 [00:00<00:00, 19068.83it/s, Materializing param=encoder.layer.15.attention.self.key.bias]      
Loading weights:  64%|██████▍   | 250/391 [00:00<00:00, 19068.83it/s, Materializing param=encoder.layer.15.attention.self.key.bias]
Loading weights:  64%|██████▍   | 251/391 [00:00<00:00, 19145.11it/s, Materializing param=encoder.layer.15.attention.self.key.weight]
Loading weights:  64%|██████▍   | 251/391 [00:00<00:00, 19145.11it/s, Materializing param=encoder.layer.15.attention.self.key.weight]
Loading weights:  64%|██████▍   | 252/391 [00:00<00:00, 19221.38it/s, Materializing param=encoder.layer.15.attention.self.query.bias]
Loading weights:  64%|██████▍   | 252/391 [00:00<00:00, 19221.38it/s, Materializing param=encoder.layer.15.attention.self.query.bias]
Loading weights:  65%|██████▍   | 253/391 [00:00<00:00, 19297.66it/s, Materializing param=encoder.layer.15.attention.self.query.weight]
Loading weights:  65%|██████▍   | 253/391 [00:00<00:00, 19297.66it/s, Materializing param=encoder.layer.15.attention.self.query.weight]
Loading weights:  65%|██████▍   | 254/391 [00:00<00:00, 19373.93it/s, Materializing param=encoder.layer.15.attention.self.value.bias]  
Loading weights:  65%|██████▍   | 254/391 [00:00<00:00, 19373.93it/s, Materializing param=encoder.layer.15.attention.self.value.bias]
Loading weights:  65%|██████▌   | 255/391 [00:00<00:00, 19450.21it/s, Materializing param=encoder.layer.15.attention.self.value.weight]
Loading weights:  65%|██████▌   | 255/391 [00:00<00:00, 19450.21it/s, Materializing param=encoder.layer.15.attention.self.value.weight]
Loading weights:  65%|██████▌   | 256/391 [00:00<00:00, 19526.48it/s, Materializing param=encoder.layer.15.intermediate.dense.bias]    
Loading weights:  65%|██████▌   | 256/391 [00:00<00:00, 19526.48it/s, Materializing param=encoder.layer.15.intermediate.dense.bias]
Loading weights:  66%|██████▌   | 257/391 [00:00<00:00, 19602.76it/s, Materializing param=encoder.layer.15.intermediate.dense.weight]
Loading weights:  66%|██████▌   | 257/391 [00:00<00:00, 19602.76it/s, Materializing param=encoder.layer.15.intermediate.dense.weight]
Loading weights:  66%|██████▌   | 258/391 [00:00<00:00, 19679.03it/s, Materializing param=encoder.layer.15.output.LayerNorm.bias]    
Loading weights:  66%|██████▌   | 258/391 [00:00<00:00, 19679.03it/s, Materializing param=encoder.layer.15.output.LayerNorm.bias]
Loading weights:  66%|██████▌   | 259/391 [00:00<00:00, 19755.31it/s, Materializing param=encoder.layer.15.output.LayerNorm.weight]
Loading weights:  66%|██████▌   | 259/391 [00:00<00:00, 19755.31it/s, Materializing param=encoder.layer.15.output.LayerNorm.weight]
Loading weights:  66%|██████▋   | 260/391 [00:00<00:00, 19831.59it/s, Materializing param=encoder.layer.15.output.dense.bias]      
Loading weights:  66%|██████▋   | 260/391 [00:00<00:00, 19831.59it/s, Materializing param=encoder.layer.15.output.dense.bias]
Loading weights:  67%|██████▋   | 261/391 [00:00<00:00, 19907.86it/s, Materializing param=encoder.layer.15.output.dense.weight]
Loading weights:  67%|██████▋   | 261/391 [00:00<00:00, 19907.86it/s, Materializing param=encoder.layer.15.output.dense.weight]
Loading weights:  67%|██████▋   | 262/391 [00:00<00:00, 19984.14it/s, Materializing param=encoder.layer.16.attention.output.LayerNorm.bias]
Loading weights:  67%|██████▋   | 262/391 [00:00<00:00, 19984.14it/s, Materializing param=encoder.layer.16.attention.output.LayerNorm.bias]
Loading weights:  67%|██████▋   | 263/391 [00:00<00:00, 20060.41it/s, Materializing param=encoder.layer.16.attention.output.LayerNorm.weight]
Loading weights:  67%|██████▋   | 263/391 [00:00<00:00, 20060.41it/s, Materializing param=encoder.layer.16.attention.output.LayerNorm.weight]
Loading weights:  68%|██████▊   | 264/391 [00:00<00:00, 20136.69it/s, Materializing param=encoder.layer.16.attention.output.dense.bias]      
Loading weights:  68%|██████▊   | 264/391 [00:00<00:00, 20136.69it/s, Materializing param=encoder.layer.16.attention.output.dense.bias]
Loading weights:  68%|██████▊   | 265/391 [00:00<00:00, 20212.96it/s, Materializing param=encoder.layer.16.attention.output.dense.weight]
Loading weights:  68%|██████▊   | 265/391 [00:00<00:00, 20212.96it/s, Materializing param=encoder.layer.16.attention.output.dense.weight]
Loading weights:  68%|██████▊   | 266/391 [00:00<00:00, 20289.24it/s, Materializing param=encoder.layer.16.attention.self.key.bias]      
Loading weights:  68%|██████▊   | 266/391 [00:00<00:00, 20289.24it/s, Materializing param=encoder.layer.16.attention.self.key.bias]
Loading weights:  68%|██████▊   | 267/391 [00:00<00:00, 20365.51it/s, Materializing param=encoder.layer.16.attention.self.key.weight]
Loading weights:  68%|██████▊   | 267/391 [00:00<00:00, 20365.51it/s, Materializing param=encoder.layer.16.attention.self.key.weight]
Loading weights:  69%|██████▊   | 268/391 [00:00<00:00, 20441.79it/s, Materializing param=encoder.layer.16.attention.self.query.bias]
Loading weights:  69%|██████▊   | 268/391 [00:00<00:00, 20441.79it/s, Materializing param=encoder.layer.16.attention.self.query.bias]
Loading weights:  69%|██████▉   | 269/391 [00:00<00:00, 20518.06it/s, Materializing param=encoder.layer.16.attention.self.query.weight]
Loading weights:  69%|██████▉   | 269/391 [00:00<00:00, 20518.06it/s, Materializing param=encoder.layer.16.attention.self.query.weight]
Loading weights:  69%|██████▉   | 270/391 [00:00<00:00, 20594.34it/s, Materializing param=encoder.layer.16.attention.self.value.bias]  
Loading weights:  69%|██████▉   | 270/391 [00:00<00:00, 20594.34it/s, Materializing param=encoder.layer.16.attention.self.value.bias]
Loading weights:  69%|██████▉   | 271/391 [00:00<00:00, 20670.61it/s, Materializing param=encoder.layer.16.attention.self.value.weight]
Loading weights:  69%|██████▉   | 271/391 [00:00<00:00, 20670.61it/s, Materializing param=encoder.layer.16.attention.self.value.weight]
Loading weights:  70%|██████▉   | 272/391 [00:00<00:00, 20746.89it/s, Materializing param=encoder.layer.16.intermediate.dense.bias]    
Loading weights:  70%|██████▉   | 272/391 [00:00<00:00, 20746.89it/s, Materializing param=encoder.layer.16.intermediate.dense.bias]
Loading weights:  70%|██████▉   | 273/391 [00:00<00:00, 20823.16it/s, Materializing param=encoder.layer.16.intermediate.dense.weight]
Loading weights:  70%|██████▉   | 273/391 [00:00<00:00, 20823.16it/s, Materializing param=encoder.layer.16.intermediate.dense.weight]
Loading weights:  70%|███████   | 274/391 [00:00<00:00, 20899.44it/s, Materializing param=encoder.layer.16.output.LayerNorm.bias]    
Loading weights:  70%|███████   | 274/391 [00:00<00:00, 20899.44it/s, Materializing param=encoder.layer.16.output.LayerNorm.bias]
Loading weights:  70%|███████   | 275/391 [00:00<00:00, 20975.72it/s, Materializing param=encoder.layer.16.output.LayerNorm.weight]
Loading weights:  70%|███████   | 275/391 [00:00<00:00, 20975.72it/s, Materializing param=encoder.layer.16.output.LayerNorm.weight]
Loading weights:  71%|███████   | 276/391 [00:00<00:00, 21051.99it/s, Materializing param=encoder.layer.16.output.dense.bias]      
Loading weights:  71%|███████   | 276/391 [00:00<00:00, 21051.99it/s, Materializing param=encoder.layer.16.output.dense.bias]
Loading weights:  71%|███████   | 277/391 [00:00<00:00, 21128.27it/s, Materializing param=encoder.layer.16.output.dense.weight]
Loading weights:  71%|███████   | 277/391 [00:00<00:00, 21128.27it/s, Materializing param=encoder.layer.16.output.dense.weight]
Loading weights:  71%|███████   | 278/391 [00:00<00:00, 21204.54it/s, Materializing param=encoder.layer.17.attention.output.LayerNorm.bias]
Loading weights:  71%|███████   | 278/391 [00:00<00:00, 21204.54it/s, Materializing param=encoder.layer.17.attention.output.LayerNorm.bias]
Loading weights:  71%|███████▏  | 279/391 [00:00<00:00, 21280.82it/s, Materializing param=encoder.layer.17.attention.output.LayerNorm.weight]
Loading weights:  71%|███████▏  | 279/391 [00:00<00:00, 21280.82it/s, Materializing param=encoder.layer.17.attention.output.LayerNorm.weight]
Loading weights:  72%|███████▏  | 280/391 [00:00<00:00, 21357.09it/s, Materializing param=encoder.layer.17.attention.output.dense.bias]      
Loading weights:  72%|███████▏  | 280/391 [00:00<00:00, 21357.09it/s, Materializing param=encoder.layer.17.attention.output.dense.bias]
Loading weights:  72%|███████▏  | 281/391 [00:00<00:00, 21433.37it/s, Materializing param=encoder.layer.17.attention.output.dense.weight]
Loading weights:  72%|███████▏  | 281/391 [00:00<00:00, 21433.37it/s, Materializing param=encoder.layer.17.attention.output.dense.weight]
Loading weights:  72%|███████▏  | 282/391 [00:00<00:00, 21509.64it/s, Materializing param=encoder.layer.17.attention.self.key.bias]      
Loading weights:  72%|███████▏  | 282/391 [00:00<00:00, 21509.64it/s, Materializing param=encoder.layer.17.attention.self.key.bias]
Loading weights:  72%|███████▏  | 283/391 [00:00<00:00, 21585.92it/s, Materializing param=encoder.layer.17.attention.self.key.weight]
Loading weights:  72%|███████▏  | 283/391 [00:00<00:00, 21585.92it/s, Materializing param=encoder.layer.17.attention.self.key.weight]
Loading weights:  73%|███████▎  | 284/391 [00:00<00:00, 21662.19it/s, Materializing param=encoder.layer.17.attention.self.query.bias]
Loading weights:  73%|███████▎  | 284/391 [00:00<00:00, 21662.19it/s, Materializing param=encoder.layer.17.attention.self.query.bias]
Loading weights:  73%|███████▎  | 285/391 [00:00<00:00, 21738.47it/s, Materializing param=encoder.layer.17.attention.self.query.weight]
Loading weights:  73%|███████▎  | 285/391 [00:00<00:00, 21738.47it/s, Materializing param=encoder.layer.17.attention.self.query.weight]
Loading weights:  73%|███████▎  | 286/391 [00:00<00:00, 21814.74it/s, Materializing param=encoder.layer.17.attention.self.value.bias]  
Loading weights:  73%|███████▎  | 286/391 [00:00<00:00, 21814.74it/s, Materializing param=encoder.layer.17.attention.self.value.bias]
Loading weights:  73%|███████▎  | 287/391 [00:00<00:00, 21891.02it/s, Materializing param=encoder.layer.17.attention.self.value.weight]
Loading weights:  73%|███████▎  | 287/391 [00:00<00:00, 21891.02it/s, Materializing param=encoder.layer.17.attention.self.value.weight]
Loading weights:  74%|███████▎  | 288/391 [00:00<00:00, 21967.29it/s, Materializing param=encoder.layer.17.intermediate.dense.bias]    
Loading weights:  74%|███████▎  | 288/391 [00:00<00:00, 21967.29it/s, Materializing param=encoder.layer.17.intermediate.dense.bias]
Loading weights:  74%|███████▍  | 289/391 [00:00<00:00, 22043.57it/s, Materializing param=encoder.layer.17.intermediate.dense.weight]
Loading weights:  74%|███████▍  | 289/391 [00:00<00:00, 22043.57it/s, Materializing param=encoder.layer.17.intermediate.dense.weight]
Loading weights:  74%|███████▍  | 290/391 [00:00<00:00, 22119.85it/s, Materializing param=encoder.layer.17.output.LayerNorm.bias]    
Loading weights:  74%|███████▍  | 290/391 [00:00<00:00, 22119.85it/s, Materializing param=encoder.layer.17.output.LayerNorm.bias]
Loading weights:  74%|███████▍  | 291/391 [00:00<00:00, 22196.12it/s, Materializing param=encoder.layer.17.output.LayerNorm.weight]
Loading weights:  74%|███████▍  | 291/391 [00:00<00:00, 22196.12it/s, Materializing param=encoder.layer.17.output.LayerNorm.weight]
Loading weights:  75%|███████▍  | 292/391 [00:00<00:00, 22272.40it/s, Materializing param=encoder.layer.17.output.dense.bias]      
Loading weights:  75%|███████▍  | 292/391 [00:00<00:00, 22272.40it/s, Materializing param=encoder.layer.17.output.dense.bias]
Loading weights:  75%|███████▍  | 293/391 [00:00<00:00, 22348.67it/s, Materializing param=encoder.layer.17.output.dense.weight]
Loading weights:  75%|███████▍  | 293/391 [00:00<00:00, 22348.67it/s, Materializing param=encoder.layer.17.output.dense.weight]
Loading weights:  75%|███████▌  | 294/391 [00:00<00:00, 22424.95it/s, Materializing param=encoder.layer.18.attention.output.LayerNorm.bias]
Loading weights:  75%|███████▌  | 294/391 [00:00<00:00, 22424.95it/s, Materializing param=encoder.layer.18.attention.output.LayerNorm.bias]
Loading weights:  75%|███████▌  | 295/391 [00:00<00:00, 22501.22it/s, Materializing param=encoder.layer.18.attention.output.LayerNorm.weight]
Loading weights:  75%|███████▌  | 295/391 [00:00<00:00, 22501.22it/s, Materializing param=encoder.layer.18.attention.output.LayerNorm.weight]
Loading weights:  76%|███████▌  | 296/391 [00:00<00:00, 22577.50it/s, Materializing param=encoder.layer.18.attention.output.dense.bias]      
Loading weights:  76%|███████▌  | 296/391 [00:00<00:00, 22577.50it/s, Materializing param=encoder.layer.18.attention.output.dense.bias]
Loading weights:  76%|███████▌  | 297/391 [00:00<00:00, 22653.77it/s, Materializing param=encoder.layer.18.attention.output.dense.weight]
Loading weights:  76%|███████▌  | 297/391 [00:00<00:00, 22653.77it/s, Materializing param=encoder.layer.18.attention.output.dense.weight]
Loading weights:  76%|███████▌  | 298/391 [00:00<00:00, 22730.05it/s, Materializing param=encoder.layer.18.attention.self.key.bias]      
Loading weights:  76%|███████▌  | 298/391 [00:00<00:00, 22730.05it/s, Materializing param=encoder.layer.18.attention.self.key.bias]
Loading weights:  76%|███████▋  | 299/391 [00:00<00:00, 22806.32it/s, Materializing param=encoder.layer.18.attention.self.key.weight]
Loading weights:  76%|███████▋  | 299/391 [00:00<00:00, 22806.32it/s, Materializing param=encoder.layer.18.attention.self.key.weight]
Loading weights:  77%|███████▋  | 300/391 [00:00<00:00, 22882.60it/s, Materializing param=encoder.layer.18.attention.self.query.bias]
Loading weights:  77%|███████▋  | 300/391 [00:00<00:00, 22882.60it/s, Materializing param=encoder.layer.18.attention.self.query.bias]
Loading weights:  77%|███████▋  | 301/391 [00:00<00:00, 22958.87it/s, Materializing param=encoder.layer.18.attention.self.query.weight]
Loading weights:  77%|███████▋  | 301/391 [00:00<00:00, 22958.87it/s, Materializing param=encoder.layer.18.attention.self.query.weight]
Loading weights:  77%|███████▋  | 302/391 [00:00<00:00, 23035.15it/s, Materializing param=encoder.layer.18.attention.self.value.bias]  
Loading weights:  77%|███████▋  | 302/391 [00:00<00:00, 23035.15it/s, Materializing param=encoder.layer.18.attention.self.value.bias]
Loading weights:  77%|███████▋  | 303/391 [00:00<00:00, 23111.42it/s, Materializing param=encoder.layer.18.attention.self.value.weight]
Loading weights:  77%|███████▋  | 303/391 [00:00<00:00, 23111.42it/s, Materializing param=encoder.layer.18.attention.self.value.weight]
Loading weights:  78%|███████▊  | 304/391 [00:00<00:00, 23187.70it/s, Materializing param=encoder.layer.18.intermediate.dense.bias]    
Loading weights:  78%|███████▊  | 304/391 [00:00<00:00, 23187.70it/s, Materializing param=encoder.layer.18.intermediate.dense.bias]
Loading weights:  78%|███████▊  | 305/391 [00:00<00:00, 23263.97it/s, Materializing param=encoder.layer.18.intermediate.dense.weight]
Loading weights:  78%|███████▊  | 305/391 [00:00<00:00, 23263.97it/s, Materializing param=encoder.layer.18.intermediate.dense.weight]
Loading weights:  78%|███████▊  | 306/391 [00:00<00:00, 23340.25it/s, Materializing param=encoder.layer.18.output.LayerNorm.bias]    
Loading weights:  78%|███████▊  | 306/391 [00:00<00:00, 23340.25it/s, Materializing param=encoder.layer.18.output.LayerNorm.bias]
Loading weights:  79%|███████▊  | 307/391 [00:00<00:00, 23416.53it/s, Materializing param=encoder.layer.18.output.LayerNorm.weight]
Loading weights:  79%|███████▊  | 307/391 [00:00<00:00, 23416.53it/s, Materializing param=encoder.layer.18.output.LayerNorm.weight]
Loading weights:  79%|███████▉  | 308/391 [00:00<00:00, 23492.80it/s, Materializing param=encoder.layer.18.output.dense.bias]      
Loading weights:  79%|███████▉  | 308/391 [00:00<00:00, 23492.80it/s, Materializing param=encoder.layer.18.output.dense.bias]
Loading weights:  79%|███████▉  | 309/391 [00:00<00:00, 23569.08it/s, Materializing param=encoder.layer.18.output.dense.weight]
Loading weights:  79%|███████▉  | 309/391 [00:00<00:00, 23569.08it/s, Materializing param=encoder.layer.18.output.dense.weight]
Loading weights:  79%|███████▉  | 310/391 [00:00<00:00, 23645.35it/s, Materializing param=encoder.layer.19.attention.output.LayerNorm.bias]
Loading weights:  79%|███████▉  | 310/391 [00:00<00:00, 23645.35it/s, Materializing param=encoder.layer.19.attention.output.LayerNorm.bias]
Loading weights:  80%|███████▉  | 311/391 [00:00<00:00, 23721.63it/s, Materializing param=encoder.layer.19.attention.output.LayerNorm.weight]
Loading weights:  80%|███████▉  | 311/391 [00:00<00:00, 23721.63it/s, Materializing param=encoder.layer.19.attention.output.LayerNorm.weight]
Loading weights:  80%|███████▉  | 312/391 [00:00<00:00, 23797.90it/s, Materializing param=encoder.layer.19.attention.output.dense.bias]      
Loading weights:  80%|███████▉  | 312/391 [00:00<00:00, 23797.90it/s, Materializing param=encoder.layer.19.attention.output.dense.bias]
Loading weights:  80%|████████  | 313/391 [00:00<00:00, 23874.18it/s, Materializing param=encoder.layer.19.attention.output.dense.weight]
Loading weights:  80%|████████  | 313/391 [00:00<00:00, 23874.18it/s, Materializing param=encoder.layer.19.attention.output.dense.weight]
Loading weights:  80%|████████  | 314/391 [00:00<00:00, 23950.45it/s, Materializing param=encoder.layer.19.attention.self.key.bias]      
Loading weights:  80%|████████  | 314/391 [00:00<00:00, 23950.45it/s, Materializing param=encoder.layer.19.attention.self.key.bias]
Loading weights:  81%|████████  | 315/391 [00:00<00:00, 24026.73it/s, Materializing param=encoder.layer.19.attention.self.key.weight]
Loading weights:  81%|████████  | 315/391 [00:00<00:00, 24026.73it/s, Materializing param=encoder.layer.19.attention.self.key.weight]
Loading weights:  81%|████████  | 316/391 [00:00<00:00, 24103.00it/s, Materializing param=encoder.layer.19.attention.self.query.bias]
Loading weights:  81%|████████  | 316/391 [00:00<00:00, 24103.00it/s, Materializing param=encoder.layer.19.attention.self.query.bias]
Loading weights:  81%|████████  | 317/391 [00:00<00:00, 24179.28it/s, Materializing param=encoder.layer.19.attention.self.query.weight]
Loading weights:  81%|████████  | 317/391 [00:00<00:00, 24179.28it/s, Materializing param=encoder.layer.19.attention.self.query.weight]
Loading weights:  81%|████████▏ | 318/391 [00:00<00:00, 24255.55it/s, Materializing param=encoder.layer.19.attention.self.value.bias]  
Loading weights:  81%|████████▏ | 318/391 [00:00<00:00, 24255.55it/s, Materializing param=encoder.layer.19.attention.self.value.bias]
Loading weights:  82%|████████▏ | 319/391 [00:00<00:00, 24331.83it/s, Materializing param=encoder.layer.19.attention.self.value.weight]
Loading weights:  82%|████████▏ | 319/391 [00:00<00:00, 24331.83it/s, Materializing param=encoder.layer.19.attention.self.value.weight]
Loading weights:  82%|████████▏ | 320/391 [00:00<00:00, 24408.10it/s, Materializing param=encoder.layer.19.intermediate.dense.bias]    
Loading weights:  82%|████████▏ | 320/391 [00:00<00:00, 24408.10it/s, Materializing param=encoder.layer.19.intermediate.dense.bias]
Loading weights:  82%|████████▏ | 321/391 [00:00<00:00, 24484.38it/s, Materializing param=encoder.layer.19.intermediate.dense.weight]
Loading weights:  82%|████████▏ | 321/391 [00:00<00:00, 24484.38it/s, Materializing param=encoder.layer.19.intermediate.dense.weight]
Loading weights:  82%|████████▏ | 322/391 [00:00<00:00, 24560.66it/s, Materializing param=encoder.layer.19.output.LayerNorm.bias]    
Loading weights:  82%|████████▏ | 322/391 [00:00<00:00, 24560.66it/s, Materializing param=encoder.layer.19.output.LayerNorm.bias]
Loading weights:  83%|████████▎ | 323/391 [00:00<00:00, 24636.93it/s, Materializing param=encoder.layer.19.output.LayerNorm.weight]
Loading weights:  83%|████████▎ | 323/391 [00:00<00:00, 24636.93it/s, Materializing param=encoder.layer.19.output.LayerNorm.weight]
Loading weights:  83%|████████▎ | 324/391 [00:00<00:00, 24713.21it/s, Materializing param=encoder.layer.19.output.dense.bias]      
Loading weights:  83%|████████▎ | 324/391 [00:00<00:00, 24713.21it/s, Materializing param=encoder.layer.19.output.dense.bias]
Loading weights:  83%|████████▎ | 325/391 [00:00<00:00, 24789.48it/s, Materializing param=encoder.layer.19.output.dense.weight]
Loading weights:  83%|████████▎ | 325/391 [00:00<00:00, 24789.48it/s, Materializing param=encoder.layer.19.output.dense.weight]
Loading weights:  83%|████████▎ | 326/391 [00:00<00:00, 24865.76it/s, Materializing param=encoder.layer.20.attention.output.LayerNorm.bias]
Loading weights:  83%|████████▎ | 326/391 [00:00<00:00, 24865.76it/s, Materializing param=encoder.layer.20.attention.output.LayerNorm.bias]
Loading weights:  84%|████████▎ | 327/391 [00:00<00:00, 24942.03it/s, Materializing param=encoder.layer.20.attention.output.LayerNorm.weight]
Loading weights:  84%|████████▎ | 327/391 [00:00<00:00, 24942.03it/s, Materializing param=encoder.layer.20.attention.output.LayerNorm.weight]
Loading weights:  84%|████████▍ | 328/391 [00:00<00:00, 25018.31it/s, Materializing param=encoder.layer.20.attention.output.dense.bias]      
Loading weights:  84%|████████▍ | 328/391 [00:00<00:00, 25018.31it/s, Materializing param=encoder.layer.20.attention.output.dense.bias]
Loading weights:  84%|████████▍ | 329/391 [00:00<00:00, 25094.58it/s, Materializing param=encoder.layer.20.attention.output.dense.weight]
Loading weights:  84%|████████▍ | 329/391 [00:00<00:00, 25094.58it/s, Materializing param=encoder.layer.20.attention.output.dense.weight]
Loading weights:  84%|████████▍ | 330/391 [00:00<00:00, 25170.86it/s, Materializing param=encoder.layer.20.attention.self.key.bias]      
Loading weights:  84%|████████▍ | 330/391 [00:00<00:00, 25170.86it/s, Materializing param=encoder.layer.20.attention.self.key.bias]
Loading weights:  85%|████████▍ | 331/391 [00:00<00:00, 25247.13it/s, Materializing param=encoder.layer.20.attention.self.key.weight]
Loading weights:  85%|████████▍ | 331/391 [00:00<00:00, 25247.13it/s, Materializing param=encoder.layer.20.attention.self.key.weight]
Loading weights:  85%|████████▍ | 332/391 [00:00<00:00, 25323.41it/s, Materializing param=encoder.layer.20.attention.self.query.bias]
Loading weights:  85%|████████▍ | 332/391 [00:00<00:00, 25323.41it/s, Materializing param=encoder.layer.20.attention.self.query.bias]
Loading weights:  85%|████████▌ | 333/391 [00:00<00:00, 25399.68it/s, Materializing param=encoder.layer.20.attention.self.query.weight]
Loading weights:  85%|████████▌ | 333/391 [00:00<00:00, 25399.68it/s, Materializing param=encoder.layer.20.attention.self.query.weight]
Loading weights:  85%|████████▌ | 334/391 [00:00<00:00, 25475.96it/s, Materializing param=encoder.layer.20.attention.self.value.bias]  
Loading weights:  85%|████████▌ | 334/391 [00:00<00:00, 25475.96it/s, Materializing param=encoder.layer.20.attention.self.value.bias]
Loading weights:  86%|████████▌ | 335/391 [00:00<00:00, 25552.23it/s, Materializing param=encoder.layer.20.attention.self.value.weight]
Loading weights:  86%|████████▌ | 335/391 [00:00<00:00, 25552.23it/s, Materializing param=encoder.layer.20.attention.self.value.weight]
Loading weights:  86%|████████▌ | 336/391 [00:00<00:00, 25628.51it/s, Materializing param=encoder.layer.20.intermediate.dense.bias]    
Loading weights:  86%|████████▌ | 336/391 [00:00<00:00, 25628.51it/s, Materializing param=encoder.layer.20.intermediate.dense.bias]
Loading weights:  86%|████████▌ | 337/391 [00:00<00:00, 25704.79it/s, Materializing param=encoder.layer.20.intermediate.dense.weight]
Loading weights:  86%|████████▌ | 337/391 [00:00<00:00, 25704.79it/s, Materializing param=encoder.layer.20.intermediate.dense.weight]
Loading weights:  86%|████████▋ | 338/391 [00:00<00:00, 25781.06it/s, Materializing param=encoder.layer.20.output.LayerNorm.bias]    
Loading weights:  86%|████████▋ | 338/391 [00:00<00:00, 25781.06it/s, Materializing param=encoder.layer.20.output.LayerNorm.bias]
Loading weights:  87%|████████▋ | 339/391 [00:00<00:00, 25857.34it/s, Materializing param=encoder.layer.20.output.LayerNorm.weight]
Loading weights:  87%|████████▋ | 339/391 [00:00<00:00, 25857.34it/s, Materializing param=encoder.layer.20.output.LayerNorm.weight]
Loading weights:  87%|████████▋ | 340/391 [00:00<00:00, 25933.61it/s, Materializing param=encoder.layer.20.output.dense.bias]      
Loading weights:  87%|████████▋ | 340/391 [00:00<00:00, 25933.61it/s, Materializing param=encoder.layer.20.output.dense.bias]
Loading weights:  87%|████████▋ | 341/391 [00:00<00:00, 26009.89it/s, Materializing param=encoder.layer.20.output.dense.weight]
Loading weights:  87%|████████▋ | 341/391 [00:00<00:00, 26009.89it/s, Materializing param=encoder.layer.20.output.dense.weight]
Loading weights:  87%|████████▋ | 342/391 [00:00<00:00, 26086.16it/s, Materializing param=encoder.layer.21.attention.output.LayerNorm.bias]
Loading weights:  87%|████████▋ | 342/391 [00:00<00:00, 26086.16it/s, Materializing param=encoder.layer.21.attention.output.LayerNorm.bias]
Loading weights:  88%|████████▊ | 343/391 [00:00<00:00, 26162.44it/s, Materializing param=encoder.layer.21.attention.output.LayerNorm.weight]
Loading weights:  88%|████████▊ | 343/391 [00:00<00:00, 26162.44it/s, Materializing param=encoder.layer.21.attention.output.LayerNorm.weight]
Loading weights:  88%|████████▊ | 344/391 [00:00<00:00, 26238.71it/s, Materializing param=encoder.layer.21.attention.output.dense.bias]      
Loading weights:  88%|████████▊ | 344/391 [00:00<00:00, 26238.71it/s, Materializing param=encoder.layer.21.attention.output.dense.bias]
Loading weights:  88%|████████▊ | 345/391 [00:00<00:00, 26314.99it/s, Materializing param=encoder.layer.21.attention.output.dense.weight]
Loading weights:  88%|████████▊ | 345/391 [00:00<00:00, 26314.99it/s, Materializing param=encoder.layer.21.attention.output.dense.weight]
Loading weights:  88%|████████▊ | 346/391 [00:00<00:00, 26391.26it/s, Materializing param=encoder.layer.21.attention.self.key.bias]      
Loading weights:  88%|████████▊ | 346/391 [00:00<00:00, 26391.26it/s, Materializing param=encoder.layer.21.attention.self.key.bias]
Loading weights:  89%|████████▊ | 347/391 [00:00<00:00, 26467.54it/s, Materializing param=encoder.layer.21.attention.self.key.weight]
Loading weights:  89%|████████▊ | 347/391 [00:00<00:00, 26467.54it/s, Materializing param=encoder.layer.21.attention.self.key.weight]
Loading weights:  89%|████████▉ | 348/391 [00:00<00:00, 26543.81it/s, Materializing param=encoder.layer.21.attention.self.query.bias]
Loading weights:  89%|████████▉ | 348/391 [00:00<00:00, 26543.81it/s, Materializing param=encoder.layer.21.attention.self.query.bias]
Loading weights:  89%|████████▉ | 349/391 [00:00<00:00, 26620.09it/s, Materializing param=encoder.layer.21.attention.self.query.weight]
Loading weights:  89%|████████▉ | 349/391 [00:00<00:00, 26620.09it/s, Materializing param=encoder.layer.21.attention.self.query.weight]
Loading weights:  90%|████████▉ | 350/391 [00:00<00:00, 26696.36it/s, Materializing param=encoder.layer.21.attention.self.value.bias]  
Loading weights:  90%|████████▉ | 350/391 [00:00<00:00, 26696.36it/s, Materializing param=encoder.layer.21.attention.self.value.bias]
Loading weights:  90%|████████▉ | 351/391 [00:00<00:00, 26772.64it/s, Materializing param=encoder.layer.21.attention.self.value.weight]
Loading weights:  90%|████████▉ | 351/391 [00:00<00:00, 26772.64it/s, Materializing param=encoder.layer.21.attention.self.value.weight]
Loading weights:  90%|█████████ | 352/391 [00:00<00:00, 26848.92it/s, Materializing param=encoder.layer.21.intermediate.dense.bias]    
Loading weights:  90%|█████████ | 352/391 [00:00<00:00, 26848.92it/s, Materializing param=encoder.layer.21.intermediate.dense.bias]
Loading weights:  90%|█████████ | 353/391 [00:00<00:00, 26925.19it/s, Materializing param=encoder.layer.21.intermediate.dense.weight]
Loading weights:  90%|█████████ | 353/391 [00:00<00:00, 26925.19it/s, Materializing param=encoder.layer.21.intermediate.dense.weight]
Loading weights:  91%|█████████ | 354/391 [00:00<00:00, 18659.86it/s, Materializing param=encoder.layer.21.output.LayerNorm.bias]    
Loading weights:  91%|█████████ | 354/391 [00:00<00:00, 18659.86it/s, Materializing param=encoder.layer.21.output.LayerNorm.bias]
Loading weights:  91%|█████████ | 355/391 [00:00<00:00, 18712.57it/s, Materializing param=encoder.layer.21.output.LayerNorm.weight]
Loading weights:  91%|█████████ | 355/391 [00:00<00:00, 18712.57it/s, Materializing param=encoder.layer.21.output.LayerNorm.weight]
Loading weights:  91%|█████████ | 356/391 [00:00<00:00, 18765.28it/s, Materializing param=encoder.layer.21.output.dense.bias]      
Loading weights:  91%|█████████ | 356/391 [00:00<00:00, 18765.28it/s, Materializing param=encoder.layer.21.output.dense.bias]
Loading weights:  91%|█████████▏| 357/391 [00:00<00:00, 18817.99it/s, Materializing param=encoder.layer.21.output.dense.weight]
Loading weights:  91%|█████████▏| 357/391 [00:00<00:00, 18817.99it/s, Materializing param=encoder.layer.21.output.dense.weight]
Loading weights:  92%|█████████▏| 358/391 [00:00<00:00, 18870.70it/s, Materializing param=encoder.layer.22.attention.output.LayerNorm.bias]
Loading weights:  92%|█████████▏| 358/391 [00:00<00:00, 18870.70it/s, Materializing param=encoder.layer.22.attention.output.LayerNorm.bias]
Loading weights:  92%|█████████▏| 359/391 [00:00<00:00, 18923.42it/s, Materializing param=encoder.layer.22.attention.output.LayerNorm.weight]
Loading weights:  92%|█████████▏| 359/391 [00:00<00:00, 18923.42it/s, Materializing param=encoder.layer.22.attention.output.LayerNorm.weight]
Loading weights:  92%|█████████▏| 360/391 [00:00<00:00, 18976.13it/s, Materializing param=encoder.layer.22.attention.output.dense.bias]      
Loading weights:  92%|█████████▏| 360/391 [00:00<00:00, 18976.13it/s, Materializing param=encoder.layer.22.attention.output.dense.bias]
Loading weights:  92%|█████████▏| 361/391 [00:00<00:00, 19028.84it/s, Materializing param=encoder.layer.22.attention.output.dense.weight]
Loading weights:  92%|█████████▏| 361/391 [00:00<00:00, 19028.84it/s, Materializing param=encoder.layer.22.attention.output.dense.weight]
Loading weights:  93%|█████████▎| 362/391 [00:00<00:00, 19081.55it/s, Materializing param=encoder.layer.22.attention.self.key.bias]      
Loading weights:  93%|█████████▎| 362/391 [00:00<00:00, 19081.55it/s, Materializing param=encoder.layer.22.attention.self.key.bias]
Loading weights:  93%|█████████▎| 363/391 [00:00<00:00, 19134.26it/s, Materializing param=encoder.layer.22.attention.self.key.weight]
Loading weights:  93%|█████████▎| 363/391 [00:00<00:00, 19134.26it/s, Materializing param=encoder.layer.22.attention.self.key.weight]
Loading weights:  93%|█████████▎| 364/391 [00:00<00:00, 19186.97it/s, Materializing param=encoder.layer.22.attention.self.query.bias]
Loading weights:  93%|█████████▎| 364/391 [00:00<00:00, 19186.97it/s, Materializing param=encoder.layer.22.attention.self.query.bias]
Loading weights:  93%|█████████▎| 365/391 [00:00<00:00, 19239.68it/s, Materializing param=encoder.layer.22.attention.self.query.weight]
Loading weights:  93%|█████████▎| 365/391 [00:00<00:00, 19239.68it/s, Materializing param=encoder.layer.22.attention.self.query.weight]
Loading weights:  94%|█████████▎| 366/391 [00:00<00:00, 19292.40it/s, Materializing param=encoder.layer.22.attention.self.value.bias]  
Loading weights:  94%|█████████▎| 366/391 [00:00<00:00, 19292.40it/s, Materializing param=encoder.layer.22.attention.self.value.bias]
Loading weights:  94%|█████████▍| 367/391 [00:00<00:00, 19345.11it/s, Materializing param=encoder.layer.22.attention.self.value.weight]
Loading weights:  94%|█████████▍| 367/391 [00:00<00:00, 19345.11it/s, Materializing param=encoder.layer.22.attention.self.value.weight]
Loading weights:  94%|█████████▍| 368/391 [00:00<00:00, 19397.82it/s, Materializing param=encoder.layer.22.intermediate.dense.bias]    
Loading weights:  94%|█████████▍| 368/391 [00:00<00:00, 19397.82it/s, Materializing param=encoder.layer.22.intermediate.dense.bias]
Loading weights:  94%|█████████▍| 369/391 [00:00<00:00, 19450.53it/s, Materializing param=encoder.layer.22.intermediate.dense.weight]
Loading weights:  94%|█████████▍| 369/391 [00:00<00:00, 19450.53it/s, Materializing param=encoder.layer.22.intermediate.dense.weight]
Loading weights:  95%|█████████▍| 370/391 [00:00<00:00, 19503.24it/s, Materializing param=encoder.layer.22.output.LayerNorm.bias]    
Loading weights:  95%|█████████▍| 370/391 [00:00<00:00, 19503.24it/s, Materializing param=encoder.layer.22.output.LayerNorm.bias]
Loading weights:  95%|█████████▍| 371/391 [00:00<00:00, 19555.95it/s, Materializing param=encoder.layer.22.output.LayerNorm.weight]
Loading weights:  95%|█████████▍| 371/391 [00:00<00:00, 19555.95it/s, Materializing param=encoder.layer.22.output.LayerNorm.weight]
Loading weights:  95%|█████████▌| 372/391 [00:00<00:00, 19608.67it/s, Materializing param=encoder.layer.22.output.dense.bias]      
Loading weights:  95%|█████████▌| 372/391 [00:00<00:00, 19608.67it/s, Materializing param=encoder.layer.22.output.dense.bias]
Loading weights:  95%|█████████▌| 373/391 [00:00<00:00, 19661.38it/s, Materializing param=encoder.layer.22.output.dense.weight]
Loading weights:  95%|█████████▌| 373/391 [00:00<00:00, 19661.38it/s, Materializing param=encoder.layer.22.output.dense.weight]
Loading weights:  96%|█████████▌| 374/391 [00:00<00:00, 19714.09it/s, Materializing param=encoder.layer.23.attention.output.LayerNorm.bias]
Loading weights:  96%|█████████▌| 374/391 [00:00<00:00, 19714.09it/s, Materializing param=encoder.layer.23.attention.output.LayerNorm.bias]
Loading weights:  96%|█████████▌| 375/391 [00:00<00:00, 19766.80it/s, Materializing param=encoder.layer.23.attention.output.LayerNorm.weight]
Loading weights:  96%|█████████▌| 375/391 [00:00<00:00, 19766.80it/s, Materializing param=encoder.layer.23.attention.output.LayerNorm.weight]
Loading weights:  96%|█████████▌| 376/391 [00:00<00:00, 19819.51it/s, Materializing param=encoder.layer.23.attention.output.dense.bias]      
Loading weights:  96%|█████████▌| 376/391 [00:00<00:00, 19819.51it/s, Materializing param=encoder.layer.23.attention.output.dense.bias]
Loading weights:  96%|█████████▋| 377/391 [00:00<00:00, 19872.22it/s, Materializing param=encoder.layer.23.attention.output.dense.weight]
Loading weights:  96%|█████████▋| 377/391 [00:00<00:00, 19872.22it/s, Materializing param=encoder.layer.23.attention.output.dense.weight]
Loading weights:  97%|█████████▋| 378/391 [00:00<00:00, 19924.93it/s, Materializing param=encoder.layer.23.attention.self.key.bias]      
Loading weights:  97%|█████████▋| 378/391 [00:00<00:00, 19924.93it/s, Materializing param=encoder.layer.23.attention.self.key.bias]
Loading weights:  97%|█████████▋| 379/391 [00:00<00:00, 19977.65it/s, Materializing param=encoder.layer.23.attention.self.key.weight]
Loading weights:  97%|█████████▋| 379/391 [00:00<00:00, 19977.65it/s, Materializing param=encoder.layer.23.attention.self.key.weight]
Loading weights:  97%|█████████▋| 380/391 [00:00<00:00, 20030.36it/s, Materializing param=encoder.layer.23.attention.self.query.bias]
Loading weights:  97%|█████████▋| 380/391 [00:00<00:00, 20030.36it/s, Materializing param=encoder.layer.23.attention.self.query.bias]
Loading weights:  97%|█████████▋| 381/391 [00:00<00:00, 20083.07it/s, Materializing param=encoder.layer.23.attention.self.query.weight]
Loading weights:  97%|█████████▋| 381/391 [00:00<00:00, 20083.07it/s, Materializing param=encoder.layer.23.attention.self.query.weight]
Loading weights:  98%|█████████▊| 382/391 [00:00<00:00, 20135.78it/s, Materializing param=encoder.layer.23.attention.self.value.bias]  
Loading weights:  98%|█████████▊| 382/391 [00:00<00:00, 20135.78it/s, Materializing param=encoder.layer.23.attention.self.value.bias]
Loading weights:  98%|█████████▊| 383/391 [00:00<00:00, 20188.49it/s, Materializing param=encoder.layer.23.attention.self.value.weight]
Loading weights:  98%|█████████▊| 383/391 [00:00<00:00, 20188.49it/s, Materializing param=encoder.layer.23.attention.self.value.weight]
Loading weights:  98%|█████████▊| 384/391 [00:00<00:00, 20241.20it/s, Materializing param=encoder.layer.23.intermediate.dense.bias]    
Loading weights:  98%|█████████▊| 384/391 [00:00<00:00, 20241.20it/s, Materializing param=encoder.layer.23.intermediate.dense.bias]
Loading weights:  98%|█████████▊| 385/391 [00:00<00:00, 20293.91it/s, Materializing param=encoder.layer.23.intermediate.dense.weight]
Loading weights:  98%|█████████▊| 385/391 [00:00<00:00, 20293.91it/s, Materializing param=encoder.layer.23.intermediate.dense.weight]
Loading weights:  99%|█████████▊| 386/391 [00:00<00:00, 20346.63it/s, Materializing param=encoder.layer.23.output.LayerNorm.bias]    
Loading weights:  99%|█████████▊| 386/391 [00:00<00:00, 20346.63it/s, Materializing param=encoder.layer.23.output.LayerNorm.bias]
Loading weights:  99%|█████████▉| 387/391 [00:00<00:00, 20399.34it/s, Materializing param=encoder.layer.23.output.LayerNorm.weight]
Loading weights:  99%|█████████▉| 387/391 [00:00<00:00, 20399.34it/s, Materializing param=encoder.layer.23.output.LayerNorm.weight]
Loading weights:  99%|█████████▉| 388/391 [00:00<00:00, 20452.05it/s, Materializing param=encoder.layer.23.output.dense.bias]      
Loading weights:  99%|█████████▉| 388/391 [00:00<00:00, 20452.05it/s, Materializing param=encoder.layer.23.output.dense.bias]
Loading weights:  99%|█████████▉| 389/391 [00:00<00:00, 20504.76it/s, Materializing param=encoder.layer.23.output.dense.weight]
Loading weights:  99%|█████████▉| 389/391 [00:00<00:00, 20504.76it/s, Materializing param=encoder.layer.23.output.dense.weight]
Loading weights: 100%|█████████▉| 390/391 [00:00<00:00, 20557.47it/s, Materializing param=pooler.dense.bias]                   
Loading weights: 100%|█████████▉| 390/391 [00:00<00:00, 20557.47it/s, Materializing param=pooler.dense.bias]
Loading weights: 100%|██████████| 391/391 [00:00<00:00, 20610.18it/s, Materializing param=pooler.dense.weight]
Loading weights: 100%|██████████| 391/391 [00:00<00:00, 20610.18it/s, Materializing param=pooler.dense.weight]
Loading weights: 100%|██████████| 391/391 [00:00<00:00, 20610.18it/s, Materializing param=pooler.dense.weight]

Processing:   0%|          | 0/23 [00:00<?, ?item/s]
Processing: 100%|██████████| 23/23 [00:00<?, ?item/s]

Processing:   0%|          | 0/23 [00:00<?, ?item/s]
Processing: 100%|██████████| 23/23 [00:00<?, ?item/s]

Processing:   0%|          | 0/26 [00:00<?, ?item/s]
Processing: 100%|██████████| 26/26 [00:00<?, ?item/s]

Processing:   0%|          | 0/30 [00:00<?, ?item/s]
Processing: 100%|██████████| 30/30 [00:00<?, ?item/s]

Processing:   0%|          | 0/25 [00:00<?, ?item/s]
Processing: 100%|██████████| 25/25 [00:00<?, ?item/s]

Processing:   0%|          | 0/31 [00:00<?, ?item/s]
Processing: 100%|██████████| 31/31 [00:00<?, ?item/s]

Processing:   0%|          | 0/19 [00:00<?, ?item/s]
Processing: 100%|██████████| 19/19 [00:00<?, ?item/s]

Processing:   0%|          | 0/25 [00:00<?, ?item/s]
Processing: 100%|██████████| 25/25 [00:00<?, ?item/s]

Processing:   0%|          | 0/29 [00:00<?, ?item/s]
Processing: 100%|██████████| 29/29 [00:00<?, ?item/s]

Processing:   0%|          | 0/20 [00:00<?, ?item/s]
Processing: 100%|██████████| 20/20 [00:00<?, ?item/s]

Processing:   0%|          | 0/16 [00:00<?, ?item/s]
Processing: 100%|██████████| 16/16 [00:00<?, ?item/s]

Processing:   0%|          | 0/23 [00:00<?, ?item/s]
Processing: 100%|██████████| 23/23 [00:00<?, ?item/s]

Processing:   0%|          | 0/24 [00:00<?, ?item/s]
Processing: 100%|██████████| 24/24 [00:00<?, ?item/s]

Processing:   0%|          | 0/33 [00:00<?, ?item/s]
Processing: 100%|██████████| 33/33 [00:00<?, ?item/s]

Processing:   0%|          | 0/20 [00:00<?, ?item/s]
Processing: 100%|██████████| 20/20 [00:00<?, ?item/s]

Processing:   0%|          | 0/20 [00:00<?, ?item/s]
Processing: 100%|██████████| 20/20 [00:00<?, ?item/s]

Processing:   0%|          | 0/26 [00:00<?, ?item/s]
Processing: 100%|██████████| 26/26 [00:00<?, ?item/s]

Processing:   0%|          | 0/24 [00:00<?, ?item/s]
Processing: 100%|██████████| 24/24 [00:00<?, ?item/s]

Processing:   0%|          | 0/24 [00:00<?, ?item/s]
Processing: 100%|██████████| 24/24 [00:00<?, ?item/s]

Processing:   0%|          | 0/31 [00:00<?, ?item/s]
Processing: 100%|██████████| 31/31 [00:00<?, ?item/s]

Processing:   0%|          | 0/28 [00:00<?, ?item/s]
Processing: 100%|██████████| 28/28 [00:00<?, ?item/s]

Processing:   0%|          | 0/21 [00:00<?, ?item/s]
Processing: 100%|██████████| 21/21 [00:00<?, ?item/s]

Processing:   0%|          | 0/23 [00:00<?, ?item/s]
Processing: 100%|██████████| 23/23 [00:00<?, ?item/s]

Processing:   0%|          | 0/18 [00:00<?, ?item/s]
Processing: 100%|██████████| 18/18 [00:00<?, ?item/s]

Processing:   0%|          | 0/27 [00:00<?, ?item/s]
Processing: 100%|██████████| 27/27 [00:00<?, ?item/s]

Processing:   0%|          | 0/23 [00:00<?, ?item/s]
Processing: 100%|██████████| 23/23 [00:00<?, ?item/s]

Processing:   0%|          | 0/36 [00:00<?, ?item/s]
Processing: 100%|██████████| 36/36 [00:00<?, ?item/s]

Processing:   0%|          | 0/37 [00:00<?, ?item/s]
Processing: 100%|██████████| 37/37 [00:00<?, ?item/s]

Processing:   0%|          | 0/37 [00:00<?, ?item/s]
Processing: 100%|██████████| 37/37 [00:00<?, ?item/s]

Processing:   0%|          | 0/34 [00:00<?, ?item/s]
Processing: 100%|██████████| 34/34 [00:00<?, ?item/s]

Processing:   0%|          | 0/32 [00:00<?, ?item/s]
Processing: 100%|██████████| 32/32 [00:00<?, ?item/s]

Processing:   0%|          | 0/59 [00:00<?, ?item/s]
Processing: 100%|██████████| 59/59 [00:00<?, ?item/s]

Processing:   0%|          | 0/28 [00:00<?, ?item/s]
Processing: 100%|██████████| 28/28 [00:00<?, ?item/s]

Processing:   0%|          | 0/34 [00:00<?, ?item/s]
Processing: 100%|██████████| 34/34 [00:00<?, ?item/s]

Processing:   0%|          | 0/29 [00:00<?, ?item/s]
Processing: 100%|██████████| 29/29 [00:00<?, ?item/s]

Processing:   0%|          | 0/32 [00:00<?, ?item/s]
Processing: 100%|██████████| 32/32 [00:00<?, ?item/s]

Processing:   0%|          | 0/24 [00:00<?, ?item/s]
Processing: 100%|██████████| 24/24 [00:00<?, ?item/s]

Processing:   0%|          | 0/41 [00:00<?, ?item/s]
Processing: 100%|██████████| 41/41 [00:00<?, ?item/s]

Processing:   0%|          | 0/29 [00:00<?, ?item/s]
Processing: 100%|██████████| 29/29 [00:00<?, ?item/s]

Processing:   0%|          | 0/33 [00:00<?, ?item/s]
Processing: 100%|██████████| 33/33 [00:00<?, ?item/s]

Processing:   0%|          | 0/22 [00:00<?, ?item/s]
Processing: 100%|██████████| 22/22 [00:00<?, ?item/s]

Processing:   0%|          | 0/23 [00:00<?, ?item/s]
Processing: 100%|██████████| 23/23 [00:00<?, ?item/s]

Processing:   0%|          | 0/25 [00:00<?, ?item/s]
Processing: 100%|██████████| 25/25 [00:00<?, ?item/s]

Processing:   0%|          | 0/27 [00:00<?, ?item/s]
Processing: 100%|██████████| 27/27 [00:00<?, ?item/s]

Processing:   0%|          | 0/38 [00:00<?, ?item/s]
Processing: 100%|██████████| 38/38 [00:00<?, ?item/s]

Processing:   0%|          | 0/4 [00:00<?, ?item/s]
Processing: 100%|██████████| 4/4 [00:00<?, ?item/s]

Processing:   0%|          | 0/4 [00:00<?, ?item/s]
Processing: 100%|██████████| 4/4 [00:00<?, ?item/s]

Processing:   0%|          | 0/4 [00:00<?, ?item/s]
Processing: 100%|██████████| 4/4 [00:00<?, ?item/s]

Processing:   0%|          | 0/4 [00:00<?, ?item/s]
Processing: 100%|██████████| 4/4 [00:00<?, ?item/s]

Processing:   0%|          | 0/4 [00:00<?, ?item/s]
Processing: 100%|██████████| 4/4 [00:00<?, ?item/s]

Processing: 0item [00:00, ?item/s]
Processing: 0item [00:00, ?item/s]
Prompt assembly failed: INVALID_CONTEXT_TYPE
[GraphMemoryBridge] SQLite store init failed: Non-canonical MEMORY_DB path rejected in production scope: C:\Git\Agentic-Workflow-FRESH\artifacts\memory\knowledge_graph.sqlite. Expected artifacts\memory\knowledge_graph.sqlite. — no-op mode
Mutation failed: SovereignLLMGateway.generate() missing 1 required positional argument: 'artifact'

Processing: 0item [00:00, ?item/s]
Processing: 0item [00:00, ?item/s]
[ledger.writer] router_l0_agentic append failed: no such table: events

Loading weights:   0%|          | 0/391 [00:00<?, ?it/s]
Loading weights:   0%|          | 1/391 [00:00<00:00, 1000.07it/s, Materializing param=embeddings.LayerNorm.bias]
Loading weights:   0%|          | 1/391 [00:00<00:00, 1000.07it/s, Materializing param=embeddings.LayerNorm.bias]
Loading weights:   1%|          | 2/391 [00:00<00:00, 2000.14it/s, Materializing param=embeddings.LayerNorm.weight]
Loading weights:   1%|          | 2/391 [00:00<00:00, 2000.14it/s, Materializing param=embeddings.LayerNorm.weight]
Loading weights:   1%|          | 3/391 [00:00<00:00, 3000.22it/s, Materializing param=embeddings.position_embeddings.weight]
Loading weights:   1%|          | 3/391 [00:00<00:00, 3000.22it/s, Materializing param=embeddings.position_embeddings.weight]
Loading weights:   1%|          | 4/391 [00:00<00:00, 4000.29it/s, Materializing param=embeddings.token_type_embeddings.weight]
Loading weights:   1%|          | 4/391 [00:00<00:00, 1998.72it/s, Materializing param=embeddings.token_type_embeddings.weight]
Loading weights:   1%|▏         | 5/391 [00:00<00:00, 2498.39it/s, Materializing param=embeddings.word_embeddings.weight]      
Loading weights:   1%|▏         | 5/391 [00:00<00:00, 2498.39it/s, Materializing param=embeddings.word_embeddings.weight]
Loading weights:   2%|▏         | 6/391 [00:00<00:00, 2998.07it/s, Materializing param=encoder.layer.0.attention.output.LayerNorm.bias]
Loading weights:   2%|▏         | 6/391 [00:00<00:00, 2998.07it/s, Materializing param=encoder.layer.0.attention.output.LayerNorm.bias]
Loading weights:   2%|▏         | 7/391 [00:00<00:00, 3497.75it/s, Materializing param=encoder.layer.0.attention.output.LayerNorm.weight]
Loading weights:   2%|▏         | 7/391 [00:00<00:00, 3497.75it/s, Materializing param=encoder.layer.0.attention.output.LayerNorm.weight]
Loading weights:   2%|▏         | 8/391 [00:00<00:00, 1982.89it/s, Materializing param=encoder.layer.0.attention.output.dense.bias]      
Loading weights:   2%|▏         | 8/391 [00:00<00:00, 1982.89it/s, Materializing param=encoder.layer.0.attention.output.dense.bias]
Loading weights:   2%|▏         | 9/391 [00:00<00:00, 2230.75it/s, Materializing param=encoder.layer.0.attention.output.dense.weight]
Loading weights:   2%|▏         | 9/391 [00:00<00:00, 2230.75it/s, Materializing param=encoder.layer.0.attention.output.dense.weight]
Loading weights:   3%|▎         | 10/391 [00:00<00:00, 2478.61it/s, Materializing param=encoder.layer.0.attention.self.key.bias]     
Loading weights:   3%|▎         | 10/391 [00:00<00:00, 2478.61it/s, Materializing param=encoder.layer.0.attention.self.key.bias]
Loading weights:   3%|▎         | 11/391 [00:00<00:00, 2726.47it/s, Materializing param=encoder.layer.0.attention.self.key.weight]
Loading weights:   3%|▎         | 11/391 [00:00<00:00, 2726.47it/s, Materializing param=encoder.layer.0.attention.self.key.weight]
Loading weights:   3%|▎         | 12/391 [00:00<00:00, 2974.33it/s, Materializing param=encoder.layer.0.attention.self.query.bias]
Loading weights:   3%|▎         | 12/391 [00:00<00:00, 2974.33it/s, Materializing param=encoder.layer.0.attention.self.query.bias]
Loading weights:   3%|▎         | 13/391 [00:00<00:00, 3222.19it/s, Materializing param=encoder.layer.0.attention.self.query.weight]
Loading weights:   3%|▎         | 13/391 [00:00<00:00, 3222.19it/s, Materializing param=encoder.layer.0.attention.self.query.weight]
Loading weights:   4%|▎         | 14/391 [00:00<00:00, 3470.05it/s, Materializing param=encoder.layer.0.attention.self.value.bias]  
Loading weights:   4%|▎         | 14/391 [00:00<00:00, 3470.05it/s, Materializing param=encoder.layer.0.attention.self.value.bias]
Loading weights:   4%|▍         | 15/391 [00:00<00:00, 3717.92it/s, Materializing param=encoder.layer.0.attention.self.value.weight]
Loading weights:   4%|▍         | 15/391 [00:00<00:00, 3717.92it/s, Materializing param=encoder.layer.0.attention.self.value.weight]
Loading weights:   4%|▍         | 16/391 [00:00<00:00, 3965.78it/s, Materializing param=encoder.layer.0.intermediate.dense.bias]    
Loading weights:   4%|▍         | 16/391 [00:00<00:00, 3965.78it/s, Materializing param=encoder.layer.0.intermediate.dense.bias]
Loading weights:   4%|▍         | 17/391 [00:00<00:00, 4213.64it/s, Materializing param=encoder.layer.0.intermediate.dense.weight]
Loading weights:   4%|▍         | 17/391 [00:00<00:00, 4213.64it/s, Materializing param=encoder.layer.0.intermediate.dense.weight]
Loading weights:   5%|▍         | 18/391 [00:00<00:00, 4461.50it/s, Materializing param=encoder.layer.0.output.LayerNorm.bias]    
Loading weights:   5%|▍         | 18/391 [00:00<00:00, 4461.50it/s, Materializing param=encoder.layer.0.output.LayerNorm.bias]
Loading weights:   5%|▍         | 19/391 [00:00<00:00, 4709.36it/s, Materializing param=encoder.layer.0.output.LayerNorm.weight]
Loading weights:   5%|▍         | 19/391 [00:00<00:00, 4709.36it/s, Materializing param=encoder.layer.0.output.LayerNorm.weight]
Loading weights:   5%|▌         | 20/391 [00:00<00:00, 4957.22it/s, Materializing param=encoder.layer.0.output.dense.bias]      
Loading weights:   5%|▌         | 20/391 [00:00<00:00, 4957.22it/s, Materializing param=encoder.layer.0.output.dense.bias]
Loading weights:   5%|▌         | 21/391 [00:00<00:00, 5205.08it/s, Materializing param=encoder.layer.0.output.dense.weight]
Loading weights:   5%|▌         | 21/391 [00:00<00:00, 5205.08it/s, Materializing param=encoder.layer.0.output.dense.weight]
Loading weights:   6%|▌         | 22/391 [00:00<00:00, 5452.94it/s, Materializing param=encoder.layer.1.attention.output.LayerNorm.bias]
Loading weights:   6%|▌         | 22/391 [00:00<00:00, 5452.94it/s, Materializing param=encoder.layer.1.attention.output.LayerNorm.bias]
Loading weights:   6%|▌         | 23/391 [00:00<00:00, 5700.80it/s, Materializing param=encoder.layer.1.attention.output.LayerNorm.weight]
Loading weights:   6%|▌         | 23/391 [00:00<00:00, 5700.80it/s, Materializing param=encoder.layer.1.attention.output.LayerNorm.weight]
Loading weights:   6%|▌         | 24/391 [00:00<00:00, 5948.66it/s, Materializing param=encoder.layer.1.attention.output.dense.bias]      
Loading weights:   6%|▌         | 24/391 [00:00<00:00, 5948.66it/s, Materializing param=encoder.layer.1.attention.output.dense.bias]
Loading weights:   6%|▋         | 25/391 [00:00<00:00, 6196.53it/s, Materializing param=encoder.layer.1.attention.output.dense.weight]
Loading weights:   6%|▋         | 25/391 [00:00<00:00, 6196.53it/s, Materializing param=encoder.layer.1.attention.output.dense.weight]
Loading weights:   7%|▋         | 26/391 [00:00<00:00, 6444.39it/s, Materializing param=encoder.layer.1.attention.self.key.bias]      
Loading weights:   7%|▋         | 26/391 [00:00<00:00, 6444.39it/s, Materializing param=encoder.layer.1.attention.self.key.bias]
Loading weights:   7%|▋         | 27/391 [00:00<00:00, 6692.25it/s, Materializing param=encoder.layer.1.attention.self.key.weight]
Loading weights:   7%|▋         | 27/391 [00:00<00:00, 6692.25it/s, Materializing param=encoder.layer.1.attention.self.key.weight]
Loading weights:   7%|▋         | 28/391 [00:00<00:00, 6940.11it/s, Materializing param=encoder.layer.1.attention.self.query.bias]
Loading weights:   7%|▋         | 28/391 [00:00<00:00, 6940.11it/s, Materializing param=encoder.layer.1.attention.self.query.bias]
Loading weights:   7%|▋         | 29/391 [00:00<00:00, 7187.97it/s, Materializing param=encoder.layer.1.attention.self.query.weight]
Loading weights:   7%|▋         | 29/391 [00:00<00:00, 5014.63it/s, Materializing param=encoder.layer.1.attention.self.query.weight]
Loading weights:   8%|▊         | 30/391 [00:00<00:00, 5187.55it/s, Materializing param=encoder.layer.1.attention.self.value.bias]  
Loading weights:   8%|▊         | 30/391 [00:00<00:00, 5187.55it/s, Materializing param=encoder.layer.1.attention.self.value.bias]
Loading weights:   8%|▊         | 31/391 [00:00<00:00, 5360.46it/s, Materializing param=encoder.layer.1.attention.self.value.weight]
Loading weights:   8%|▊         | 31/391 [00:00<00:00, 5360.46it/s, Materializing param=encoder.layer.1.attention.self.value.weight]
Loading weights:   8%|▊         | 32/391 [00:00<00:00, 5533.38it/s, Materializing param=encoder.layer.1.intermediate.dense.bias]    
Loading weights:   8%|▊         | 32/391 [00:00<00:00, 5533.38it/s, Materializing param=encoder.layer.1.intermediate.dense.bias]
Loading weights:   8%|▊         | 33/391 [00:00<00:00, 5706.30it/s, Materializing param=encoder.layer.1.intermediate.dense.weight]
Loading weights:   8%|▊         | 33/391 [00:00<00:00, 5706.30it/s, Materializing param=encoder.layer.1.intermediate.dense.weight]
Loading weights:   9%|▊         | 34/391 [00:00<00:00, 5879.22it/s, Materializing param=encoder.layer.1.output.LayerNorm.bias]    
Loading weights:   9%|▊         | 34/391 [00:00<00:00, 5879.22it/s, Materializing param=encoder.layer.1.output.LayerNorm.bias]
Loading weights:   9%|▉         | 35/391 [00:00<00:00, 6052.14it/s, Materializing param=encoder.layer.1.output.LayerNorm.weight]
Loading weights:   9%|▉         | 35/391 [00:00<00:00, 6052.14it/s, Materializing param=encoder.layer.1.output.LayerNorm.weight]
Loading weights:   9%|▉         | 36/391 [00:00<00:00, 5906.32it/s, Materializing param=encoder.layer.1.output.dense.bias]      
Loading weights:   9%|▉         | 36/391 [00:00<00:00, 5906.32it/s, Materializing param=encoder.layer.1.output.dense.bias]
Loading weights:   9%|▉         | 37/391 [00:00<00:00, 6070.38it/s, Materializing param=encoder.layer.1.output.dense.weight]
Loading weights:   9%|▉         | 37/391 [00:00<00:00, 6070.38it/s, Materializing param=encoder.layer.1.output.dense.weight]
Loading weights:  10%|▉         | 38/391 [00:00<00:00, 6234.44it/s, Materializing param=encoder.layer.2.attention.output.LayerNorm.bias]
Loading weights:  10%|▉         | 38/391 [00:00<00:00, 6234.44it/s, Materializing param=encoder.layer.2.attention.output.LayerNorm.bias]
Loading weights:  10%|▉         | 39/391 [00:00<00:00, 6398.51it/s, Materializing param=encoder.layer.2.attention.output.LayerNorm.weight]
Loading weights:  10%|▉         | 39/391 [00:00<00:00, 6398.51it/s, Materializing param=encoder.layer.2.attention.output.LayerNorm.weight]
Loading weights:  10%|█         | 40/391 [00:00<00:00, 6562.57it/s, Materializing param=encoder.layer.2.attention.output.dense.bias]      
Loading weights:  10%|█         | 40/391 [00:00<00:00, 6562.57it/s, Materializing param=encoder.layer.2.attention.output.dense.bias]
Loading weights:  10%|█         | 41/391 [00:00<00:00, 6726.64it/s, Materializing param=encoder.layer.2.attention.output.dense.weight]
Loading weights:  10%|█         | 41/391 [00:00<00:00, 6726.64it/s, Materializing param=encoder.layer.2.attention.output.dense.weight]
Loading weights:  11%|█         | 42/391 [00:00<00:00, 6890.70it/s, Materializing param=encoder.layer.2.attention.self.key.bias]      
Loading weights:  11%|█         | 42/391 [00:00<00:00, 6890.70it/s, Materializing param=encoder.layer.2.attention.self.key.bias]
Loading weights:  11%|█         | 43/391 [00:00<00:00, 7054.77it/s, Materializing param=encoder.layer.2.attention.self.key.weight]
Loading weights:  11%|█         | 43/391 [00:00<00:00, 7054.77it/s, Materializing param=encoder.layer.2.attention.self.key.weight]
Loading weights:  11%|█▏        | 44/391 [00:00<00:00, 7218.83it/s, Materializing param=encoder.layer.2.attention.self.query.bias]
Loading weights:  11%|█▏        | 44/391 [00:00<00:00, 7218.83it/s, Materializing param=encoder.layer.2.attention.self.query.bias]
Loading weights:  12%|█▏        | 45/391 [00:00<00:00, 7382.89it/s, Materializing param=encoder.layer.2.attention.self.query.weight]
Loading weights:  12%|█▏        | 45/391 [00:00<00:00, 7382.89it/s, Materializing param=encoder.layer.2.attention.self.query.weight]
Loading weights:  12%|█▏        | 46/391 [00:00<00:00, 7546.96it/s, Materializing param=encoder.layer.2.attention.self.value.bias]  
Loading weights:  12%|█▏        | 46/391 [00:00<00:00, 7546.96it/s, Materializing param=encoder.layer.2.attention.self.value.bias]
Loading weights:  12%|█▏        | 47/391 [00:00<00:00, 7711.02it/s, Materializing param=encoder.layer.2.attention.self.value.weight]
Loading weights:  12%|█▏        | 47/391 [00:00<00:00, 7711.02it/s, Materializing param=encoder.layer.2.attention.self.value.weight]
Loading weights:  12%|█▏        | 48/391 [00:00<00:00, 7875.09it/s, Materializing param=encoder.layer.2.intermediate.dense.bias]    
Loading weights:  12%|█▏        | 48/391 [00:00<00:00, 7875.09it/s, Materializing param=encoder.layer.2.intermediate.dense.bias]
Loading weights:  13%|█▎        | 49/391 [00:00<00:00, 8039.15it/s, Materializing param=encoder.layer.2.intermediate.dense.weight]
Loading weights:  13%|█▎        | 49/391 [00:00<00:00, 8039.15it/s, Materializing param=encoder.layer.2.intermediate.dense.weight]
Loading weights:  13%|█▎        | 50/391 [00:00<00:00, 8203.22it/s, Materializing param=encoder.layer.2.output.LayerNorm.bias]    
Loading weights:  13%|█▎        | 50/391 [00:00<00:00, 8203.22it/s, Materializing param=encoder.layer.2.output.LayerNorm.bias]
Loading weights:  13%|█▎        | 51/391 [00:00<00:00, 8367.28it/s, Materializing param=encoder.layer.2.output.LayerNorm.weight]
Loading weights:  13%|█▎        | 51/391 [00:00<00:00, 8367.28it/s, Materializing param=encoder.layer.2.output.LayerNorm.weight]
Loading weights:  13%|█▎        | 52/391 [00:00<00:00, 8531.34it/s, Materializing param=encoder.layer.2.output.dense.bias]      
Loading weights:  13%|█▎        | 52/391 [00:00<00:00, 8531.34it/s, Materializing param=encoder.layer.2.output.dense.bias]
Loading weights:  14%|█▎        | 53/391 [00:00<00:00, 8695.41it/s, Materializing param=encoder.layer.2.output.dense.weight]
Loading weights:  14%|█▎        | 53/391 [00:00<00:00, 8695.41it/s, Materializing param=encoder.layer.2.output.dense.weight]
Loading weights:  14%|█▍        | 54/391 [00:00<00:00, 8859.47it/s, Materializing param=encoder.layer.3.attention.output.LayerNorm.bias]
Loading weights:  14%|█▍        | 54/391 [00:00<00:00, 8859.47it/s, Materializing param=encoder.layer.3.attention.output.LayerNorm.bias]
Loading weights:  14%|█▍        | 55/391 [00:00<00:00, 9023.54it/s, Materializing param=encoder.layer.3.attention.output.LayerNorm.weight]
Loading weights:  14%|█▍        | 55/391 [00:00<00:00, 9023.54it/s, Materializing param=encoder.layer.3.attention.output.LayerNorm.weight]
Loading weights:  14%|█▍        | 56/391 [00:00<00:00, 9187.60it/s, Materializing param=encoder.layer.3.attention.output.dense.bias]      
Loading weights:  14%|█▍        | 56/391 [00:00<00:00, 9187.60it/s, Materializing param=encoder.layer.3.attention.output.dense.bias]
Loading weights:  15%|█▍        | 57/391 [00:00<00:00, 9351.67it/s, Materializing param=encoder.layer.3.attention.output.dense.weight]
Loading weights:  15%|█▍        | 57/391 [00:00<00:00, 9351.67it/s, Materializing param=encoder.layer.3.attention.output.dense.weight]
Loading weights:  15%|█▍        | 58/391 [00:00<00:00, 9515.73it/s, Materializing param=encoder.layer.3.attention.self.key.bias]      
Loading weights:  15%|█▍        | 58/391 [00:00<00:00, 9515.73it/s, Materializing param=encoder.layer.3.attention.self.key.bias]
Loading weights:  15%|█▌        | 59/391 [00:00<00:00, 9679.79it/s, Materializing param=encoder.layer.3.attention.self.key.weight]
Loading weights:  15%|█▌        | 59/391 [00:00<00:00, 9679.79it/s, Materializing param=encoder.layer.3.attention.self.key.weight]
Loading weights:  15%|█▌        | 60/391 [00:00<00:00, 9843.86it/s, Materializing param=encoder.layer.3.attention.self.query.bias]
Loading weights:  15%|█▌        | 60/391 [00:00<00:00, 9843.86it/s, Materializing param=encoder.layer.3.attention.self.query.bias]
Loading weights:  16%|█▌        | 61/391 [00:00<00:00, 10007.92it/s, Materializing param=encoder.layer.3.attention.self.query.weight]
Loading weights:  16%|█▌        | 61/391 [00:00<00:00, 10007.92it/s, Materializing param=encoder.layer.3.attention.self.query.weight]
Loading weights:  16%|█▌        | 62/391 [00:00<00:00, 10171.99it/s, Materializing param=encoder.layer.3.attention.self.value.bias]  
Loading weights:  16%|█▌        | 62/391 [00:00<00:00, 10171.99it/s, Materializing param=encoder.layer.3.attention.self.value.bias]
Loading weights:  16%|█▌        | 63/391 [00:00<00:00, 10336.05it/s, Materializing param=encoder.layer.3.attention.self.value.weight]
Loading weights:  16%|█▌        | 63/391 [00:00<00:00, 10336.05it/s, Materializing param=encoder.layer.3.attention.self.value.weight]
Loading weights:  16%|█▋        | 64/391 [00:00<00:00, 10500.12it/s, Materializing param=encoder.layer.3.intermediate.dense.bias]    
Loading weights:  16%|█▋        | 64/391 [00:00<00:00, 10500.12it/s, Materializing param=encoder.layer.3.intermediate.dense.bias]
Loading weights:  17%|█▋        | 65/391 [00:00<00:00, 10664.18it/s, Materializing param=encoder.layer.3.intermediate.dense.weight]
Loading weights:  17%|█▋        | 65/391 [00:00<00:00, 10664.18it/s, Materializing param=encoder.layer.3.intermediate.dense.weight]
Loading weights:  17%|█▋        | 66/391 [00:00<00:00, 10828.24it/s, Materializing param=encoder.layer.3.output.LayerNorm.bias]    
Loading weights:  17%|█▋        | 66/391 [00:00<00:00, 10828.24it/s, Materializing param=encoder.layer.3.output.LayerNorm.bias]
Loading weights:  17%|█▋        | 67/391 [00:00<00:00, 10992.31it/s, Materializing param=encoder.layer.3.output.LayerNorm.weight]
Loading weights:  17%|█▋        | 67/391 [00:00<00:00, 10992.31it/s, Materializing param=encoder.layer.3.output.LayerNorm.weight]
Loading weights:  17%|█▋        | 68/391 [00:00<00:00, 11156.37it/s, Materializing param=encoder.layer.3.output.dense.bias]      
Loading weights:  17%|█▋        | 68/391 [00:00<00:00, 11156.37it/s, Materializing param=encoder.layer.3.output.dense.bias]
Loading weights:  18%|█▊        | 69/391 [00:00<00:00, 11320.44it/s, Materializing param=encoder.layer.3.output.dense.weight]
Loading weights:  18%|█▊        | 69/391 [00:00<00:00, 11320.44it/s, Materializing param=encoder.layer.3.output.dense.weight]
Loading weights:  18%|█▊        | 70/391 [00:00<00:00, 11484.50it/s, Materializing param=encoder.layer.4.attention.output.LayerNorm.bias]
Loading weights:  18%|█▊        | 70/391 [00:00<00:00, 11484.50it/s, Materializing param=encoder.layer.4.attention.output.LayerNorm.bias]
Loading weights:  18%|█▊        | 71/391 [00:00<00:00, 11648.57it/s, Materializing param=encoder.layer.4.attention.output.LayerNorm.weight]
Loading weights:  18%|█▊        | 71/391 [00:00<00:00, 11648.57it/s, Materializing param=encoder.layer.4.attention.output.LayerNorm.weight]
Loading weights:  18%|█▊        | 72/391 [00:00<00:00, 11812.63it/s, Materializing param=encoder.layer.4.attention.output.dense.bias]      
Loading weights:  18%|█▊        | 72/391 [00:00<00:00, 11812.63it/s, Materializing param=encoder.layer.4.attention.output.dense.bias]
Loading weights:  19%|█▊        | 73/391 [00:00<00:00, 11976.69it/s, Materializing param=encoder.layer.4.attention.output.dense.weight]
Loading weights:  19%|█▊        | 73/391 [00:00<00:00, 11976.69it/s, Materializing param=encoder.layer.4.attention.output.dense.weight]
Loading weights:  19%|█▉        | 74/391 [00:00<00:00, 12140.76it/s, Materializing param=encoder.layer.4.attention.self.key.bias]      
Loading weights:  19%|█▉        | 74/391 [00:00<00:00, 12140.76it/s, Materializing param=encoder.layer.4.attention.self.key.bias]
Loading weights:  19%|█▉        | 75/391 [00:00<00:00, 12304.82it/s, Materializing param=encoder.layer.4.attention.self.key.weight]
Loading weights:  19%|█▉        | 75/391 [00:00<00:00, 12304.82it/s, Materializing param=encoder.layer.4.attention.self.key.weight]
Loading weights:  19%|█▉        | 76/391 [00:00<00:00, 12468.89it/s, Materializing param=encoder.layer.4.attention.self.query.bias]
Loading weights:  19%|█▉        | 76/391 [00:00<00:00, 12468.89it/s, Materializing param=encoder.layer.4.attention.self.query.bias]
Loading weights:  20%|█▉        | 77/391 [00:00<00:00, 12632.95it/s, Materializing param=encoder.layer.4.attention.self.query.weight]
Loading weights:  20%|█▉        | 77/391 [00:00<00:00, 12632.95it/s, Materializing param=encoder.layer.4.attention.self.query.weight]
Loading weights:  20%|█▉        | 78/391 [00:00<00:00, 12797.02it/s, Materializing param=encoder.layer.4.attention.self.value.bias]  
Loading weights:  20%|█▉        | 78/391 [00:00<00:00, 12797.02it/s, Materializing param=encoder.layer.4.attention.self.value.bias]
Loading weights:  20%|██        | 79/391 [00:00<00:00, 12961.08it/s, Materializing param=encoder.layer.4.attention.self.value.weight]
Loading weights:  20%|██        | 79/391 [00:00<00:00, 12961.08it/s, Materializing param=encoder.layer.4.attention.self.value.weight]
Loading weights:  20%|██        | 80/391 [00:00<00:00, 13125.14it/s, Materializing param=encoder.layer.4.intermediate.dense.bias]    
Loading weights:  20%|██        | 80/391 [00:00<00:00, 13125.14it/s, Materializing param=encoder.layer.4.intermediate.dense.bias]
Loading weights:  21%|██        | 81/391 [00:00<00:00, 13289.21it/s, Materializing param=encoder.layer.4.intermediate.dense.weight]
Loading weights:  21%|██        | 81/391 [00:00<00:00, 13289.21it/s, Materializing param=encoder.layer.4.intermediate.dense.weight]
Loading weights:  21%|██        | 82/391 [00:00<00:00, 13453.27it/s, Materializing param=encoder.layer.4.output.LayerNorm.bias]    
Loading weights:  21%|██        | 82/391 [00:00<00:00, 13453.27it/s, Materializing param=encoder.layer.4.output.LayerNorm.bias]
Loading weights:  21%|██        | 83/391 [00:00<00:00, 13617.34it/s, Materializing param=encoder.layer.4.output.LayerNorm.weight]
Loading weights:  21%|██        | 83/391 [00:00<00:00, 13617.34it/s, Materializing param=encoder.layer.4.output.LayerNorm.weight]
Loading weights:  21%|██▏       | 84/391 [00:00<00:00, 13781.40it/s, Materializing param=encoder.layer.4.output.dense.bias]      
Loading weights:  21%|██▏       | 84/391 [00:00<00:00, 13781.40it/s, Materializing param=encoder.layer.4.output.dense.bias]
Loading weights:  22%|██▏       | 85/391 [00:00<00:00, 13945.47it/s, Materializing param=encoder.layer.4.output.dense.weight]
Loading weights:  22%|██▏       | 85/391 [00:00<00:00, 13945.47it/s, Materializing param=encoder.layer.4.output.dense.weight]
Loading weights:  22%|██▏       | 86/391 [00:00<00:00, 14109.53it/s, Materializing param=encoder.layer.5.attention.output.LayerNorm.bias]
Loading weights:  22%|██▏       | 86/391 [00:00<00:00, 14109.53it/s, Materializing param=encoder.layer.5.attention.output.LayerNorm.bias]
Loading weights:  22%|██▏       | 87/391 [00:00<00:00, 14273.59it/s, Materializing param=encoder.layer.5.attention.output.LayerNorm.weight]
Loading weights:  22%|██▏       | 87/391 [00:00<00:00, 14273.59it/s, Materializing param=encoder.layer.5.attention.output.LayerNorm.weight]
Loading weights:  23%|██▎       | 88/391 [00:00<00:00, 14437.66it/s, Materializing param=encoder.layer.5.attention.output.dense.bias]      
Loading weights:  23%|██▎       | 88/391 [00:00<00:00, 14437.66it/s, Materializing param=encoder.layer.5.attention.output.dense.bias]
Loading weights:  23%|██▎       | 89/391 [00:00<00:00, 14601.72it/s, Materializing param=encoder.layer.5.attention.output.dense.weight]
Loading weights:  23%|██▎       | 89/391 [00:00<00:00, 14601.72it/s, Materializing param=encoder.layer.5.attention.output.dense.weight]
Loading weights:  23%|██▎       | 90/391 [00:00<00:00, 14765.79it/s, Materializing param=encoder.layer.5.attention.self.key.bias]      
Loading weights:  23%|██▎       | 90/391 [00:00<00:00, 14765.79it/s, Materializing param=encoder.layer.5.attention.self.key.bias]
Loading weights:  23%|██▎       | 91/391 [00:00<00:00, 14929.85it/s, Materializing param=encoder.layer.5.attention.self.key.weight]
Loading weights:  23%|██▎       | 91/391 [00:00<00:00, 14929.85it/s, Materializing param=encoder.layer.5.attention.self.key.weight]
Loading weights:  24%|██▎       | 92/391 [00:00<00:00, 15093.92it/s, Materializing param=encoder.layer.5.attention.self.query.bias]
Loading weights:  24%|██▎       | 92/391 [00:00<00:00, 15093.92it/s, Materializing param=encoder.layer.5.attention.self.query.bias]
Loading weights:  24%|██▍       | 93/391 [00:00<00:00, 15257.98it/s, Materializing param=encoder.layer.5.attention.self.query.weight]
Loading weights:  24%|██▍       | 93/391 [00:00<00:00, 15257.98it/s, Materializing param=encoder.layer.5.attention.self.query.weight]
Loading weights:  24%|██▍       | 94/391 [00:00<00:00, 15422.04it/s, Materializing param=encoder.layer.5.attention.self.value.bias]  
Loading weights:  24%|██▍       | 94/391 [00:00<00:00, 15422.04it/s, Materializing param=encoder.layer.5.attention.self.value.bias]
Loading weights:  24%|██▍       | 95/391 [00:00<00:00, 15586.11it/s, Materializing param=encoder.layer.5.attention.self.value.weight]
Loading weights:  24%|██▍       | 95/391 [00:00<00:00, 15586.11it/s, Materializing param=encoder.layer.5.attention.self.value.weight]
Loading weights:  25%|██▍       | 96/391 [00:00<00:00, 15750.17it/s, Materializing param=encoder.layer.5.intermediate.dense.bias]    
Loading weights:  25%|██▍       | 96/391 [00:00<00:00, 15750.17it/s, Materializing param=encoder.layer.5.intermediate.dense.bias]
Loading weights:  25%|██▍       | 97/391 [00:00<00:00, 15914.24it/s, Materializing param=encoder.layer.5.intermediate.dense.weight]
Loading weights:  25%|██▍       | 97/391 [00:00<00:00, 15914.24it/s, Materializing param=encoder.layer.5.intermediate.dense.weight]
Loading weights:  25%|██▌       | 98/391 [00:00<00:00, 16078.30it/s, Materializing param=encoder.layer.5.output.LayerNorm.bias]    
Loading weights:  25%|██▌       | 98/391 [00:00<00:00, 16078.30it/s, Materializing param=encoder.layer.5.output.LayerNorm.bias]
Loading weights:  25%|██▌       | 99/391 [00:00<00:00, 16242.37it/s, Materializing param=encoder.layer.5.output.LayerNorm.weight]
Loading weights:  25%|██▌       | 99/391 [00:00<00:00, 16242.37it/s, Materializing param=encoder.layer.5.output.LayerNorm.weight]
Loading weights:  26%|██▌       | 100/391 [00:00<00:00, 16406.43it/s, Materializing param=encoder.layer.5.output.dense.bias]     
Loading weights:  26%|██▌       | 100/391 [00:00<00:00, 16406.43it/s, Materializing param=encoder.layer.5.output.dense.bias]
Loading weights:  26%|██▌       | 101/391 [00:00<00:00, 16570.49it/s, Materializing param=encoder.layer.5.output.dense.weight]
Loading weights:  26%|██▌       | 101/391 [00:00<00:00, 16570.49it/s, Materializing param=encoder.layer.5.output.dense.weight]
Loading weights:  26%|██▌       | 102/391 [00:00<00:00, 16734.56it/s, Materializing param=encoder.layer.6.attention.output.LayerNorm.bias]
Loading weights:  26%|██▌       | 102/391 [00:00<00:00, 16734.56it/s, Materializing param=encoder.layer.6.attention.output.LayerNorm.bias]
Loading weights:  26%|██▋       | 103/391 [00:00<00:00, 16898.62it/s, Materializing param=encoder.layer.6.attention.output.LayerNorm.weight]
Loading weights:  26%|██▋       | 103/391 [00:00<00:00, 16898.62it/s, Materializing param=encoder.layer.6.attention.output.LayerNorm.weight]
Loading weights:  27%|██▋       | 104/391 [00:00<00:00, 17062.69it/s, Materializing param=encoder.layer.6.attention.output.dense.bias]      
Loading weights:  27%|██▋       | 104/391 [00:00<00:00, 17062.69it/s, Materializing param=encoder.layer.6.attention.output.dense.bias]
Loading weights:  27%|██▋       | 105/391 [00:00<00:00, 17226.75it/s, Materializing param=encoder.layer.6.attention.output.dense.weight]
Loading weights:  27%|██▋       | 105/391 [00:00<00:00, 17226.75it/s, Materializing param=encoder.layer.6.attention.output.dense.weight]
Loading weights:  27%|██▋       | 106/391 [00:00<00:00, 17390.82it/s, Materializing param=encoder.layer.6.attention.self.key.bias]      
Loading weights:  27%|██▋       | 106/391 [00:00<00:00, 17390.82it/s, Materializing param=encoder.layer.6.attention.self.key.bias]
Loading weights:  27%|██▋       | 107/391 [00:00<00:00, 11344.55it/s, Materializing param=encoder.layer.6.attention.self.key.weight]
Loading weights:  27%|██▋       | 107/391 [00:00<00:00, 11344.55it/s, Materializing param=encoder.layer.6.attention.self.key.weight]
Loading weights:  28%|██▊       | 108/391 [00:00<00:00, 11450.58it/s, Materializing param=encoder.layer.6.attention.self.query.bias]
Loading weights:  28%|██▊       | 108/391 [00:00<00:00, 11450.58it/s, Materializing param=encoder.layer.6.attention.self.query.bias]
Loading weights:  28%|██▊       | 109/391 [00:00<00:00, 11556.60it/s, Materializing param=encoder.layer.6.attention.self.query.weight]
Loading weights:  28%|██▊       | 109/391 [00:00<00:00, 11556.60it/s, Materializing param=encoder.layer.6.attention.self.query.weight]
Loading weights:  28%|██▊       | 110/391 [00:00<00:00, 11662.62it/s, Materializing param=encoder.layer.6.attention.self.value.bias]  
Loading weights:  28%|██▊       | 110/391 [00:00<00:00, 11662.62it/s, Materializing param=encoder.layer.6.attention.self.value.bias]
Loading weights:  28%|██▊       | 111/391 [00:00<00:00, 11768.65it/s, Materializing param=encoder.layer.6.attention.self.value.weight]
Loading weights:  28%|██▊       | 111/391 [00:00<00:00, 11768.65it/s, Materializing param=encoder.layer.6.attention.self.value.weight]
Loading weights:  29%|██▊       | 112/391 [00:00<00:00, 11874.67it/s, Materializing param=encoder.layer.6.intermediate.dense.bias]    
Loading weights:  29%|██▊       | 112/391 [00:00<00:00, 11874.67it/s, Materializing param=encoder.layer.6.intermediate.dense.bias]
Loading weights:  29%|██▉       | 113/391 [00:00<00:00, 11980.70it/s, Materializing param=encoder.layer.6.intermediate.dense.weight]
Loading weights:  29%|██▉       | 113/391 [00:00<00:00, 11980.70it/s, Materializing param=encoder.layer.6.intermediate.dense.weight]
Loading weights:  29%|██▉       | 114/391 [00:00<00:00, 12086.72it/s, Materializing param=encoder.layer.6.output.LayerNorm.bias]    
Loading weights:  29%|██▉       | 114/391 [00:00<00:00, 12086.72it/s, Materializing param=encoder.layer.6.output.LayerNorm.bias]
Loading weights:  29%|██▉       | 115/391 [00:00<00:00, 12192.74it/s, Materializing param=encoder.layer.6.output.LayerNorm.weight]
Loading weights:  29%|██▉       | 115/391 [00:00<00:00, 12192.74it/s, Materializing param=encoder.layer.6.output.LayerNorm.weight]
Loading weights:  30%|██▉       | 116/391 [00:00<00:00, 12298.77it/s, Materializing param=encoder.layer.6.output.dense.bias]      
Loading weights:  30%|██▉       | 116/391 [00:00<00:00, 12298.77it/s, Materializing param=encoder.layer.6.output.dense.bias]
Loading weights:  30%|██▉       | 117/391 [00:00<00:00, 12404.79it/s, Materializing param=encoder.layer.6.output.dense.weight]
Loading weights:  30%|██▉       | 117/391 [00:00<00:00, 12404.79it/s, Materializing param=encoder.layer.6.output.dense.weight]
Loading weights:  30%|███       | 118/391 [00:00<00:00, 12510.82it/s, Materializing param=encoder.layer.7.attention.output.LayerNorm.bias]
Loading weights:  30%|███       | 118/391 [00:00<00:00, 12510.82it/s, Materializing param=encoder.layer.7.attention.output.LayerNorm.bias]
Loading weights:  30%|███       | 119/391 [00:00<00:00, 12616.84it/s, Materializing param=encoder.layer.7.attention.output.LayerNorm.weight]
Loading weights:  30%|███       | 119/391 [00:00<00:00, 12616.84it/s, Materializing param=encoder.layer.7.attention.output.LayerNorm.weight]
Loading weights:  31%|███       | 120/391 [00:00<00:00, 12722.86it/s, Materializing param=encoder.layer.7.attention.output.dense.bias]      
Loading weights:  31%|███       | 120/391 [00:00<00:00, 12722.86it/s, Materializing param=encoder.layer.7.attention.output.dense.bias]
Loading weights:  31%|███       | 121/391 [00:00<00:00, 12828.89it/s, Materializing param=encoder.layer.7.attention.output.dense.weight]
Loading weights:  31%|███       | 121/391 [00:00<00:00, 12828.89it/s, Materializing param=encoder.layer.7.attention.output.dense.weight]
Loading weights:  31%|███       | 122/391 [00:00<00:00, 12934.91it/s, Materializing param=encoder.layer.7.attention.self.key.bias]      
Loading weights:  31%|███       | 122/391 [00:00<00:00, 12934.91it/s, Materializing param=encoder.layer.7.attention.self.key.bias]
Loading weights:  31%|███▏      | 123/391 [00:00<00:00, 13040.94it/s, Materializing param=encoder.layer.7.attention.self.key.weight]
Loading weights:  31%|███▏      | 123/391 [00:00<00:00, 13040.94it/s, Materializing param=encoder.layer.7.attention.self.key.weight]
Loading weights:  32%|███▏      | 124/391 [00:00<00:00, 13146.96it/s, Materializing param=encoder.layer.7.attention.self.query.bias]
Loading weights:  32%|███▏      | 124/391 [00:00<00:00, 13146.96it/s, Materializing param=encoder.layer.7.attention.self.query.bias]
Loading weights:  32%|███▏      | 125/391 [00:00<00:00, 13252.98it/s, Materializing param=encoder.layer.7.attention.self.query.weight]
Loading weights:  32%|███▏      | 125/391 [00:00<00:00, 13252.98it/s, Materializing param=encoder.layer.7.attention.self.query.weight]
Loading weights:  32%|███▏      | 126/391 [00:00<00:00, 13359.01it/s, Materializing param=encoder.layer.7.attention.self.value.bias]  
Loading weights:  32%|███▏      | 126/391 [00:00<00:00, 13359.01it/s, Materializing param=encoder.layer.7.attention.self.value.bias]
Loading weights:  32%|███▏      | 127/391 [00:00<00:00, 13465.03it/s, Materializing param=encoder.layer.7.attention.self.value.weight]
Loading weights:  32%|███▏      | 127/391 [00:00<00:00, 13465.03it/s, Materializing param=encoder.layer.7.attention.self.value.weight]
Loading weights:  33%|███▎      | 128/391 [00:00<00:00, 13571.05it/s, Materializing param=encoder.layer.7.intermediate.dense.bias]    
Loading weights:  33%|███▎      | 128/391 [00:00<00:00, 13571.05it/s, Materializing param=encoder.layer.7.intermediate.dense.bias]
Loading weights:  33%|███▎      | 129/391 [00:00<00:00, 13677.08it/s, Materializing param=encoder.layer.7.intermediate.dense.weight]
Loading weights:  33%|███▎      | 129/391 [00:00<00:00, 13677.08it/s, Materializing param=encoder.layer.7.intermediate.dense.weight]
Loading weights:  33%|███▎      | 130/391 [00:00<00:00, 13783.10it/s, Materializing param=encoder.layer.7.output.LayerNorm.bias]    
Loading weights:  33%|███▎      | 130/391 [00:00<00:00, 13783.10it/s, Materializing param=encoder.layer.7.output.LayerNorm.bias]
Loading weights:  34%|███▎      | 131/391 [00:00<00:00, 13889.13it/s, Materializing param=encoder.layer.7.output.LayerNorm.weight]
Loading weights:  34%|███▎      | 131/391 [00:00<00:00, 13889.13it/s, Materializing param=encoder.layer.7.output.LayerNorm.weight]
Loading weights:  34%|███▍      | 132/391 [00:00<00:00, 13995.15it/s, Materializing param=encoder.layer.7.output.dense.bias]      
Loading weights:  34%|███▍      | 132/391 [00:00<00:00, 13995.15it/s, Materializing param=encoder.layer.7.output.dense.bias]
Loading weights:  34%|███▍      | 133/391 [00:00<00:00, 14101.17it/s, Materializing param=encoder.layer.7.output.dense.weight]
Loading weights:  34%|███▍      | 133/391 [00:00<00:00, 14101.17it/s, Materializing param=encoder.layer.7.output.dense.weight]
Loading weights:  34%|███▍      | 134/391 [00:00<00:00, 14207.20it/s, Materializing param=encoder.layer.8.attention.output.LayerNorm.bias]
Loading weights:  34%|███▍      | 134/391 [00:00<00:00, 14207.20it/s, Materializing param=encoder.layer.8.attention.output.LayerNorm.bias]
Loading weights:  35%|███▍      | 135/391 [00:00<00:00, 14313.22it/s, Materializing param=encoder.layer.8.attention.output.LayerNorm.weight]
Loading weights:  35%|███▍      | 135/391 [00:00<00:00, 14313.22it/s, Materializing param=encoder.layer.8.attention.output.LayerNorm.weight]
Loading weights:  35%|███▍      | 136/391 [00:00<00:00, 14419.25it/s, Materializing param=encoder.layer.8.attention.output.dense.bias]      
Loading weights:  35%|███▍      | 136/391 [00:00<00:00, 14419.25it/s, Materializing param=encoder.layer.8.attention.output.dense.bias]
Loading weights:  35%|███▌      | 137/391 [00:00<00:00, 14525.27it/s, Materializing param=encoder.layer.8.attention.output.dense.weight]
Loading weights:  35%|███▌      | 137/391 [00:00<00:00, 14525.27it/s, Materializing param=encoder.layer.8.attention.output.dense.weight]
Loading weights:  35%|███▌      | 138/391 [00:00<00:00, 14631.29it/s, Materializing param=encoder.layer.8.attention.self.key.bias]      
Loading weights:  35%|███▌      | 138/391 [00:00<00:00, 14631.29it/s, Materializing param=encoder.layer.8.attention.self.key.bias]
Loading weights:  36%|███▌      | 139/391 [00:00<00:00, 14737.32it/s, Materializing param=encoder.layer.8.attention.self.key.weight]
Loading weights:  36%|███▌      | 139/391 [00:00<00:00, 14737.32it/s, Materializing param=encoder.layer.8.attention.self.key.weight]
Loading weights:  36%|███▌      | 140/391 [00:00<00:00, 14843.34it/s, Materializing param=encoder.layer.8.attention.self.query.bias]
Loading weights:  36%|███▌      | 140/391 [00:00<00:00, 14843.34it/s, Materializing param=encoder.layer.8.attention.self.query.bias]
Loading weights:  36%|███▌      | 141/391 [00:00<00:00, 14949.36it/s, Materializing param=encoder.layer.8.attention.self.query.weight]
Loading weights:  36%|███▌      | 141/391 [00:00<00:00, 14949.36it/s, Materializing param=encoder.layer.8.attention.self.query.weight]
Loading weights:  36%|███▋      | 142/391 [00:00<00:00, 15055.39it/s, Materializing param=encoder.layer.8.attention.self.value.bias]  
Loading weights:  36%|███▋      | 142/391 [00:00<00:00, 15055.39it/s, Materializing param=encoder.layer.8.attention.self.value.bias]
Loading weights:  37%|███▋      | 143/391 [00:00<00:00, 15161.41it/s, Materializing param=encoder.layer.8.attention.self.value.weight]
Loading weights:  37%|███▋      | 143/391 [00:00<00:00, 15161.41it/s, Materializing param=encoder.layer.8.attention.self.value.weight]
Loading weights:  37%|███▋      | 144/391 [00:00<00:00, 15267.44it/s, Materializing param=encoder.layer.8.intermediate.dense.bias]    
Loading weights:  37%|███▋      | 144/391 [00:00<00:00, 15267.44it/s, Materializing param=encoder.layer.8.intermediate.dense.bias]
Loading weights:  37%|███▋      | 145/391 [00:00<00:00, 15373.46it/s, Materializing param=encoder.layer.8.intermediate.dense.weight]
Loading weights:  37%|███▋      | 145/391 [00:00<00:00, 15373.46it/s, Materializing param=encoder.layer.8.intermediate.dense.weight]
Loading weights:  37%|███▋      | 146/391 [00:00<00:00, 15479.48it/s, Materializing param=encoder.layer.8.output.LayerNorm.bias]    
Loading weights:  37%|███▋      | 146/391 [00:00<00:00, 15479.48it/s, Materializing param=encoder.layer.8.output.LayerNorm.bias]
Loading weights:  38%|███▊      | 147/391 [00:00<00:00, 15585.51it/s, Materializing param=encoder.layer.8.output.LayerNorm.weight]
Loading weights:  38%|███▊      | 147/391 [00:00<00:00, 15585.51it/s, Materializing param=encoder.layer.8.output.LayerNorm.weight]
Loading weights:  38%|███▊      | 148/391 [00:00<00:00, 15691.53it/s, Materializing param=encoder.layer.8.output.dense.bias]      
Loading weights:  38%|███▊      | 148/391 [00:00<00:00, 15691.53it/s, Materializing param=encoder.layer.8.output.dense.bias]
Loading weights:  38%|███▊      | 149/391 [00:00<00:00, 15797.56it/s, Materializing param=encoder.layer.8.output.dense.weight]
Loading weights:  38%|███▊      | 149/391 [00:00<00:00, 15797.56it/s, Materializing param=encoder.layer.8.output.dense.weight]
Loading weights:  38%|███▊      | 150/391 [00:00<00:00, 15903.58it/s, Materializing param=encoder.layer.9.attention.output.LayerNorm.bias]
Loading weights:  38%|███▊      | 150/391 [00:00<00:00, 15903.58it/s, Materializing param=encoder.layer.9.attention.output.LayerNorm.bias]
Loading weights:  39%|███▊      | 151/391 [00:00<00:00, 16009.60it/s, Materializing param=encoder.layer.9.attention.output.LayerNorm.weight]
Loading weights:  39%|███▊      | 151/391 [00:00<00:00, 16009.60it/s, Materializing param=encoder.layer.9.attention.output.LayerNorm.weight]
Loading weights:  39%|███▉      | 152/391 [00:00<00:00, 16115.63it/s, Materializing param=encoder.layer.9.attention.output.dense.bias]      
Loading weights:  39%|███▉      | 152/391 [00:00<00:00, 16115.63it/s, Materializing param=encoder.layer.9.attention.output.dense.bias]
Loading weights:  39%|███▉      | 153/391 [00:00<00:00, 16221.65it/s, Materializing param=encoder.layer.9.attention.output.dense.weight]
Loading weights:  39%|███▉      | 153/391 [00:00<00:00, 16221.65it/s, Materializing param=encoder.layer.9.attention.output.dense.weight]
Loading weights:  39%|███▉      | 154/391 [00:00<00:00, 16327.67it/s, Materializing param=encoder.layer.9.attention.self.key.bias]      
Loading weights:  39%|███▉      | 154/391 [00:00<00:00, 16327.67it/s, Materializing param=encoder.layer.9.attention.self.key.bias]
Loading weights:  40%|███▉      | 155/391 [00:00<00:00, 16433.70it/s, Materializing param=encoder.layer.9.attention.self.key.weight]
Loading weights:  40%|███▉      | 155/391 [00:00<00:00, 16433.70it/s, Materializing param=encoder.layer.9.attention.self.key.weight]
Loading weights:  40%|███▉      | 156/391 [00:00<00:00, 16539.72it/s, Materializing param=encoder.layer.9.attention.self.query.bias]
Loading weights:  40%|███▉      | 156/391 [00:00<00:00, 16539.72it/s, Materializing param=encoder.layer.9.attention.self.query.bias]
Loading weights:  40%|████      | 157/391 [00:00<00:00, 16645.75it/s, Materializing param=encoder.layer.9.attention.self.query.weight]
Loading weights:  40%|████      | 157/391 [00:00<00:00, 16645.75it/s, Materializing param=encoder.layer.9.attention.self.query.weight]
Loading weights:  40%|████      | 158/391 [00:00<00:00, 16751.77it/s, Materializing param=encoder.layer.9.attention.self.value.bias]  
Loading weights:  40%|████      | 158/391 [00:00<00:00, 16751.77it/s, Materializing param=encoder.layer.9.attention.self.value.bias]
Loading weights:  41%|████      | 159/391 [00:00<00:00, 16857.79it/s, Materializing param=encoder.layer.9.attention.self.value.weight]
Loading weights:  41%|████      | 159/391 [00:00<00:00, 16857.79it/s, Materializing param=encoder.layer.9.attention.self.value.weight]
Loading weights:  41%|████      | 160/391 [00:00<00:00, 16963.82it/s, Materializing param=encoder.layer.9.intermediate.dense.bias]    
Loading weights:  41%|████      | 160/391 [00:00<00:00, 16963.82it/s, Materializing param=encoder.layer.9.intermediate.dense.bias]
Loading weights:  41%|████      | 161/391 [00:00<00:00, 17069.84it/s, Materializing param=encoder.layer.9.intermediate.dense.weight]
Loading weights:  41%|████      | 161/391 [00:00<00:00, 17069.84it/s, Materializing param=encoder.layer.9.intermediate.dense.weight]
Loading weights:  41%|████▏     | 162/391 [00:00<00:00, 17175.87it/s, Materializing param=encoder.layer.9.output.LayerNorm.bias]    
Loading weights:  41%|████▏     | 162/391 [00:00<00:00, 17175.87it/s, Materializing param=encoder.layer.9.output.LayerNorm.bias]
Loading weights:  42%|████▏     | 163/391 [00:00<00:00, 17281.89it/s, Materializing param=encoder.layer.9.output.LayerNorm.weight]
Loading weights:  42%|████▏     | 163/391 [00:00<00:00, 17281.89it/s, Materializing param=encoder.layer.9.output.LayerNorm.weight]
Loading weights:  42%|████▏     | 164/391 [00:00<00:00, 17387.91it/s, Materializing param=encoder.layer.9.output.dense.bias]      
Loading weights:  42%|████▏     | 164/391 [00:00<00:00, 17387.91it/s, Materializing param=encoder.layer.9.output.dense.bias]
Loading weights:  42%|████▏     | 165/391 [00:00<00:00, 17493.94it/s, Materializing param=encoder.layer.9.output.dense.weight]
Loading weights:  42%|████▏     | 165/391 [00:00<00:00, 17493.94it/s, Materializing param=encoder.layer.9.output.dense.weight]
Loading weights:  42%|████▏     | 166/391 [00:00<00:00, 17599.96it/s, Materializing param=encoder.layer.10.attention.output.LayerNorm.bias]
Loading weights:  42%|████▏     | 166/391 [00:00<00:00, 17599.96it/s, Materializing param=encoder.layer.10.attention.output.LayerNorm.bias]
Loading weights:  43%|████▎     | 167/391 [00:00<00:00, 17705.99it/s, Materializing param=encoder.layer.10.attention.output.LayerNorm.weight]
Loading weights:  43%|████▎     | 167/391 [00:00<00:00, 17705.99it/s, Materializing param=encoder.layer.10.attention.output.LayerNorm.weight]
Loading weights:  43%|████▎     | 168/391 [00:00<00:00, 17812.01it/s, Materializing param=encoder.layer.10.attention.output.dense.bias]      
Loading weights:  43%|████▎     | 168/391 [00:00<00:00, 17812.01it/s, Materializing param=encoder.layer.10.attention.output.dense.bias]
Loading weights:  43%|████▎     | 169/391 [00:00<00:00, 17918.03it/s, Materializing param=encoder.layer.10.attention.output.dense.weight]
Loading weights:  43%|████▎     | 169/391 [00:00<00:00, 17918.03it/s, Materializing param=encoder.layer.10.attention.output.dense.weight]
Loading weights:  43%|████▎     | 170/391 [00:00<00:00, 18024.06it/s, Materializing param=encoder.layer.10.attention.self.key.bias]      
Loading weights:  43%|████▎     | 170/391 [00:00<00:00, 18024.06it/s, Materializing param=encoder.layer.10.attention.self.key.bias]
Loading weights:  44%|████▎     | 171/391 [00:00<00:00, 18130.08it/s, Materializing param=encoder.layer.10.attention.self.key.weight]
Loading weights:  44%|████▎     | 171/391 [00:00<00:00, 18130.08it/s, Materializing param=encoder.layer.10.attention.self.key.weight]
Loading weights:  44%|████▍     | 172/391 [00:00<00:00, 18236.10it/s, Materializing param=encoder.layer.10.attention.self.query.bias]
Loading weights:  44%|████▍     | 172/391 [00:00<00:00, 18236.10it/s, Materializing param=encoder.layer.10.attention.self.query.bias]
Loading weights:  44%|████▍     | 173/391 [00:00<00:00, 18342.13it/s, Materializing param=encoder.layer.10.attention.self.query.weight]
Loading weights:  44%|████▍     | 173/391 [00:00<00:00, 18342.13it/s, Materializing param=encoder.layer.10.attention.self.query.weight]
Loading weights:  45%|████▍     | 174/391 [00:00<00:00, 18448.15it/s, Materializing param=encoder.layer.10.attention.self.value.bias]  
Loading weights:  45%|████▍     | 174/391 [00:00<00:00, 18448.15it/s, Materializing param=encoder.layer.10.attention.self.value.bias]
Loading weights:  45%|████▍     | 175/391 [00:00<00:00, 18554.18it/s, Materializing param=encoder.layer.10.attention.self.value.weight]
Loading weights:  45%|████▍     | 175/391 [00:00<00:00, 18554.18it/s, Materializing param=encoder.layer.10.attention.self.value.weight]
Loading weights:  45%|████▌     | 176/391 [00:00<00:00, 18660.20it/s, Materializing param=encoder.layer.10.intermediate.dense.bias]    
Loading weights:  45%|████▌     | 176/391 [00:00<00:00, 18660.20it/s, Materializing param=encoder.layer.10.intermediate.dense.bias]
Loading weights:  45%|████▌     | 177/391 [00:00<00:00, 18766.22it/s, Materializing param=encoder.layer.10.intermediate.dense.weight]
Loading weights:  45%|████▌     | 177/391 [00:00<00:00, 18766.22it/s, Materializing param=encoder.layer.10.intermediate.dense.weight]
Loading weights:  46%|████▌     | 178/391 [00:00<00:00, 18872.25it/s, Materializing param=encoder.layer.10.output.LayerNorm.bias]    
Loading weights:  46%|████▌     | 178/391 [00:00<00:00, 18872.25it/s, Materializing param=encoder.layer.10.output.LayerNorm.bias]
Loading weights:  46%|████▌     | 179/391 [00:00<00:00, 18978.27it/s, Materializing param=encoder.layer.10.output.LayerNorm.weight]
Loading weights:  46%|████▌     | 179/391 [00:00<00:00, 18978.27it/s, Materializing param=encoder.layer.10.output.LayerNorm.weight]
Loading weights:  46%|████▌     | 180/391 [00:00<00:00, 19084.30it/s, Materializing param=encoder.layer.10.output.dense.bias]      
Loading weights:  46%|████▌     | 180/391 [00:00<00:00, 19084.30it/s, Materializing param=encoder.layer.10.output.dense.bias]
Loading weights:  46%|████▋     | 181/391 [00:00<00:00, 19190.32it/s, Materializing param=encoder.layer.10.output.dense.weight]
Loading weights:  46%|████▋     | 181/391 [00:00<00:00, 19190.32it/s, Materializing param=encoder.layer.10.output.dense.weight]
Loading weights:  47%|████▋     | 182/391 [00:00<00:00, 19296.34it/s, Materializing param=encoder.layer.11.attention.output.LayerNorm.bias]
Loading weights:  47%|████▋     | 182/391 [00:00<00:00, 19296.34it/s, Materializing param=encoder.layer.11.attention.output.LayerNorm.bias]
Loading weights:  47%|████▋     | 183/391 [00:00<00:00, 19402.37it/s, Materializing param=encoder.layer.11.attention.output.LayerNorm.weight]
Loading weights:  47%|████▋     | 183/391 [00:00<00:00, 19402.37it/s, Materializing param=encoder.layer.11.attention.output.LayerNorm.weight]
Loading weights:  47%|████▋     | 184/391 [00:00<00:00, 19508.39it/s, Materializing param=encoder.layer.11.attention.output.dense.bias]      
Loading weights:  47%|████▋     | 184/391 [00:00<00:00, 19508.39it/s, Materializing param=encoder.layer.11.attention.output.dense.bias]
Loading weights:  47%|████▋     | 185/391 [00:00<00:00, 19614.41it/s, Materializing param=encoder.layer.11.attention.output.dense.weight]
Loading weights:  47%|████▋     | 185/391 [00:00<00:00, 19614.41it/s, Materializing param=encoder.layer.11.attention.output.dense.weight]
Loading weights:  48%|████▊     | 186/391 [00:00<00:00, 19720.44it/s, Materializing param=encoder.layer.11.attention.self.key.bias]      
Loading weights:  48%|████▊     | 186/391 [00:00<00:00, 19720.44it/s, Materializing param=encoder.layer.11.attention.self.key.bias]
Loading weights:  48%|████▊     | 187/391 [00:00<00:00, 19826.46it/s, Materializing param=encoder.layer.11.attention.self.key.weight]
Loading weights:  48%|████▊     | 187/391 [00:00<00:00, 19826.46it/s, Materializing param=encoder.layer.11.attention.self.key.weight]
Loading weights:  48%|████▊     | 188/391 [00:00<00:00, 19932.49it/s, Materializing param=encoder.layer.11.attention.self.query.bias]
Loading weights:  48%|████▊     | 188/391 [00:00<00:00, 19932.49it/s, Materializing param=encoder.layer.11.attention.self.query.bias]
Loading weights:  48%|████▊     | 189/391 [00:00<00:00, 20038.51it/s, Materializing param=encoder.layer.11.attention.self.query.weight]
Loading weights:  48%|████▊     | 189/391 [00:00<00:00, 20038.51it/s, Materializing param=encoder.layer.11.attention.self.query.weight]
Loading weights:  49%|████▊     | 190/391 [00:00<00:00, 20144.53it/s, Materializing param=encoder.layer.11.attention.self.value.bias]  
Loading weights:  49%|████▊     | 190/391 [00:00<00:00, 20144.53it/s, Materializing param=encoder.layer.11.attention.self.value.bias]
Loading weights:  49%|████▉     | 191/391 [00:00<00:00, 20250.56it/s, Materializing param=encoder.layer.11.attention.self.value.weight]
Loading weights:  49%|████▉     | 191/391 [00:00<00:00, 20250.56it/s, Materializing param=encoder.layer.11.attention.self.value.weight]
Loading weights:  49%|████▉     | 192/391 [00:00<00:00, 20356.58it/s, Materializing param=encoder.layer.11.intermediate.dense.bias]    
Loading weights:  49%|████▉     | 192/391 [00:00<00:00, 20356.58it/s, Materializing param=encoder.layer.11.intermediate.dense.bias]
Loading weights:  49%|████▉     | 193/391 [00:00<00:00, 20462.61it/s, Materializing param=encoder.layer.11.intermediate.dense.weight]
Loading weights:  49%|████▉     | 193/391 [00:00<00:00, 20462.61it/s, Materializing param=encoder.layer.11.intermediate.dense.weight]
Loading weights:  50%|████▉     | 194/391 [00:00<00:00, 20568.63it/s, Materializing param=encoder.layer.11.output.LayerNorm.bias]    
Loading weights:  50%|████▉     | 194/391 [00:00<00:00, 20568.63it/s, Materializing param=encoder.layer.11.output.LayerNorm.bias]
Loading weights:  50%|████▉     | 195/391 [00:00<00:00, 20674.65it/s, Materializing param=encoder.layer.11.output.LayerNorm.weight]
Loading weights:  50%|████▉     | 195/391 [00:00<00:00, 20674.65it/s, Materializing param=encoder.layer.11.output.LayerNorm.weight]
Loading weights:  50%|█████     | 196/391 [00:00<00:00, 20780.68it/s, Materializing param=encoder.layer.11.output.dense.bias]      
Loading weights:  50%|█████     | 196/391 [00:00<00:00, 20780.68it/s, Materializing param=encoder.layer.11.output.dense.bias]
Loading weights:  50%|█████     | 197/391 [00:00<00:00, 20886.70it/s, Materializing param=encoder.layer.11.output.dense.weight]
Loading weights:  50%|█████     | 197/391 [00:00<00:00, 20886.70it/s, Materializing param=encoder.layer.11.output.dense.weight]
Loading weights:  51%|█████     | 198/391 [00:00<00:00, 20992.72it/s, Materializing param=encoder.layer.12.attention.output.LayerNorm.bias]
Loading weights:  51%|█████     | 198/391 [00:00<00:00, 20992.72it/s, Materializing param=encoder.layer.12.attention.output.LayerNorm.bias]
Loading weights:  51%|█████     | 199/391 [00:00<00:00, 21098.75it/s, Materializing param=encoder.layer.12.attention.output.LayerNorm.weight]
Loading weights:  51%|█████     | 199/391 [00:00<00:00, 21098.75it/s, Materializing param=encoder.layer.12.attention.output.LayerNorm.weight]
Loading weights:  51%|█████     | 200/391 [00:00<00:00, 21204.77it/s, Materializing param=encoder.layer.12.attention.output.dense.bias]      
Loading weights:  51%|█████     | 200/391 [00:00<00:00, 21204.77it/s, Materializing param=encoder.layer.12.attention.output.dense.bias]
Loading weights:  51%|█████▏    | 201/391 [00:00<00:00, 21310.80it/s, Materializing param=encoder.layer.12.attention.output.dense.weight]
Loading weights:  51%|█████▏    | 201/391 [00:00<00:00, 21310.80it/s, Materializing param=encoder.layer.12.attention.output.dense.weight]
Loading weights:  52%|█████▏    | 202/391 [00:00<00:00, 21416.82it/s, Materializing param=encoder.layer.12.attention.self.key.bias]      
Loading weights:  52%|█████▏    | 202/391 [00:00<00:00, 21416.82it/s, Materializing param=encoder.layer.12.attention.self.key.bias]
Loading weights:  52%|█████▏    | 203/391 [00:00<00:00, 21522.84it/s, Materializing param=encoder.layer.12.attention.self.key.weight]
Loading weights:  52%|█████▏    | 203/391 [00:00<00:00, 21522.84it/s, Materializing param=encoder.layer.12.attention.self.key.weight]
Loading weights:  52%|█████▏    | 204/391 [00:00<00:00, 21628.87it/s, Materializing param=encoder.layer.12.attention.self.query.bias]
Loading weights:  52%|█████▏    | 204/391 [00:00<00:00, 21628.87it/s, Materializing param=encoder.layer.12.attention.self.query.bias]
Loading weights:  52%|█████▏    | 205/391 [00:00<00:00, 21734.89it/s, Materializing param=encoder.layer.12.attention.self.query.weight]
Loading weights:  52%|█████▏    | 205/391 [00:00<00:00, 21734.89it/s, Materializing param=encoder.layer.12.attention.self.query.weight]
Loading weights:  53%|█████▎    | 206/391 [00:00<00:00, 21840.92it/s, Materializing param=encoder.layer.12.attention.self.value.bias]  
Loading weights:  53%|█████▎    | 206/391 [00:00<00:00, 21840.92it/s, Materializing param=encoder.layer.12.attention.self.value.bias]
Loading weights:  53%|█████▎    | 207/391 [00:00<00:00, 21946.94it/s, Materializing param=encoder.layer.12.attention.self.value.weight]
Loading weights:  53%|█████▎    | 207/391 [00:00<00:00, 21946.94it/s, Materializing param=encoder.layer.12.attention.self.value.weight]
Loading weights:  53%|█████▎    | 208/391 [00:00<00:00, 22052.96it/s, Materializing param=encoder.layer.12.intermediate.dense.bias]    
Loading weights:  53%|█████▎    | 208/391 [00:00<00:00, 22052.96it/s, Materializing param=encoder.layer.12.intermediate.dense.bias]
Loading weights:  53%|█████▎    | 209/391 [00:00<00:00, 22158.99it/s, Materializing param=encoder.layer.12.intermediate.dense.weight]
Loading weights:  53%|█████▎    | 209/391 [00:00<00:00, 22158.99it/s, Materializing param=encoder.layer.12.intermediate.dense.weight]
Loading weights:  54%|█████▎    | 210/391 [00:00<00:00, 14651.98it/s, Materializing param=encoder.layer.12.output.LayerNorm.bias]    
Loading weights:  54%|█████▎    | 210/391 [00:00<00:00, 14651.98it/s, Materializing param=encoder.layer.12.output.LayerNorm.bias]
Loading weights:  54%|█████▍    | 211/391 [00:00<00:00, 14721.75it/s, Materializing param=encoder.layer.12.output.LayerNorm.weight]
Loading weights:  54%|█████▍    | 211/391 [00:00<00:00, 14721.75it/s, Materializing param=encoder.layer.12.output.LayerNorm.weight]
Loading weights:  54%|█████▍    | 212/391 [00:00<00:00, 14791.52it/s, Materializing param=encoder.layer.12.output.dense.bias]      
Loading weights:  54%|█████▍    | 212/391 [00:00<00:00, 14791.52it/s, Materializing param=encoder.layer.12.output.dense.bias]
Loading weights:  54%|█████▍    | 213/391 [00:00<00:00, 14861.30it/s, Materializing param=encoder.layer.12.output.dense.weight]
Loading weights:  54%|█████▍    | 213/391 [00:00<00:00, 14861.30it/s, Materializing param=encoder.layer.12.output.dense.weight]
Loading weights:  55%|█████▍    | 214/391 [00:00<00:00, 14931.07it/s, Materializing param=encoder.layer.13.attention.output.LayerNorm.bias]
Loading weights:  55%|█████▍    | 214/391 [00:00<00:00, 14931.07it/s, Materializing param=encoder.layer.13.attention.output.LayerNorm.bias]
Loading weights:  55%|█████▍    | 215/391 [00:00<00:00, 15000.84it/s, Materializing param=encoder.layer.13.attention.output.LayerNorm.weight]
Loading weights:  55%|█████▍    | 215/391 [00:00<00:00, 15000.84it/s, Materializing param=encoder.layer.13.attention.output.LayerNorm.weight]
Loading weights:  55%|█████▌    | 216/391 [00:00<00:00, 15070.61it/s, Materializing param=encoder.layer.13.attention.output.dense.bias]      
Loading weights:  55%|█████▌    | 216/391 [00:00<00:00, 15070.61it/s, Materializing param=encoder.layer.13.attention.output.dense.bias]
Loading weights:  55%|█████▌    | 217/391 [00:00<00:00, 15140.38it/s, Materializing param=encoder.layer.13.attention.output.dense.weight]
Loading weights:  55%|█████▌    | 217/391 [00:00<00:00, 15140.38it/s, Materializing param=encoder.layer.13.attention.output.dense.weight]
Loading weights:  56%|█████▌    | 218/391 [00:00<00:00, 15210.15it/s, Materializing param=encoder.layer.13.attention.self.key.bias]      
Loading weights:  56%|█████▌    | 218/391 [00:00<00:00, 15210.15it/s, Materializing param=encoder.layer.13.attention.self.key.bias]
Loading weights:  56%|█████▌    | 219/391 [00:00<00:00, 15279.92it/s, Materializing param=encoder.layer.13.attention.self.key.weight]
Loading weights:  56%|█████▌    | 219/391 [00:00<00:00, 15279.92it/s, Materializing param=encoder.layer.13.attention.self.key.weight]
Loading weights:  56%|█████▋    | 220/391 [00:00<00:00, 15349.69it/s, Materializing param=encoder.layer.13.attention.self.query.bias]
Loading weights:  56%|█████▋    | 220/391 [00:00<00:00, 15349.69it/s, Materializing param=encoder.layer.13.attention.self.query.bias]
Loading weights:  57%|█████▋    | 221/391 [00:00<00:00, 15419.47it/s, Materializing param=encoder.layer.13.attention.self.query.weight]
Loading weights:  57%|█████▋    | 221/391 [00:00<00:00, 15419.47it/s, Materializing param=encoder.layer.13.attention.self.query.weight]
Loading weights:  57%|█████▋    | 222/391 [00:00<00:00, 15489.24it/s, Materializing param=encoder.layer.13.attention.self.value.bias]  
Loading weights:  57%|█████▋    | 222/391 [00:00<00:00, 15489.24it/s, Materializing param=encoder.layer.13.attention.self.value.bias]
Loading weights:  57%|█████▋    | 223/391 [00:00<00:00, 15559.01it/s, Materializing param=encoder.layer.13.attention.self.value.weight]
Loading weights:  57%|█████▋    | 223/391 [00:00<00:00, 15559.01it/s, Materializing param=encoder.layer.13.attention.self.value.weight]
Loading weights:  57%|█████▋    | 224/391 [00:00<00:00, 15628.78it/s, Materializing param=encoder.layer.13.intermediate.dense.bias]    
Loading weights:  57%|█████▋    | 224/391 [00:00<00:00, 15628.78it/s, Materializing param=encoder.layer.13.intermediate.dense.bias]
Loading weights:  58%|█████▊    | 225/391 [00:00<00:00, 15698.55it/s, Materializing param=encoder.layer.13.intermediate.dense.weight]
Loading weights:  58%|█████▊    | 225/391 [00:00<00:00, 15698.55it/s, Materializing param=encoder.layer.13.intermediate.dense.weight]
Loading weights:  58%|█████▊    | 226/391 [00:00<00:00, 15768.32it/s, Materializing param=encoder.layer.13.output.LayerNorm.bias]    
Loading weights:  58%|█████▊    | 226/391 [00:00<00:00, 15768.32it/s, Materializing param=encoder.layer.13.output.LayerNorm.bias]
Loading weights:  58%|█████▊    | 227/391 [00:00<00:00, 15838.09it/s, Materializing param=encoder.layer.13.output.LayerNorm.weight]
Loading weights:  58%|█████▊    | 227/391 [00:00<00:00, 15838.09it/s, Materializing param=encoder.layer.13.output.LayerNorm.weight]
Loading weights:  58%|█████▊    | 228/391 [00:00<00:00, 15907.87it/s, Materializing param=encoder.layer.13.output.dense.bias]      
Loading weights:  58%|█████▊    | 228/391 [00:00<00:00, 15907.87it/s, Materializing param=encoder.layer.13.output.dense.bias]
Loading weights:  59%|█████▊    | 229/391 [00:00<00:00, 15977.64it/s, Materializing param=encoder.layer.13.output.dense.weight]
Loading weights:  59%|█████▊    | 229/391 [00:00<00:00, 15977.64it/s, Materializing param=encoder.layer.13.output.dense.weight]
Loading weights:  59%|█████▉    | 230/391 [00:00<00:00, 16047.41it/s, Materializing param=encoder.layer.14.attention.output.LayerNorm.bias]
Loading weights:  59%|█████▉    | 230/391 [00:00<00:00, 16047.41it/s, Materializing param=encoder.layer.14.attention.output.LayerNorm.bias]
Loading weights:  59%|█████▉    | 231/391 [00:00<00:00, 16117.18it/s, Materializing param=encoder.layer.14.attention.output.LayerNorm.weight]
Loading weights:  59%|█████▉    | 231/391 [00:00<00:00, 16117.18it/s, Materializing param=encoder.layer.14.attention.output.LayerNorm.weight]
Loading weights:  59%|█████▉    | 232/391 [00:00<00:00, 16186.95it/s, Materializing param=encoder.layer.14.attention.output.dense.bias]      
Loading weights:  59%|█████▉    | 232/391 [00:00<00:00, 16186.95it/s, Materializing param=encoder.layer.14.attention.output.dense.bias]
Loading weights:  60%|█████▉    | 233/391 [00:00<00:00, 16256.72it/s, Materializing param=encoder.layer.14.attention.output.dense.weight]
Loading weights:  60%|█████▉    | 233/391 [00:00<00:00, 16256.72it/s, Materializing param=encoder.layer.14.attention.output.dense.weight]
Loading weights:  60%|█████▉    | 234/391 [00:00<00:00, 16326.49it/s, Materializing param=encoder.layer.14.attention.self.key.bias]      
Loading weights:  60%|█████▉    | 234/391 [00:00<00:00, 16326.49it/s, Materializing param=encoder.layer.14.attention.self.key.bias]
Loading weights:  60%|██████    | 235/391 [00:00<00:00, 16396.26it/s, Materializing param=encoder.layer.14.attention.self.key.weight]
Loading weights:  60%|██████    | 235/391 [00:00<00:00, 16396.26it/s, Materializing param=encoder.layer.14.attention.self.key.weight]
Loading weights:  60%|██████    | 236/391 [00:00<00:00, 16466.04it/s, Materializing param=encoder.layer.14.attention.self.query.bias]
Loading weights:  60%|██████    | 236/391 [00:00<00:00, 16466.04it/s, Materializing param=encoder.layer.14.attention.self.query.bias]
Loading weights:  61%|██████    | 237/391 [00:00<00:00, 16535.81it/s, Materializing param=encoder.layer.14.attention.self.query.weight]
Loading weights:  61%|██████    | 237/391 [00:00<00:00, 16535.81it/s, Materializing param=encoder.layer.14.attention.self.query.weight]
Loading weights:  61%|██████    | 238/391 [00:00<00:00, 16605.58it/s, Materializing param=encoder.layer.14.attention.self.value.bias]  
Loading weights:  61%|██████    | 238/391 [00:00<00:00, 16605.58it/s, Materializing param=encoder.layer.14.attention.self.value.bias]
Loading weights:  61%|██████    | 239/391 [00:00<00:00, 16675.35it/s, Materializing param=encoder.layer.14.attention.self.value.weight]
Loading weights:  61%|██████    | 239/391 [00:00<00:00, 16675.35it/s, Materializing param=encoder.layer.14.attention.self.value.weight]
Loading weights:  61%|██████▏   | 240/391 [00:00<00:00, 16745.12it/s, Materializing param=encoder.layer.14.intermediate.dense.bias]    
Loading weights:  61%|██████▏   | 240/391 [00:00<00:00, 16745.12it/s, Materializing param=encoder.layer.14.intermediate.dense.bias]
Loading weights:  62%|██████▏   | 241/391 [00:00<00:00, 16814.89it/s, Materializing param=encoder.layer.14.intermediate.dense.weight]
Loading weights:  62%|██████▏   | 241/391 [00:00<00:00, 16814.89it/s, Materializing param=encoder.layer.14.intermediate.dense.weight]
Loading weights:  62%|██████▏   | 242/391 [00:00<00:00, 16884.66it/s, Materializing param=encoder.layer.14.output.LayerNorm.bias]    
Loading weights:  62%|██████▏   | 242/391 [00:00<00:00, 16884.66it/s, Materializing param=encoder.layer.14.output.LayerNorm.bias]
Loading weights:  62%|██████▏   | 243/391 [00:00<00:00, 16954.44it/s, Materializing param=encoder.layer.14.output.LayerNorm.weight]
Loading weights:  62%|██████▏   | 243/391 [00:00<00:00, 16954.44it/s, Materializing param=encoder.layer.14.output.LayerNorm.weight]
Loading weights:  62%|██████▏   | 244/391 [00:00<00:00, 17024.21it/s, Materializing param=encoder.layer.14.output.dense.bias]      
Loading weights:  62%|██████▏   | 244/391 [00:00<00:00, 17024.21it/s, Materializing param=encoder.layer.14.output.dense.bias]
Loading weights:  63%|██████▎   | 245/391 [00:00<00:00, 17093.98it/s, Materializing param=encoder.layer.14.output.dense.weight]
Loading weights:  63%|██████▎   | 245/391 [00:00<00:00, 17093.98it/s, Materializing param=encoder.layer.14.output.dense.weight]
Loading weights:  63%|██████▎   | 246/391 [00:00<00:00, 17163.75it/s, Materializing param=encoder.layer.15.attention.output.LayerNorm.bias]
Loading weights:  63%|██████▎   | 246/391 [00:00<00:00, 17163.75it/s, Materializing param=encoder.layer.15.attention.output.LayerNorm.bias]
Loading weights:  63%|██████▎   | 247/391 [00:00<00:00, 17233.52it/s, Materializing param=encoder.layer.15.attention.output.LayerNorm.weight]
Loading weights:  63%|██████▎   | 247/391 [00:00<00:00, 17233.52it/s, Materializing param=encoder.layer.15.attention.output.LayerNorm.weight]
Loading weights:  63%|██████▎   | 248/391 [00:00<00:00, 17303.29it/s, Materializing param=encoder.layer.15.attention.output.dense.bias]      
Loading weights:  63%|██████▎   | 248/391 [00:00<00:00, 17303.29it/s, Materializing param=encoder.layer.15.attention.output.dense.bias]
Loading weights:  64%|██████▎   | 249/391 [00:00<00:00, 17373.06it/s, Materializing param=encoder.layer.15.attention.output.dense.weight]
Loading weights:  64%|██████▎   | 249/391 [00:00<00:00, 17373.06it/s, Materializing param=encoder.layer.15.attention.output.dense.weight]
Loading weights:  64%|██████▍   | 250/391 [00:00<00:00, 17442.83it/s, Materializing param=encoder.layer.15.attention.self.key.bias]      
Loading weights:  64%|██████▍   | 250/391 [00:00<00:00, 17442.83it/s, Materializing param=encoder.layer.15.attention.self.key.bias]
Loading weights:  64%|██████▍   | 251/391 [00:00<00:00, 17512.61it/s, Materializing param=encoder.layer.15.attention.self.key.weight]
Loading weights:  64%|██████▍   | 251/391 [00:00<00:00, 17512.61it/s, Materializing param=encoder.layer.15.attention.self.key.weight]
Loading weights:  64%|██████▍   | 252/391 [00:00<00:00, 17582.38it/s, Materializing param=encoder.layer.15.attention.self.query.bias]
Loading weights:  64%|██████▍   | 252/391 [00:00<00:00, 17582.38it/s, Materializing param=encoder.layer.15.attention.self.query.bias]
Loading weights:  65%|██████▍   | 253/391 [00:00<00:00, 17652.15it/s, Materializing param=encoder.layer.15.attention.self.query.weight]
Loading weights:  65%|██████▍   | 253/391 [00:00<00:00, 17652.15it/s, Materializing param=encoder.layer.15.attention.self.query.weight]
Loading weights:  65%|██████▍   | 254/391 [00:00<00:00, 17721.92it/s, Materializing param=encoder.layer.15.attention.self.value.bias]  
Loading weights:  65%|██████▍   | 254/391 [00:00<00:00, 17721.92it/s, Materializing param=encoder.layer.15.attention.self.value.bias]
Loading weights:  65%|██████▌   | 255/391 [00:00<00:00, 17791.69it/s, Materializing param=encoder.layer.15.attention.self.value.weight]
Loading weights:  65%|██████▌   | 255/391 [00:00<00:00, 17791.69it/s, Materializing param=encoder.layer.15.attention.self.value.weight]
Loading weights:  65%|██████▌   | 256/391 [00:00<00:00, 17861.46it/s, Materializing param=encoder.layer.15.intermediate.dense.bias]    
Loading weights:  65%|██████▌   | 256/391 [00:00<00:00, 17861.46it/s, Materializing param=encoder.layer.15.intermediate.dense.bias]
Loading weights:  66%|██████▌   | 257/391 [00:00<00:00, 17931.23it/s, Materializing param=encoder.layer.15.intermediate.dense.weight]
Loading weights:  66%|██████▌   | 257/391 [00:00<00:00, 17931.23it/s, Materializing param=encoder.layer.15.intermediate.dense.weight]
Loading weights:  66%|██████▌   | 258/391 [00:00<00:00, 18001.01it/s, Materializing param=encoder.layer.15.output.LayerNorm.bias]    
Loading weights:  66%|██████▌   | 258/391 [00:00<00:00, 18001.01it/s, Materializing param=encoder.layer.15.output.LayerNorm.bias]
Loading weights:  66%|██████▌   | 259/391 [00:00<00:00, 18070.78it/s, Materializing param=encoder.layer.15.output.LayerNorm.weight]
Loading weights:  66%|██████▌   | 259/391 [00:00<00:00, 18070.78it/s, Materializing param=encoder.layer.15.output.LayerNorm.weight]
Loading weights:  66%|██████▋   | 260/391 [00:00<00:00, 18140.55it/s, Materializing param=encoder.layer.15.output.dense.bias]      
Loading weights:  66%|██████▋   | 260/391 [00:00<00:00, 18140.55it/s, Materializing param=encoder.layer.15.output.dense.bias]
Loading weights:  67%|██████▋   | 261/391 [00:00<00:00, 18210.32it/s, Materializing param=encoder.layer.15.output.dense.weight]
Loading weights:  67%|██████▋   | 261/391 [00:00<00:00, 18210.32it/s, Materializing param=encoder.layer.15.output.dense.weight]
Loading weights:  67%|██████▋   | 262/391 [00:00<00:00, 18280.09it/s, Materializing param=encoder.layer.16.attention.output.LayerNorm.bias]
Loading weights:  67%|██████▋   | 262/391 [00:00<00:00, 18280.09it/s, Materializing param=encoder.layer.16.attention.output.LayerNorm.bias]
Loading weights:  67%|██████▋   | 263/391 [00:00<00:00, 18349.86it/s, Materializing param=encoder.layer.16.attention.output.LayerNorm.weight]
Loading weights:  67%|██████▋   | 263/391 [00:00<00:00, 18349.86it/s, Materializing param=encoder.layer.16.attention.output.LayerNorm.weight]
Loading weights:  68%|██████▊   | 264/391 [00:00<00:00, 18419.63it/s, Materializing param=encoder.layer.16.attention.output.dense.bias]      
Loading weights:  68%|██████▊   | 264/391 [00:00<00:00, 18419.63it/s, Materializing param=encoder.layer.16.attention.output.dense.bias]
Loading weights:  68%|██████▊   | 265/391 [00:00<00:00, 18489.40it/s, Materializing param=encoder.layer.16.attention.output.dense.weight]
Loading weights:  68%|██████▊   | 265/391 [00:00<00:00, 18489.40it/s, Materializing param=encoder.layer.16.attention.output.dense.weight]
Loading weights:  68%|██████▊   | 266/391 [00:00<00:00, 18559.18it/s, Materializing param=encoder.layer.16.attention.self.key.bias]      
Loading weights:  68%|██████▊   | 266/391 [00:00<00:00, 18559.18it/s, Materializing param=encoder.layer.16.attention.self.key.bias]
Loading weights:  68%|██████▊   | 267/391 [00:00<00:00, 18628.95it/s, Materializing param=encoder.layer.16.attention.self.key.weight]
Loading weights:  68%|██████▊   | 267/391 [00:00<00:00, 18628.95it/s, Materializing param=encoder.layer.16.attention.self.key.weight]
Loading weights:  69%|██████▊   | 268/391 [00:00<00:00, 18698.72it/s, Materializing param=encoder.layer.16.attention.self.query.bias]
Loading weights:  69%|██████▊   | 268/391 [00:00<00:00, 18698.72it/s, Materializing param=encoder.layer.16.attention.self.query.bias]
Loading weights:  69%|██████▉   | 269/391 [00:00<00:00, 18768.49it/s, Materializing param=encoder.layer.16.attention.self.query.weight]
Loading weights:  69%|██████▉   | 269/391 [00:00<00:00, 18768.49it/s, Materializing param=encoder.layer.16.attention.self.query.weight]
Loading weights:  69%|██████▉   | 270/391 [00:00<00:00, 18838.26it/s, Materializing param=encoder.layer.16.attention.self.value.bias]  
Loading weights:  69%|██████▉   | 270/391 [00:00<00:00, 18838.26it/s, Materializing param=encoder.layer.16.attention.self.value.bias]
Loading weights:  69%|██████▉   | 271/391 [00:00<00:00, 18908.03it/s, Materializing param=encoder.layer.16.attention.self.value.weight]
Loading weights:  69%|██████▉   | 271/391 [00:00<00:00, 18908.03it/s, Materializing param=encoder.layer.16.attention.self.value.weight]
Loading weights:  70%|██████▉   | 272/391 [00:00<00:00, 18977.80it/s, Materializing param=encoder.layer.16.intermediate.dense.bias]    
Loading weights:  70%|██████▉   | 272/391 [00:00<00:00, 18977.80it/s, Materializing param=encoder.layer.16.intermediate.dense.bias]
Loading weights:  70%|██████▉   | 273/391 [00:00<00:00, 19047.58it/s, Materializing param=encoder.layer.16.intermediate.dense.weight]
Loading weights:  70%|██████▉   | 273/391 [00:00<00:00, 19047.58it/s, Materializing param=encoder.layer.16.intermediate.dense.weight]
Loading weights:  70%|███████   | 274/391 [00:00<00:00, 19117.35it/s, Materializing param=encoder.layer.16.output.LayerNorm.bias]    
Loading weights:  70%|███████   | 274/391 [00:00<00:00, 19117.35it/s, Materializing param=encoder.layer.16.output.LayerNorm.bias]
Loading weights:  70%|███████   | 275/391 [00:00<00:00, 19187.12it/s, Materializing param=encoder.layer.16.output.LayerNorm.weight]
Loading weights:  70%|███████   | 275/391 [00:00<00:00, 19187.12it/s, Materializing param=encoder.layer.16.output.LayerNorm.weight]
Loading weights:  71%|███████   | 276/391 [00:00<00:00, 19256.89it/s, Materializing param=encoder.layer.16.output.dense.bias]      
Loading weights:  71%|███████   | 276/391 [00:00<00:00, 19256.89it/s, Materializing param=encoder.layer.16.output.dense.bias]
Loading weights:  71%|███████   | 277/391 [00:00<00:00, 19326.66it/s, Materializing param=encoder.layer.16.output.dense.weight]
Loading weights:  71%|███████   | 277/391 [00:00<00:00, 19326.66it/s, Materializing param=encoder.layer.16.output.dense.weight]
Loading weights:  71%|███████   | 278/391 [00:00<00:00, 19396.43it/s, Materializing param=encoder.layer.17.attention.output.LayerNorm.bias]
Loading weights:  71%|███████   | 278/391 [00:00<00:00, 19396.43it/s, Materializing param=encoder.layer.17.attention.output.LayerNorm.bias]
Loading weights:  71%|███████▏  | 279/391 [00:00<00:00, 19466.20it/s, Materializing param=encoder.layer.17.attention.output.LayerNorm.weight]
Loading weights:  71%|███████▏  | 279/391 [00:00<00:00, 19466.20it/s, Materializing param=encoder.layer.17.attention.output.LayerNorm.weight]
Loading weights:  72%|███████▏  | 280/391 [00:00<00:00, 19535.97it/s, Materializing param=encoder.layer.17.attention.output.dense.bias]      
Loading weights:  72%|███████▏  | 280/391 [00:00<00:00, 19535.97it/s, Materializing param=encoder.layer.17.attention.output.dense.bias]
Loading weights:  72%|███████▏  | 281/391 [00:00<00:00, 19605.75it/s, Materializing param=encoder.layer.17.attention.output.dense.weight]
Loading weights:  72%|███████▏  | 281/391 [00:00<00:00, 19605.75it/s, Materializing param=encoder.layer.17.attention.output.dense.weight]
Loading weights:  72%|███████▏  | 282/391 [00:00<00:00, 19675.52it/s, Materializing param=encoder.layer.17.attention.self.key.bias]      
Loading weights:  72%|███████▏  | 282/391 [00:00<00:00, 19675.52it/s, Materializing param=encoder.layer.17.attention.self.key.bias]
Loading weights:  72%|███████▏  | 283/391 [00:00<00:00, 19745.29it/s, Materializing param=encoder.layer.17.attention.self.key.weight]
Loading weights:  72%|███████▏  | 283/391 [00:00<00:00, 19745.29it/s, Materializing param=encoder.layer.17.attention.self.key.weight]
Loading weights:  73%|███████▎  | 284/391 [00:00<00:00, 19815.06it/s, Materializing param=encoder.layer.17.attention.self.query.bias]
Loading weights:  73%|███████▎  | 284/391 [00:00<00:00, 19815.06it/s, Materializing param=encoder.layer.17.attention.self.query.bias]
Loading weights:  73%|███████▎  | 285/391 [00:00<00:00, 19884.83it/s, Materializing param=encoder.layer.17.attention.self.query.weight]
Loading weights:  73%|███████▎  | 285/391 [00:00<00:00, 19884.83it/s, Materializing param=encoder.layer.17.attention.self.query.weight]
Loading weights:  73%|███████▎  | 286/391 [00:00<00:00, 19954.60it/s, Materializing param=encoder.layer.17.attention.self.value.bias]  
Loading weights:  73%|███████▎  | 286/391 [00:00<00:00, 19954.60it/s, Materializing param=encoder.layer.17.attention.self.value.bias]
Loading weights:  73%|███████▎  | 287/391 [00:00<00:00, 20024.37it/s, Materializing param=encoder.layer.17.attention.self.value.weight]
Loading weights:  73%|███████▎  | 287/391 [00:00<00:00, 20024.37it/s, Materializing param=encoder.layer.17.attention.self.value.weight]
Loading weights:  74%|███████▎  | 288/391 [00:00<00:00, 20094.15it/s, Materializing param=encoder.layer.17.intermediate.dense.bias]    
Loading weights:  74%|███████▎  | 288/391 [00:00<00:00, 20094.15it/s, Materializing param=encoder.layer.17.intermediate.dense.bias]
Loading weights:  74%|███████▍  | 289/391 [00:00<00:00, 20163.92it/s, Materializing param=encoder.layer.17.intermediate.dense.weight]
Loading weights:  74%|███████▍  | 289/391 [00:00<00:00, 20163.92it/s, Materializing param=encoder.layer.17.intermediate.dense.weight]
Loading weights:  74%|███████▍  | 290/391 [00:00<00:00, 20233.69it/s, Materializing param=encoder.layer.17.output.LayerNorm.bias]    
Loading weights:  74%|███████▍  | 290/391 [00:00<00:00, 20233.69it/s, Materializing param=encoder.layer.17.output.LayerNorm.bias]
Loading weights:  74%|███████▍  | 291/391 [00:00<00:00, 20303.46it/s, Materializing param=encoder.layer.17.output.LayerNorm.weight]
Loading weights:  74%|███████▍  | 291/391 [00:00<00:00, 20303.46it/s, Materializing param=encoder.layer.17.output.LayerNorm.weight]
Loading weights:  75%|███████▍  | 292/391 [00:00<00:00, 20373.23it/s, Materializing param=encoder.layer.17.output.dense.bias]      
Loading weights:  75%|███████▍  | 292/391 [00:00<00:00, 20373.23it/s, Materializing param=encoder.layer.17.output.dense.bias]
Loading weights:  75%|███████▍  | 293/391 [00:00<00:00, 20443.00it/s, Materializing param=encoder.layer.17.output.dense.weight]
Loading weights:  75%|███████▍  | 293/391 [00:00<00:00, 20443.00it/s, Materializing param=encoder.layer.17.output.dense.weight]
Loading weights:  75%|███████▌  | 294/391 [00:00<00:00, 20512.77it/s, Materializing param=encoder.layer.18.attention.output.LayerNorm.bias]
Loading weights:  75%|███████▌  | 294/391 [00:00<00:00, 20512.77it/s, Materializing param=encoder.layer.18.attention.output.LayerNorm.bias]
Loading weights:  75%|███████▌  | 295/391 [00:00<00:00, 20582.54it/s, Materializing param=encoder.layer.18.attention.output.LayerNorm.weight]
Loading weights:  75%|███████▌  | 295/391 [00:00<00:00, 20582.54it/s, Materializing param=encoder.layer.18.attention.output.LayerNorm.weight]
Loading weights:  76%|███████▌  | 296/391 [00:00<00:00, 20652.32it/s, Materializing param=encoder.layer.18.attention.output.dense.bias]      
Loading weights:  76%|███████▌  | 296/391 [00:00<00:00, 20652.32it/s, Materializing param=encoder.layer.18.attention.output.dense.bias]
Loading weights:  76%|███████▌  | 297/391 [00:00<00:00, 20722.09it/s, Materializing param=encoder.layer.18.attention.output.dense.weight]
Loading weights:  76%|███████▌  | 297/391 [00:00<00:00, 20722.09it/s, Materializing param=encoder.layer.18.attention.output.dense.weight]
Loading weights:  76%|███████▌  | 298/391 [00:00<00:00, 20791.86it/s, Materializing param=encoder.layer.18.attention.self.key.bias]      
Loading weights:  76%|███████▌  | 298/391 [00:00<00:00, 20791.86it/s, Materializing param=encoder.layer.18.attention.self.key.bias]
Loading weights:  76%|███████▋  | 299/391 [00:00<00:00, 20861.63it/s, Materializing param=encoder.layer.18.attention.self.key.weight]
Loading weights:  76%|███████▋  | 299/391 [00:00<00:00, 20861.63it/s, Materializing param=encoder.layer.18.attention.self.key.weight]
Loading weights:  77%|███████▋  | 300/391 [00:00<00:00, 20931.40it/s, Materializing param=encoder.layer.18.attention.self.query.bias]
Loading weights:  77%|███████▋  | 300/391 [00:00<00:00, 20931.40it/s, Materializing param=encoder.layer.18.attention.self.query.bias]
Loading weights:  77%|███████▋  | 301/391 [00:00<00:00, 21001.17it/s, Materializing param=encoder.layer.18.attention.self.query.weight]
Loading weights:  77%|███████▋  | 301/391 [00:00<00:00, 21001.17it/s, Materializing param=encoder.layer.18.attention.self.query.weight]
Loading weights:  77%|███████▋  | 302/391 [00:00<00:00, 21070.94it/s, Materializing param=encoder.layer.18.attention.self.value.bias]  
Loading weights:  77%|███████▋  | 302/391 [00:00<00:00, 21070.94it/s, Materializing param=encoder.layer.18.attention.self.value.bias]
Loading weights:  77%|███████▋  | 303/391 [00:00<00:00, 21140.72it/s, Materializing param=encoder.layer.18.attention.self.value.weight]
Loading weights:  77%|███████▋  | 303/391 [00:00<00:00, 21140.72it/s, Materializing param=encoder.layer.18.attention.self.value.weight]
Loading weights:  78%|███████▊  | 304/391 [00:00<00:00, 21210.49it/s, Materializing param=encoder.layer.18.intermediate.dense.bias]    
Loading weights:  78%|███████▊  | 304/391 [00:00<00:00, 21210.49it/s, Materializing param=encoder.layer.18.intermediate.dense.bias]
Loading weights:  78%|███████▊  | 305/391 [00:00<00:00, 21280.26it/s, Materializing param=encoder.layer.18.intermediate.dense.weight]
Loading weights:  78%|███████▊  | 305/391 [00:00<00:00, 21280.26it/s, Materializing param=encoder.layer.18.intermediate.dense.weight]
Loading weights:  78%|███████▊  | 306/391 [00:00<00:00, 21350.03it/s, Materializing param=encoder.layer.18.output.LayerNorm.bias]    
Loading weights:  78%|███████▊  | 306/391 [00:00<00:00, 21350.03it/s, Materializing param=encoder.layer.18.output.LayerNorm.bias]
Loading weights:  79%|███████▊  | 307/391 [00:00<00:00, 21419.80it/s, Materializing param=encoder.layer.18.output.LayerNorm.weight]
Loading weights:  79%|███████▊  | 307/391 [00:00<00:00, 21419.80it/s, Materializing param=encoder.layer.18.output.LayerNorm.weight]
Loading weights:  79%|███████▉  | 308/391 [00:00<00:00, 21489.57it/s, Materializing param=encoder.layer.18.output.dense.bias]      
Loading weights:  79%|███████▉  | 308/391 [00:00<00:00, 21489.57it/s, Materializing param=encoder.layer.18.output.dense.bias]
Loading weights:  79%|███████▉  | 309/391 [00:00<00:00, 21559.34it/s, Materializing param=encoder.layer.18.output.dense.weight]
Loading weights:  79%|███████▉  | 309/391 [00:00<00:00, 21559.34it/s, Materializing param=encoder.layer.18.output.dense.weight]
Loading weights:  79%|███████▉  | 310/391 [00:00<00:00, 21629.11it/s, Materializing param=encoder.layer.19.attention.output.LayerNorm.bias]
Loading weights:  79%|███████▉  | 310/391 [00:00<00:00, 21629.11it/s, Materializing param=encoder.layer.19.attention.output.LayerNorm.bias]
Loading weights:  80%|███████▉  | 311/391 [00:00<00:00, 21698.89it/s, Materializing param=encoder.layer.19.attention.output.LayerNorm.weight]
Loading weights:  80%|███████▉  | 311/391 [00:00<00:00, 21698.89it/s, Materializing param=encoder.layer.19.attention.output.LayerNorm.weight]
Loading weights:  80%|███████▉  | 312/391 [00:00<00:00, 21768.66it/s, Materializing param=encoder.layer.19.attention.output.dense.bias]      
Loading weights:  80%|███████▉  | 312/391 [00:00<00:00, 21768.66it/s, Materializing param=encoder.layer.19.attention.output.dense.bias]
Loading weights:  80%|████████  | 313/391 [00:00<00:00, 21838.43it/s, Materializing param=encoder.layer.19.attention.output.dense.weight]
Loading weights:  80%|████████  | 313/391 [00:00<00:00, 21838.43it/s, Materializing param=encoder.layer.19.attention.output.dense.weight]
Loading weights:  80%|████████  | 314/391 [00:00<00:00, 21908.20it/s, Materializing param=encoder.layer.19.attention.self.key.bias]      
Loading weights:  80%|████████  | 314/391 [00:00<00:00, 21908.20it/s, Materializing param=encoder.layer.19.attention.self.key.bias]
Loading weights:  81%|████████  | 315/391 [00:00<00:00, 21977.97it/s, Materializing param=encoder.layer.19.attention.self.key.weight]
Loading weights:  81%|████████  | 315/391 [00:00<00:00, 21977.97it/s, Materializing param=encoder.layer.19.attention.self.key.weight]
Loading weights:  81%|████████  | 316/391 [00:00<00:00, 22047.74it/s, Materializing param=encoder.layer.19.attention.self.query.bias]
Loading weights:  81%|████████  | 316/391 [00:00<00:00, 22047.74it/s, Materializing param=encoder.layer.19.attention.self.query.bias]
Loading weights:  81%|████████  | 317/391 [00:00<00:00, 22117.51it/s, Materializing param=encoder.layer.19.attention.self.query.weight]
Loading weights:  81%|████████  | 317/391 [00:00<00:00, 22117.51it/s, Materializing param=encoder.layer.19.attention.self.query.weight]
Loading weights:  81%|████████▏ | 318/391 [00:00<00:00, 22187.29it/s, Materializing param=encoder.layer.19.attention.self.value.bias]  
Loading weights:  81%|████████▏ | 318/391 [00:00<00:00, 22187.29it/s, Materializing param=encoder.layer.19.attention.self.value.bias]
Loading weights:  82%|████████▏ | 319/391 [00:00<00:00, 22257.06it/s, Materializing param=encoder.layer.19.attention.self.value.weight]
Loading weights:  82%|████████▏ | 319/391 [00:00<00:00, 22257.06it/s, Materializing param=encoder.layer.19.attention.self.value.weight]
Loading weights:  82%|████████▏ | 320/391 [00:00<00:00, 22326.83it/s, Materializing param=encoder.layer.19.intermediate.dense.bias]    
Loading weights:  82%|████████▏ | 320/391 [00:00<00:00, 22326.83it/s, Materializing param=encoder.layer.19.intermediate.dense.bias]
Loading weights:  82%|████████▏ | 321/391 [00:00<00:00, 22396.60it/s, Materializing param=encoder.layer.19.intermediate.dense.weight]
Loading weights:  82%|████████▏ | 321/391 [00:00<00:00, 22396.60it/s, Materializing param=encoder.layer.19.intermediate.dense.weight]
Loading weights:  82%|████████▏ | 322/391 [00:00<00:00, 22466.37it/s, Materializing param=encoder.layer.19.output.LayerNorm.bias]    
Loading weights:  82%|████████▏ | 322/391 [00:00<00:00, 22466.37it/s, Materializing param=encoder.layer.19.output.LayerNorm.bias]
Loading weights:  83%|████████▎ | 323/391 [00:00<00:00, 22536.14it/s, Materializing param=encoder.layer.19.output.LayerNorm.weight]
Loading weights:  83%|████████▎ | 323/391 [00:00<00:00, 22536.14it/s, Materializing param=encoder.layer.19.output.LayerNorm.weight]
Loading weights:  83%|████████▎ | 324/391 [00:00<00:00, 22605.91it/s, Materializing param=encoder.layer.19.output.dense.bias]      
Loading weights:  83%|████████▎ | 324/391 [00:00<00:00, 22605.91it/s, Materializing param=encoder.layer.19.output.dense.bias]
Loading weights:  83%|████████▎ | 325/391 [00:00<00:00, 22675.68it/s, Materializing param=encoder.layer.19.output.dense.weight]
Loading weights:  83%|████████▎ | 325/391 [00:00<00:00, 22675.68it/s, Materializing param=encoder.layer.19.output.dense.weight]
Loading weights:  83%|████████▎ | 326/391 [00:00<00:00, 22745.46it/s, Materializing param=encoder.layer.20.attention.output.LayerNorm.bias]
Loading weights:  83%|████████▎ | 326/391 [00:00<00:00, 22745.46it/s, Materializing param=encoder.layer.20.attention.output.LayerNorm.bias]
Loading weights:  84%|████████▎ | 327/391 [00:00<00:00, 22815.23it/s, Materializing param=encoder.layer.20.attention.output.LayerNorm.weight]
Loading weights:  84%|████████▎ | 327/391 [00:00<00:00, 22815.23it/s, Materializing param=encoder.layer.20.attention.output.LayerNorm.weight]
Loading weights:  84%|████████▍ | 328/391 [00:00<00:00, 22885.00it/s, Materializing param=encoder.layer.20.attention.output.dense.bias]      
Loading weights:  84%|████████▍ | 328/391 [00:00<00:00, 22885.00it/s, Materializing param=encoder.layer.20.attention.output.dense.bias]
Loading weights:  84%|████████▍ | 329/391 [00:00<00:00, 22954.77it/s, Materializing param=encoder.layer.20.attention.output.dense.weight]
Loading weights:  84%|████████▍ | 329/391 [00:00<00:00, 22954.77it/s, Materializing param=encoder.layer.20.attention.output.dense.weight]
Loading weights:  84%|████████▍ | 330/391 [00:00<00:00, 23024.54it/s, Materializing param=encoder.layer.20.attention.self.key.bias]      
Loading weights:  84%|████████▍ | 330/391 [00:00<00:00, 23024.54it/s, Materializing param=encoder.layer.20.attention.self.key.bias]
Loading weights:  85%|████████▍ | 331/391 [00:00<00:00, 23094.31it/s, Materializing param=encoder.layer.20.attention.self.key.weight]
Loading weights:  85%|████████▍ | 331/391 [00:00<00:00, 23094.31it/s, Materializing param=encoder.layer.20.attention.self.key.weight]
Loading weights:  85%|████████▍ | 332/391 [00:00<00:00, 23164.08it/s, Materializing param=encoder.layer.20.attention.self.query.bias]
Loading weights:  85%|████████▍ | 332/391 [00:00<00:00, 23164.08it/s, Materializing param=encoder.layer.20.attention.self.query.bias]
Loading weights:  85%|████████▌ | 333/391 [00:00<00:00, 23233.86it/s, Materializing param=encoder.layer.20.attention.self.query.weight]
Loading weights:  85%|████████▌ | 333/391 [00:00<00:00, 23233.86it/s, Materializing param=encoder.layer.20.attention.self.query.weight]
Loading weights:  85%|████████▌ | 334/391 [00:00<00:00, 23303.63it/s, Materializing param=encoder.layer.20.attention.self.value.bias]  
Loading weights:  85%|████████▌ | 334/391 [00:00<00:00, 23303.63it/s, Materializing param=encoder.layer.20.attention.self.value.bias]
Loading weights:  86%|████████▌ | 335/391 [00:00<00:00, 23373.40it/s, Materializing param=encoder.layer.20.attention.self.value.weight]
Loading weights:  86%|████████▌ | 335/391 [00:00<00:00, 23373.40it/s, Materializing param=encoder.layer.20.attention.self.value.weight]
Loading weights:  86%|████████▌ | 336/391 [00:00<00:00, 23443.17it/s, Materializing param=encoder.layer.20.intermediate.dense.bias]    
Loading weights:  86%|████████▌ | 336/391 [00:00<00:00, 23443.17it/s, Materializing param=encoder.layer.20.intermediate.dense.bias]
Loading weights:  86%|████████▌ | 337/391 [00:00<00:00, 23512.94it/s, Materializing param=encoder.layer.20.intermediate.dense.weight]
Loading weights:  86%|████████▌ | 337/391 [00:00<00:00, 23512.94it/s, Materializing param=encoder.layer.20.intermediate.dense.weight]
Loading weights:  86%|████████▋ | 338/391 [00:00<00:00, 23582.71it/s, Materializing param=encoder.layer.20.output.LayerNorm.bias]    
Loading weights:  86%|████████▋ | 338/391 [00:00<00:00, 23582.71it/s, Materializing param=encoder.layer.20.output.LayerNorm.bias]
Loading weights:  87%|████████▋ | 339/391 [00:00<00:00, 23652.48it/s, Materializing param=encoder.layer.20.output.LayerNorm.weight]
Loading weights:  87%|████████▋ | 339/391 [00:00<00:00, 23652.48it/s, Materializing param=encoder.layer.20.output.LayerNorm.weight]
Loading weights:  87%|████████▋ | 340/391 [00:00<00:00, 23722.26it/s, Materializing param=encoder.layer.20.output.dense.bias]      
Loading weights:  87%|████████▋ | 340/391 [00:00<00:00, 23722.26it/s, Materializing param=encoder.layer.20.output.dense.bias]
Loading weights:  87%|████████▋ | 341/391 [00:00<00:00, 23792.03it/s, Materializing param=encoder.layer.20.output.dense.weight]
Loading weights:  87%|████████▋ | 341/391 [00:00<00:00, 23792.03it/s, Materializing param=encoder.layer.20.output.dense.weight]
Loading weights:  87%|████████▋ | 342/391 [00:00<00:00, 23861.80it/s, Materializing param=encoder.layer.21.attention.output.LayerNorm.bias]
Loading weights:  87%|████████▋ | 342/391 [00:00<00:00, 23861.80it/s, Materializing param=encoder.layer.21.attention.output.LayerNorm.bias]
Loading weights:  88%|████████▊ | 343/391 [00:00<00:00, 23931.57it/s, Materializing param=encoder.layer.21.attention.output.LayerNorm.weight]
Loading weights:  88%|████████▊ | 343/391 [00:00<00:00, 23931.57it/s, Materializing param=encoder.layer.21.attention.output.LayerNorm.weight]
Loading weights:  88%|████████▊ | 344/391 [00:00<00:00, 24001.34it/s, Materializing param=encoder.layer.21.attention.output.dense.bias]      
Loading weights:  88%|████████▊ | 344/391 [00:00<00:00, 24001.34it/s, Materializing param=encoder.layer.21.attention.output.dense.bias]
Loading weights:  88%|████████▊ | 345/391 [00:00<00:00, 24071.11it/s, Materializing param=encoder.layer.21.attention.output.dense.weight]
Loading weights:  88%|████████▊ | 345/391 [00:00<00:00, 24071.11it/s, Materializing param=encoder.layer.21.attention.output.dense.weight]
Loading weights:  88%|████████▊ | 346/391 [00:00<00:00, 24140.88it/s, Materializing param=encoder.layer.21.attention.self.key.bias]      
Loading weights:  88%|████████▊ | 346/391 [00:00<00:00, 24140.88it/s, Materializing param=encoder.layer.21.attention.self.key.bias]
Loading weights:  89%|████████▊ | 347/391 [00:00<00:00, 24210.65it/s, Materializing param=encoder.layer.21.attention.self.key.weight]
Loading weights:  89%|████████▊ | 347/391 [00:00<00:00, 24210.65it/s, Materializing param=encoder.layer.21.attention.self.key.weight]
Loading weights:  89%|████████▉ | 348/391 [00:00<00:00, 24280.43it/s, Materializing param=encoder.layer.21.attention.self.query.bias]
Loading weights:  89%|████████▉ | 348/391 [00:00<00:00, 24280.43it/s, Materializing param=encoder.layer.21.attention.self.query.bias]
Loading weights:  89%|████████▉ | 349/391 [00:00<00:00, 24350.20it/s, Materializing param=encoder.layer.21.attention.self.query.weight]
Loading weights:  89%|████████▉ | 349/391 [00:00<00:00, 24350.20it/s, Materializing param=encoder.layer.21.attention.self.query.weight]
Loading weights:  90%|████████▉ | 350/391 [00:00<00:00, 24419.97it/s, Materializing param=encoder.layer.21.attention.self.value.bias]  
Loading weights:  90%|████████▉ | 350/391 [00:00<00:00, 24419.97it/s, Materializing param=encoder.layer.21.attention.self.value.bias]
Loading weights:  90%|████████▉ | 351/391 [00:00<00:00, 24489.74it/s, Materializing param=encoder.layer.21.attention.self.value.weight]
Loading weights:  90%|████████▉ | 351/391 [00:00<00:00, 24489.74it/s, Materializing param=encoder.layer.21.attention.self.value.weight]
Loading weights:  90%|█████████ | 352/391 [00:00<00:00, 24559.51it/s, Materializing param=encoder.layer.21.intermediate.dense.bias]    
Loading weights:  90%|█████████ | 352/391 [00:00<00:00, 24559.51it/s, Materializing param=encoder.layer.21.intermediate.dense.bias]
Loading weights:  90%|█████████ | 353/391 [00:00<00:00, 24629.28it/s, Materializing param=encoder.layer.21.intermediate.dense.weight]
Loading weights:  90%|█████████ | 353/391 [00:00<00:00, 24629.28it/s, Materializing param=encoder.layer.21.intermediate.dense.weight]
Loading weights:  91%|█████████ | 354/391 [00:00<00:00, 24699.05it/s, Materializing param=encoder.layer.21.output.LayerNorm.bias]    
Loading weights:  91%|█████████ | 354/391 [00:00<00:00, 24699.05it/s, Materializing param=encoder.layer.21.output.LayerNorm.bias]
Loading weights:  91%|█████████ | 355/391 [00:00<00:00, 24768.83it/s, Materializing param=encoder.layer.21.output.LayerNorm.weight]
Loading weights:  91%|█████████ | 355/391 [00:00<00:00, 24768.83it/s, Materializing param=encoder.layer.21.output.LayerNorm.weight]
Loading weights:  91%|█████████ | 356/391 [00:00<00:00, 24838.60it/s, Materializing param=encoder.layer.21.output.dense.bias]      
Loading weights:  91%|█████████ | 356/391 [00:00<00:00, 24838.60it/s, Materializing param=encoder.layer.21.output.dense.bias]
Loading weights:  91%|█████████▏| 357/391 [00:00<00:00, 24908.37it/s, Materializing param=encoder.layer.21.output.dense.weight]
Loading weights:  91%|█████████▏| 357/391 [00:00<00:00, 24908.37it/s, Materializing param=encoder.layer.21.output.dense.weight]
Loading weights:  92%|█████████▏| 358/391 [00:00<00:00, 24978.14it/s, Materializing param=encoder.layer.22.attention.output.LayerNorm.bias]
Loading weights:  92%|█████████▏| 358/391 [00:00<00:00, 24978.14it/s, Materializing param=encoder.layer.22.attention.output.LayerNorm.bias]
Loading weights:  92%|█████████▏| 359/391 [00:00<00:00, 25047.91it/s, Materializing param=encoder.layer.22.attention.output.LayerNorm.weight]
Loading weights:  92%|█████████▏| 359/391 [00:00<00:00, 25047.91it/s, Materializing param=encoder.layer.22.attention.output.LayerNorm.weight]
Loading weights:  92%|█████████▏| 360/391 [00:00<00:00, 25117.68it/s, Materializing param=encoder.layer.22.attention.output.dense.bias]      
Loading weights:  92%|█████████▏| 360/391 [00:00<00:00, 25117.68it/s, Materializing param=encoder.layer.22.attention.output.dense.bias]
Loading weights:  92%|█████████▏| 361/391 [00:00<00:00, 25187.45it/s, Materializing param=encoder.layer.22.attention.output.dense.weight]
Loading weights:  92%|█████████▏| 361/391 [00:00<00:00, 16680.55it/s, Materializing param=encoder.layer.22.attention.output.dense.weight]
Loading weights:  93%|█████████▎| 362/391 [00:00<00:00, 16726.76it/s, Materializing param=encoder.layer.22.attention.self.key.bias]      
Loading weights:  93%|█████████▎| 362/391 [00:00<00:00, 16726.76it/s, Materializing param=encoder.layer.22.attention.self.key.bias]
Loading weights:  93%|█████████▎| 363/391 [00:00<00:00, 16772.97it/s, Materializing param=encoder.layer.22.attention.self.key.weight]
Loading weights:  93%|█████████▎| 363/391 [00:00<00:00, 16772.97it/s, Materializing param=encoder.layer.22.attention.self.key.weight]
Loading weights:  93%|█████████▎| 364/391 [00:00<00:00, 16819.17it/s, Materializing param=encoder.layer.22.attention.self.query.bias]
Loading weights:  93%|█████████▎| 364/391 [00:00<00:00, 16819.17it/s, Materializing param=encoder.layer.22.attention.self.query.bias]
Loading weights:  93%|█████████▎| 365/391 [00:00<00:00, 16865.38it/s, Materializing param=encoder.layer.22.attention.self.query.weight]
Loading weights:  93%|█████████▎| 365/391 [00:00<00:00, 16865.38it/s, Materializing param=encoder.layer.22.attention.self.query.weight]
Loading weights:  94%|█████████▎| 366/391 [00:00<00:00, 16911.58it/s, Materializing param=encoder.layer.22.attention.self.value.bias]  
Loading weights:  94%|█████████▎| 366/391 [00:00<00:00, 16911.58it/s, Materializing param=encoder.layer.22.attention.self.value.bias]
Loading weights:  94%|█████████▍| 367/391 [00:00<00:00, 16957.79it/s, Materializing param=encoder.layer.22.attention.self.value.weight]
Loading weights:  94%|█████████▍| 367/391 [00:00<00:00, 16957.79it/s, Materializing param=encoder.layer.22.attention.self.value.weight]
Loading weights:  94%|█████████▍| 368/391 [00:00<00:00, 17004.00it/s, Materializing param=encoder.layer.22.intermediate.dense.bias]    
Loading weights:  94%|█████████▍| 368/391 [00:00<00:00, 17004.00it/s, Materializing param=encoder.layer.22.intermediate.dense.bias]
Loading weights:  94%|█████████▍| 369/391 [00:00<00:00, 17050.20it/s, Materializing param=encoder.layer.22.intermediate.dense.weight]
Loading weights:  94%|█████████▍| 369/391 [00:00<00:00, 17050.20it/s, Materializing param=encoder.layer.22.intermediate.dense.weight]
Loading weights:  95%|█████████▍| 370/391 [00:00<00:00, 17096.41it/s, Materializing param=encoder.layer.22.output.LayerNorm.bias]    
Loading weights:  95%|█████████▍| 370/391 [00:00<00:00, 17096.41it/s, Materializing param=encoder.layer.22.output.LayerNorm.bias]
Loading weights:  95%|█████████▍| 371/391 [00:00<00:00, 17142.62it/s, Materializing param=encoder.layer.22.output.LayerNorm.weight]
Loading weights:  95%|█████████▍| 371/391 [00:00<00:00, 17142.62it/s, Materializing param=encoder.layer.22.output.LayerNorm.weight]
Loading weights:  95%|█████████▌| 372/391 [00:00<00:00, 17188.82it/s, Materializing param=encoder.layer.22.output.dense.bias]      
Loading weights:  95%|█████████▌| 372/391 [00:00<00:00, 17188.82it/s, Materializing param=encoder.layer.22.output.dense.bias]
Loading weights:  95%|█████████▌| 373/391 [00:00<00:00, 17235.03it/s, Materializing param=encoder.layer.22.output.dense.weight]
Loading weights:  95%|█████████▌| 373/391 [00:00<00:00, 17235.03it/s, Materializing param=encoder.layer.22.output.dense.weight]
Loading weights:  96%|█████████▌| 374/391 [00:00<00:00, 17281.24it/s, Materializing param=encoder.layer.23.attention.output.LayerNorm.bias]
Loading weights:  96%|█████████▌| 374/391 [00:00<00:00, 17281.24it/s, Materializing param=encoder.layer.23.attention.output.LayerNorm.bias]
Loading weights:  96%|█████████▌| 375/391 [00:00<00:00, 17327.44it/s, Materializing param=encoder.layer.23.attention.output.LayerNorm.weight]
Loading weights:  96%|█████████▌| 375/391 [00:00<00:00, 17327.44it/s, Materializing param=encoder.layer.23.attention.output.LayerNorm.weight]
Loading weights:  96%|█████████▌| 376/391 [00:00<00:00, 17373.65it/s, Materializing param=encoder.layer.23.attention.output.dense.bias]      
Loading weights:  96%|█████████▌| 376/391 [00:00<00:00, 17373.65it/s, Materializing param=encoder.layer.23.attention.output.dense.bias]
Loading weights:  96%|█████████▋| 377/391 [00:00<00:00, 16740.09it/s, Materializing param=encoder.layer.23.attention.output.dense.weight]
Loading weights:  96%|█████████▋| 377/391 [00:00<00:00, 16740.09it/s, Materializing param=encoder.layer.23.attention.output.dense.weight]
Loading weights:  97%|█████████▋| 378/391 [00:00<00:00, 16784.50it/s, Materializing param=encoder.layer.23.attention.self.key.bias]      
Loading weights:  97%|█████████▋| 378/391 [00:00<00:00, 16784.50it/s, Materializing param=encoder.layer.23.attention.self.key.bias]
Loading weights:  97%|█████████▋| 379/391 [00:00<00:00, 16828.90it/s, Materializing param=encoder.layer.23.attention.self.key.weight]
Loading weights:  97%|█████████▋| 379/391 [00:00<00:00, 16828.90it/s, Materializing param=encoder.layer.23.attention.self.key.weight]
Loading weights:  97%|█████████▋| 380/391 [00:00<00:00, 16873.31it/s, Materializing param=encoder.layer.23.attention.self.query.bias]
Loading weights:  97%|█████████▋| 380/391 [00:00<00:00, 16873.31it/s, Materializing param=encoder.layer.23.attention.self.query.bias]
Loading weights:  97%|█████████▋| 381/391 [00:00<00:00, 16917.71it/s, Materializing param=encoder.layer.23.attention.self.query.weight]
Loading weights:  97%|█████████▋| 381/391 [00:00<00:00, 16917.71it/s, Materializing param=encoder.layer.23.attention.self.query.weight]
Loading weights:  98%|█████████▊| 382/391 [00:00<00:00, 16962.11it/s, Materializing param=encoder.layer.23.attention.self.value.bias]  
Loading weights:  98%|█████████▊| 382/391 [00:00<00:00, 16962.11it/s, Materializing param=encoder.layer.23.attention.self.value.bias]
Loading weights:  98%|█████████▊| 383/391 [00:00<00:00, 17006.52it/s, Materializing param=encoder.layer.23.attention.self.value.weight]
Loading weights:  98%|█████████▊| 383/391 [00:00<00:00, 17006.52it/s, Materializing param=encoder.layer.23.attention.self.value.weight]
Loading weights:  98%|█████████▊| 384/391 [00:00<00:00, 17050.92it/s, Materializing param=encoder.layer.23.intermediate.dense.bias]    
Loading weights:  98%|█████████▊| 384/391 [00:00<00:00, 17050.92it/s, Materializing param=encoder.layer.23.intermediate.dense.bias]
Loading weights:  98%|█████████▊| 385/391 [00:00<00:00, 16813.55it/s, Materializing param=encoder.layer.23.intermediate.dense.weight]
Loading weights:  98%|█████████▊| 385/391 [00:00<00:00, 16813.55it/s, Materializing param=encoder.layer.23.intermediate.dense.weight]
Loading weights:  99%|█████████▊| 386/391 [00:00<00:00, 16857.22it/s, Materializing param=encoder.layer.23.output.LayerNorm.bias]    
Loading weights:  99%|█████████▊| 386/391 [00:00<00:00, 16857.22it/s, Materializing param=encoder.layer.23.output.LayerNorm.bias]
Loading weights:  99%|█████████▉| 387/391 [00:00<00:00, 16900.89it/s, Materializing param=encoder.layer.23.output.LayerNorm.weight]
Loading weights:  99%|█████████▉| 387/391 [00:00<00:00, 16900.89it/s, Materializing param=encoder.layer.23.output.LayerNorm.weight]
Loading weights:  99%|█████████▉| 388/391 [00:00<00:00, 16944.57it/s, Materializing param=encoder.layer.23.output.dense.bias]      
Loading weights:  99%|█████████▉| 388/391 [00:00<00:00, 16944.57it/s, Materializing param=encoder.layer.23.output.dense.bias]
Loading weights:  99%|█████████▉| 389/391 [00:00<00:00, 16988.24it/s, Materializing param=encoder.layer.23.output.dense.weight]
Loading weights:  99%|█████████▉| 389/391 [00:00<00:00, 16988.24it/s, Materializing param=encoder.layer.23.output.dense.weight]
Loading weights: 100%|█████████▉| 390/391 [00:00<00:00, 17031.91it/s, Materializing param=pooler.dense.bias]                   
Loading weights: 100%|█████████▉| 390/391 [00:00<00:00, 17031.91it/s, Materializing param=pooler.dense.bias]
Loading weights: 100%|██████████| 391/391 [00:00<00:00, 17075.58it/s, Materializing param=pooler.dense.weight]
Loading weights: 100%|██████████| 391/391 [00:00<00:00, 17075.58it/s, Materializing param=pooler.dense.weight]
Loading weights: 100%|██████████| 391/391 [00:00<00:00, 17075.58it/s, Materializing param=pooler.dense.weight]
[GovernedAppRunner._c0_retrieve] search degraded to empty results app=apps_research: Collection [process_docs] does not exist
hop_pipeline: stage 2 (company_brief) failed: CompanyBriefUnavailableError: Unify Consulting: v2 research returned no grounded findings
[ledger.writer] router_l4_uwg append failed: no such table: events
[ledger.writer] router_l4_uwg append failed: no such table: events
research_brief_uwg_writer: UWG blocked run_id=bridge:rg_research_bridge:99c775be:53d1ba1f-227b-4ff5-85e9-be27954e414d reasons=('missing_clearance_proof_id', 'missing_registry_digest_set', 'commit_request_signature_invalid', 'missing_staged_diff_hash')

Processing:   0%|          | 0/4 [00:00<?, ?item/s]
Processing: 100%|██████████| 4/4 [00:00<?, ?item/s]
